{
  "results": [
    {
      "command": "LOGOS (compiled)",
      "mean": 0.0004888176999999999,
      "stddev": 0.00005109820986655664,
      "median": 0.00047653050000000003,
      "user": 0.00022559999999999998,
      "system": 0.00022569999999999998,
      "min": 0.00044117900000000004,
      "max": 0.000591045,
      "times": [
        0.000524183,
        0.000591045,
        0.0005057680000000001,
        0.000502695,
        0.0005344190000000001,
        0.00044698400000000004,
        0.000449912,
        0.00044162600000000003,
        0.000450366,
        0.00044117900000000004
      ],
      "exit_codes": [
        0,
        0,
        0,
        0,
        0,
        0,
        0,
        0,
        0,
        0
      ]
    },
    {
      "command": "LOGOS (interpreted)",
      "mean": 0.17532424984,
      "stddev": 0.0036512597249374447,
      "median": 0.17421992704,
      "user": 0.17440319999999998,
      "system": 0.000815992,
      "min": 0.17107916454,
      "max": 0.18407809554000001,
      "times": [
        0.17424524154,
        0.17312256654,
        0.17107916454,
        0.17390873054,
        0.17473335154,
        0.17744365754,
        0.17758284354,
        0.17419461254,
        0.18407809554000001,
        0.17285423454
      ],
      "exit_codes": [
        0,
        0,
        0,
        0,
        0,
        0,
        0,
        0,
        0,
        0
      ]
    }
  ]
}
