{
  "results": [
    {
      "command": "LOGOS (compiled)",
      "mean": 0.017140506500000003,
      "stddev": 0.004226216289254051,
      "median": 0.015727183500000002,
      "user": 0.0164562,
      "system": 0.0005916,
      "min": 0.012825604,
      "max": 0.025974924,
      "times": [
        0.020280551,
        0.025974924,
        0.016409108000000002,
        0.021570124000000003,
        0.015045259000000002,
        0.014680099,
        0.012825604,
        0.016876636,
        0.012827633000000001,
        0.014915127
      ],
      "exit_codes": [
        0,
        0,
        0,
        0,
        0,
        0,
        0,
        0,
        0,
        0
      ]
    },
    {
      "command": "LOGOS (interpreted)",
      "mean": 0.23586883178000004,
      "stddev": 0.0033324867020761255,
      "median": 0.23638359478000004,
      "user": 0.23539112,
      "system": 0.00044912800000000003,
      "min": 0.23082910278000002,
      "max": 0.23990231178000002,
      "times": [
        0.23870629678000002,
        0.23983023478,
        0.23411952178000003,
        0.23708778578000003,
        0.23791480378000002,
        0.23082910278000002,
        0.23990231178000002,
        0.23567940378000002,
        0.23277361178000003,
        0.23184524478000001
      ],
      "exit_codes": [
        0,
        0,
        0,
        0,
        0,
        0,
        0,
        0,
        0,
        0
      ]
    }
  ]
}
