{
  "results": [
    {
      "command": "Python",
      "mean": 0.13867688020000002,
      "stddev": 0.002371036779115449,
      "median": 0.1380450875,
      "user": 0.07430079999999999,
      "system": 0.0632934,
      "min": 0.136353473,
      "max": 0.144431066,
      "times": [
        0.136353473,
        0.13879296000000002,
        0.138656373,
        0.137429135,
        0.13743380200000002,
        0.13722214600000002,
        0.13922059,
        0.14042457800000002,
        0.144431066,
        0.136804679
      ],
      "exit_codes": [
        0,
        0,
        0,
        0,
        0,
        0,
        0,
        0,
        0,
        0
      ]
    }
  ]
}
