{
  "results": [
    {
      "command": "JavaScript (Node)",
      "mean": 0.020942479300000004,
      "stddev": 0.001949452839669295,
      "median": 0.020232821,
      "user": 0.0161301,
      "system": 0.005542699999999999,
      "min": 0.01854201,
      "max": 0.024040587000000002,
      "times": [
        0.019915178000000002,
        0.02401872,
        0.021772907,
        0.02007545,
        0.019652675,
        0.01854201,
        0.019002285,
        0.020390192,
        0.024040587000000002,
        0.022014789
      ],
      "exit_codes": [
        0,
        0,
        0,
        0,
        0,
        0,
        0,
        0,
        0,
        0
      ]
    }
  ]
}
