{
  "results": [
    {
      "command": "Ruby",
      "mean": 0.06693550170000001,
      "stddev": 0.00437255609848712,
      "median": 0.0655632445,
      "user": 0.0584513,
      "system": 0.0083078,
      "min": 0.062373865,
      "max": 0.074504576,
      "times": [
        0.06634326900000001,
        0.069729524,
        0.072198195,
        0.062916148,
        0.062373865,
        0.06478322,
        0.063109488,
        0.070058589,
        0.074504576,
        0.063338143
      ],
      "exit_codes": [
        0,
        0,
        0,
        0,
        0,
        0,
        0,
        0,
        0,
        0
      ]
    }
  ]
}
