{
  "results": [
    {
      "command": "JavaScript (Node)",
      "mean": 0.027004308900000003,
      "stddev": 0.008987671033818168,
      "median": 0.024967491,
      "user": 0.022039,
      "system": 0.0058459,
      "min": 0.018758756,
      "max": 0.049658735,
      "times": [
        0.049658735,
        0.018758756,
        0.024147114,
        0.020838346,
        0.021735901000000002,
        0.026073816000000003,
        0.033214072000000004,
        0.028246631,
        0.025787868000000002,
        0.02158185
      ],
      "exit_codes": [
        0,
        0,
        0,
        0,
        0,
        0,
        0,
        0,
        0,
        0
      ]
    }
  ]
}
