{
  "results": [
    {
      "command": "LOGOS (tiered)",
      "mean": 0.019580545120000004,
      "stddev": 0.004864921600056835,
      "median": 0.018212208620000003,
      "user": 0.01292082,
      "system": 0.00664496,
      "min": 0.013663510120000001,
      "max": 0.02915313312,
      "times": [
        0.013663510120000001,
        0.01863136512,
        0.016283244120000002,
        0.017092546120000003,
        0.015168030120000002,
        0.017793052120000003,
        0.02265222412,
        0.02915313312,
        0.019765912120000003,
        0.025602434120000003
      ],
      "exit_codes": [
        0,
        0,
        0,
        0,
        0,
        0,
        0,
        0,
        0,
        0
      ]
    }
  ]
}
