{
  "results": [
    {
      "command": "LOGOS (interpreted)",
      "mean": 0.027304791120000005,
      "stddev": 0.004568819561232133,
      "median": 0.02689926502,
      "user": 0.020812080000000004,
      "system": 0.006434960000000001,
      "min": 0.022080840520000002,
      "max": 0.03745325052,
      "times": [
        0.02482596452,
        0.029199404520000003,
        0.02334543952,
        0.022080840520000002,
        0.027571213520000002,
        0.03010726052,
        0.026227316520000002,
        0.03745325052,
        0.022934611520000002,
        0.02930260952
      ],
      "exit_codes": [
        0,
        0,
        0,
        0,
        0,
        0,
        0,
        0,
        0,
        0
      ]
    }
  ]
}
