{
  "results": [
    {
      "command": "LOGOS (tiered)",
      "mean": 0.01679647558,
      "stddev": 0.0029973584532947233,
      "median": 0.015991849580000002,
      "user": 0.01120908,
      "system": 0.00554614,
      "min": 0.014437124580000002,
      "max": 0.024639239580000003,
      "times": [
        0.014499141580000001,
        0.014437124580000002,
        0.015607743580000003,
        0.01660072358,
        0.015365992580000001,
        0.018468714580000004,
        0.024639239580000003,
        0.01637595558,
        0.015386521580000003,
        0.01658359858
      ],
      "exit_codes": [
        0,
        0,
        0,
        0,
        0,
        0,
        0,
        0,
        0,
        0
      ]
    }
  ]
}
