{
  "results": [
    {
      "command": "Python",
      "mean": 0.1443719945,
      "stddev": 0.004870327348205831,
      "median": 0.142401542,
      "user": 0.075803,
      "system": 0.06714869999999999,
      "min": 0.139235453,
      "max": 0.15357985400000002,
      "times": [
        0.14204612900000002,
        0.144370212,
        0.139826629,
        0.146879971,
        0.15163663000000002,
        0.139235453,
        0.15357985400000002,
        0.141341983,
        0.14206180000000002,
        0.142741284
      ],
      "exit_codes": [
        0,
        0,
        0,
        0,
        0,
        0,
        0,
        0,
        0,
        0
      ]
    }
  ]
}
