{
  "results": [
    {
      "command": "Ruby",
      "mean": 0.06710374160000002,
      "stddev": 0.0038666003452100237,
      "median": 0.064963096,
      "user": 0.059030099999999995,
      "system": 0.007897099999999999,
      "min": 0.062763856,
      "max": 0.07350735600000001,
      "times": [
        0.06988319500000001,
        0.07350735600000001,
        0.065067607,
        0.064073167,
        0.064729488,
        0.06485858500000001,
        0.070539452,
        0.071692381,
        0.062763856,
        0.063922329
      ],
      "exit_codes": [
        0,
        0,
        0,
        0,
        0,
        0,
        0,
        0,
        0,
        0
      ]
    }
  ]
}
