{
  "results": [
    {
      "command": "LOGOS (interpreted)",
      "mean": 0.0029219869400000003,
      "stddev": 0.00022292601466595248,
      "median": 0.00293006124,
      "user": 0.0017347799999999996,
      "system": 0.0011803039999999996,
      "min": 0.0024540037400000003,
      "max": 0.0032750457400000004,
      "times": [
        0.00288417174,
        0.00315532574,
        0.0030291337400000003,
        0.0032750457400000004,
        0.00273977274,
        0.0029303297400000003,
        0.0029477547400000004,
        0.00292979274,
        0.0028745387400000003,
        0.0024540037400000003
      ],
      "exit_codes": [
        0,
        0,
        0,
        0,
        0,
        0,
        0,
        0,
        0,
        0
      ]
    }
  ]
}
