{
  "results": [
    {
      "command": "Ruby",
      "mean": 1.8680837991,
      "stddev": 0.015406607702433362,
      "median": 1.869026328,
      "user": 1.7979664999999998,
      "system": 0.06980259999999999,
      "min": 1.843760051,
      "max": 1.8949310750000001,
      "times": [
        1.868191825,
        1.846277516,
        1.8710318620000002,
        1.843760051,
        1.866228097,
        1.871570137,
        1.869860831,
        1.8635682130000002,
        1.8949310750000001,
        1.885418384
      ],
      "exit_codes": [
        0,
        0,
        0,
        0,
        0,
        0,
        0,
        0,
        0,
        0
      ]
    }
  ]
}
