{
  "results": [
    {
      "command": "JavaScript (Node)",
      "mean": 0.18939758610000001,
      "stddev": 0.006904621601299368,
      "median": 0.18902376,
      "user": 0.1202437,
      "system": 0.07191460000000001,
      "min": 0.17937935600000002,
      "max": 0.200792723,
      "times": [
        0.17948445100000002,
        0.17937935600000002,
        0.200792723,
        0.193041336,
        0.18678150400000001,
        0.187384515,
        0.186514954,
        0.193473886,
        0.196460131,
        0.19066300500000002
      ],
      "exit_codes": [
        0,
        0,
        0,
        0,
        0,
        0,
        0,
        0,
        0,
        0
      ]
    }
  ]
}
