{
  "results": [
    {
      "command": "Python",
      "mean": 5.4885109281,
      "stddev": 0.11313486791829991,
      "median": 5.4910002285,
      "user": 5.171570999999999,
      "system": 0.31651170000000006,
      "min": 5.346938558,
      "max": 5.7446709160000005,
      "times": [
        5.7446709160000005,
        5.510851262,
        5.412738609,
        5.471149195,
        5.360026323,
        5.346938558,
        5.513848535,
        5.457879051,
        5.512820124,
        5.554186708
      ],
      "exit_codes": [
        0,
        0,
        0,
        0,
        0,
        0,
        0,
        0,
        0,
        0
      ]
    }
  ]
}
