{
  "results": [
    {
      "command": "Python",
      "mean": 2.1618767872999998,
      "stddev": 0.04400305712278017,
      "median": 2.1542622165000003,
      "user": 1.9032380999999998,
      "system": 0.25826360000000004,
      "min": 2.111229434,
      "max": 2.234710727,
      "times": [
        2.172202704,
        2.143961415,
        2.234710727,
        2.226757902,
        2.137208387,
        2.188321941,
        2.126277319,
        2.164563018,
        2.111229434,
        2.113535026
      ],
      "exit_codes": [
        0,
        0,
        0,
        0,
        0,
        0,
        0,
        0,
        0,
        0
      ]
    }
  ]
}
