{
  "results": [
    {
      "command": "LOGOS (interpreted)",
      "mean": 0.42144096928,
      "stddev": 0.021807037771197878,
      "median": 0.41188920198,
      "user": 0.3619775799999999,
      "system": 0.059242059999999985,
      "min": 0.40339063798,
      "max": 0.46407397398000005,
      "times": [
        0.41253720298,
        0.41124120098000005,
        0.40929093998000005,
        0.42251539898000007,
        0.41464594598000004,
        0.40339063798,
        0.40953772798000004,
        0.40788358298000005,
        0.46407397398000005,
        0.45929308098000005
      ],
      "exit_codes": [
        0,
        0,
        0,
        0,
        0,
        0,
        0,
        0,
        0,
        0
      ]
    }
  ]
}
