{
  "results": [
    {
      "command": "Python",
      "mean": 2.1407298973,
      "stddev": 0.06485024317752734,
      "median": 2.118379451,
      "user": 1.9072445999999998,
      "system": 0.2331912,
      "min": 2.065343827,
      "max": 2.263231308,
      "times": [
        2.153437206,
        2.104763727,
        2.166200735,
        2.235951707,
        2.089993278,
        2.116948834,
        2.065343827,
        2.263231308,
        2.091618283,
        2.119810068
      ],
      "exit_codes": [
        0,
        0,
        0,
        0,
        0,
        0,
        0,
        0,
        0,
        0
      ]
    }
  ]
}
