{
  "results": [
    {
      "command": "JavaScript (Node)",
      "mean": 0.24447448170000002,
      "stddev": 0.005482808996072203,
      "median": 0.24326494950000002,
      "user": 0.1901331,
      "system": 0.05745279999999999,
      "min": 0.23544624,
      "max": 0.253492681,
      "times": [
        0.24452031600000002,
        0.24296584300000001,
        0.25146544600000004,
        0.24929160900000003,
        0.253492681,
        0.24204070700000002,
        0.242020067,
        0.239937852,
        0.23544624,
        0.24356405600000003
      ],
      "exit_codes": [
        0,
        0,
        0,
        0,
        0,
        0,
        0,
        0,
        0,
        0
      ]
    }
  ]
}
