{
  "results": [
    {
      "command": "LOGOS (tiered)",
      "mean": 0.11147648868,
      "stddev": 0.0026445848627414913,
      "median": 0.11073118308,
      "user": 0.08497111999999998,
      "system": 0.02623092,
      "min": 0.10752235058000001,
      "max": 0.11732567858000001,
      "times": [
        0.11005305258,
        0.10993722558,
        0.11091177158,
        0.11029808158,
        0.10752235058000001,
        0.11220211558,
        0.11224845858,
        0.11055059458000001,
        0.11371555758,
        0.11732567858000001
      ],
      "exit_codes": [
        0,
        0,
        0,
        0,
        0,
        0,
        0,
        0,
        0,
        0
      ]
    }
  ]
}
