{
  "results": [
    {
      "command": "LOGOS (interpreted)",
      "mean": 0.11247174156000002,
      "stddev": 0.003106499658698482,
      "median": 0.11323840026000001,
      "user": 0.08597353999999999,
      "system": 0.02622048,
      "min": 0.10802100926000001,
      "max": 0.11777272926,
      "times": [
        0.11272615226,
        0.11497934326,
        0.11389147826000001,
        0.11147102026000001,
        0.10815598926,
        0.11375064826,
        0.10802100926000001,
        0.11407427426000001,
        0.11777272926,
        0.10987477126
      ],
      "exit_codes": [
        0,
        0,
        0,
        0,
        0,
        0,
        0,
        0,
        0,
        0
      ]
    }
  ]
}
