{
  "results": [
    {
      "command": "LOGOS (tiered)",
      "mean": 0.15035675625999997,
      "stddev": 0.004296960696149749,
      "median": 0.15033774356000001,
      "user": 0.08985914,
      "system": 0.060257539999999984,
      "min": 0.14255085506,
      "max": 0.15740836806,
      "times": [
        0.15740836806,
        0.14255085506,
        0.14939985606,
        0.15127563106,
        0.15263833406,
        0.14681075506,
        0.15397492506000002,
        0.14763340306,
        0.15365755006,
        0.14821788506
      ],
      "exit_codes": [
        0,
        0,
        0,
        0,
        0,
        0,
        0,
        0,
        0,
        0
      ]
    }
  ]
}
