{
  "results": [
    {
      "command": "LOGOS (interpreted)",
      "mean": 0.15115135438,
      "stddev": 0.00580022546341999,
      "median": 0.14939671948000002,
      "user": 0.0922035,
      "system": 0.0586634,
      "min": 0.14323739748000003,
      "max": 0.15988928748000003,
      "times": [
        0.14954003848000003,
        0.15487641248000003,
        0.14446510248000002,
        0.14763591648000002,
        0.14323739748000003,
        0.15938263548,
        0.15465603648,
        0.15988928748000003,
        0.14925340048000002,
        0.14857731648000003
      ],
      "exit_codes": [
        0,
        0,
        0,
        0,
        0,
        0,
        0,
        0,
        0,
        0
      ]
    }
  ]
}
