{
  "results": [
    {
      "command": "JavaScript (Node)",
      "mean": 0.2469777896,
      "stddev": 0.005988938961448387,
      "median": 0.2454422025,
      "user": 0.1883549,
      "system": 0.0614498,
      "min": 0.23972548700000001,
      "max": 0.255743351,
      "times": [
        0.244014897,
        0.255505295,
        0.24015022300000002,
        0.24425511700000002,
        0.246629288,
        0.241908953,
        0.255743351,
        0.250247524,
        0.25159776100000003,
        0.23972548700000001
      ],
      "exit_codes": [
        0,
        0,
        0,
        0,
        0,
        0,
        0,
        0,
        0,
        0
      ]
    }
  ]
}
