{
  "results": [
    {
      "command": "LOGOS (interpreted)",
      "mean": 0.14701506970000003,
      "stddev": 0.004349350748796507,
      "median": 0.1476205452,
      "user": 0.08708534,
      "system": 0.05977314,
      "min": 0.13957774120000002,
      "max": 0.15390279320000003,
      "times": [
        0.14824902820000002,
        0.1498436462,
        0.14551442920000002,
        0.13957774120000002,
        0.14699206220000002,
        0.1498243482,
        0.1490342192,
        0.15390279320000003,
        0.1404037522,
        0.14680867720000002
      ],
      "exit_codes": [
        0,
        0,
        0,
        0,
        0,
        0,
        0,
        0,
        0,
        0
      ]
    }
  ]
}
