{
  "results": [
    {
      "command": "Ruby",
      "mean": 1.3385870327,
      "stddev": 0.012958516018100564,
      "median": 1.3323466335,
      "user": 1.2884821,
      "system": 0.04979979999999999,
      "min": 1.32470837,
      "max": 1.36435353,
      "times": [
        1.333623038,
        1.345400197,
        1.348614889,
        1.32470837,
        1.36435353,
        1.330263158,
        1.3508167150000001,
        1.330045799,
        1.331070229,
        1.326974402
      ],
      "exit_codes": [
        0,
        0,
        0,
        0,
        0,
        0,
        0,
        0,
        0,
        0
      ]
    }
  ]
}
