{
  "results": [
    {
      "command": "LOGOS (interpreted)",
      "mean": 0.33957618066000006,
      "stddev": 0.005910963833757851,
      "median": 0.33765360376000003,
      "user": 0.29327578,
      "system": 0.04616185999999999,
      "min": 0.33216649026000006,
      "max": 0.34831003026,
      "times": [
        0.34514709026000007,
        0.33614290626000004,
        0.33793640526,
        0.33590814226000004,
        0.33226672126000006,
        0.33737080226000005,
        0.34611672426000006,
        0.34831003026,
        0.33216649026000006,
        0.34439649426
      ],
      "exit_codes": [
        0,
        0,
        0,
        0,
        0,
        0,
        0,
        0,
        0,
        0
      ]
    }
  ]
}
