{
  "results": [
    {
      "command": "JavaScript (Node)",
      "mean": 0.18894729580000003,
      "stddev": 0.00528593894806377,
      "median": 0.18935035650000004,
      "user": 0.1197964,
      "system": 0.0716699,
      "min": 0.17912380900000002,
      "max": 0.19486862300000002,
      "times": [
        0.1945423,
        0.182308421,
        0.186259746,
        0.18993989600000002,
        0.19486862300000002,
        0.188322977,
        0.190656827,
        0.19468954200000002,
        0.17912380900000002,
        0.18876081700000003
      ],
      "exit_codes": [
        0,
        0,
        0,
        0,
        0,
        0,
        0,
        0,
        0,
        0
      ]
    }
  ]
}
