{
  "results": [
    {
      "command": "Python",
      "mean": 5.6144061362,
      "stddev": 0.10989764556076194,
      "median": 5.609009573,
      "user": 5.3002682,
      "system": 0.31359889999999996,
      "min": 5.451309506,
      "max": 5.8374434310000005,
      "times": [
        5.451309506,
        5.601214892,
        5.567812023,
        5.8374434310000005,
        5.532686127,
        5.73511765,
        5.616804254,
        5.626023046,
        5.527812539,
        5.647837894
      ],
      "exit_codes": [
        0,
        0,
        0,
        0,
        0,
        0,
        0,
        0,
        0,
        0
      ]
    }
  ]
}
