{
  "results": [
    {
      "command": "Python",
      "mean": 2.1740133567,
      "stddev": 0.02976751798631315,
      "median": 2.1803519825,
      "user": 1.921109,
      "system": 0.2525614,
      "min": 2.138894166,
      "max": 2.226038416,
      "times": [
        2.226038416,
        2.192203046,
        2.192956551,
        2.190992661,
        2.138894166,
        2.140199578,
        2.140683657,
        2.169711304,
        2.194027802,
        2.154426386
      ],
      "exit_codes": [
        0,
        0,
        0,
        0,
        0,
        0,
        0,
        0,
        0,
        0
      ]
    }
  ]
}
