{
  "results": [
    {
      "command": "Ruby",
      "mean": 1.8494721817000002,
      "stddev": 0.016591061475729137,
      "median": 1.8432657675,
      "user": 1.7858828,
      "system": 0.0632997,
      "min": 1.826499519,
      "max": 1.8799415860000002,
      "times": [
        1.8799415860000002,
        1.843390151,
        1.834641949,
        1.8409287870000002,
        1.86515698,
        1.849880213,
        1.843141384,
        1.826499519,
        1.842712063,
        1.868429185
      ],
      "exit_codes": [
        0,
        0,
        0,
        0,
        0,
        0,
        0,
        0,
        0,
        0
      ]
    }
  ]
}
