{
  "results": [
    {
      "command": "JavaScript (Node)",
      "mean": 0.2528886615,
      "stddev": 0.0074053520061507045,
      "median": 0.2517807125,
      "user": 0.1953333,
      "system": 0.0606569,
      "min": 0.24072528,
      "max": 0.268170892,
      "times": [
        0.24926821700000001,
        0.258511986,
        0.268170892,
        0.251266791,
        0.25673572100000003,
        0.251565284,
        0.251996141,
        0.246188699,
        0.24072528,
        0.254457604
      ],
      "exit_codes": [
        0,
        0,
        0,
        0,
        0,
        0,
        0,
        0,
        0,
        0
      ]
    }
  ]
}
