{
  "results": [
    {
      "command": "LOGOS (interpreted)",
      "mean": 0.10927621777999999,
      "stddev": 0.0036531230589398143,
      "median": 0.11037171258,
      "user": 0.08247131999999999,
      "system": 0.02659742,
      "min": 0.10356810708000001,
      "max": 0.11410300908000001,
      "times": [
        0.10566614508000001,
        0.10356810708000001,
        0.11163162608000002,
        0.10997734508000001,
        0.10838910608,
        0.11076608008000001,
        0.11165146508000001,
        0.11270679408,
        0.10430250008000001,
        0.11410300908000001
      ],
      "exit_codes": [
        0,
        0,
        0,
        0,
        0,
        0,
        0,
        0,
        0,
        0
      ]
    }
  ]
}
