{
  "results": [
    {
      "command": "Ruby",
      "mean": 1.3513775908,
      "stddev": 0.010574409977100751,
      "median": 1.348706998,
      "user": 1.299947,
      "system": 0.05119729999999999,
      "min": 1.339344442,
      "max": 1.376656936,
      "times": [
        1.347360518,
        1.339344442,
        1.347378368,
        1.358491167,
        1.344356343,
        1.353394916,
        1.376656936,
        1.3426067160000001,
        1.3541508740000001,
        1.350035628
      ],
      "exit_codes": [
        0,
        0,
        0,
        0,
        0,
        0,
        0,
        0,
        0,
        0
      ]
    }
  ]
}
