{
  "results": [
    {
      "command": "LOGOS (tiered)",
      "mean": 0.11179662658,
      "stddev": 0.0046658450284750505,
      "median": 0.11166323678000001,
      "user": 0.08473268000000002,
      "system": 0.02685068,
      "min": 0.10414441428000001,
      "max": 0.11788734728000001,
      "times": [
        0.11067712428000001,
        0.11788734728000001,
        0.11264934928,
        0.10414441428000001,
        0.10678211628,
        0.11513737528000001,
        0.10787855528000001,
        0.11000299828000001,
        0.11710227828000001,
        0.11570470728000001
      ],
      "exit_codes": [
        0,
        0,
        0,
        0,
        0,
        0,
        0,
        0,
        0,
        0
      ]
    }
  ]
}
