{
  "results": [
    {
      "command": "Python",
      "mean": 5.4613164902,
      "stddev": 0.09402165065828619,
      "median": 5.4338204445,
      "user": 5.1335578,
      "system": 0.3271851,
      "min": 5.355896723,
      "max": 5.64596808,
      "times": [
        5.385471463,
        5.363837773,
        5.406967699,
        5.64596808,
        5.5308060480000005,
        5.548078311,
        5.355896723,
        5.428912469,
        5.43872842,
        5.508497916
      ],
      "exit_codes": [
        0,
        0,
        0,
        0,
        0,
        0,
        0,
        0,
        0,
        0
      ]
    }
  ]
}
