{
  "results": [
    {
      "command": "Ruby",
      "mean": 1.3791497155,
      "stddev": 0.009420019667646985,
      "median": 1.3803179185,
      "user": 1.3228804000000003,
      "system": 0.056020199999999985,
      "min": 1.361727479,
      "max": 1.392011362,
      "times": [
        1.383902271,
        1.379928053,
        1.3807077840000002,
        1.384494239,
        1.390616735,
        1.392011362,
        1.3699691550000002,
        1.376083629,
        1.361727479,
        1.372056448
      ],
      "exit_codes": [
        0,
        0,
        0,
        0,
        0,
        0,
        0,
        0,
        0,
        0
      ]
    }
  ]
}
