{
  "results": [
    {
      "command": "Ruby",
      "mean": 1.8375718537,
      "stddev": 0.010172358305589081,
      "median": 1.838772057,
      "user": 1.7691377,
      "system": 0.0682091,
      "min": 1.820384379,
      "max": 1.853620945,
      "times": [
        1.839266561,
        1.826821871,
        1.836501922,
        1.853620945,
        1.843997396,
        1.838468024,
        1.828509482,
        1.820384379,
        1.83907609,
        1.8490718670000001
      ],
      "exit_codes": [
        0,
        0,
        0,
        0,
        0,
        0,
        0,
        0,
        0,
        0
      ]
    }
  ]
}
