{
  "results": [
    {
      "command": "JavaScript (Node)",
      "mean": 0.19107077620000004,
      "stddev": 0.006817561633062838,
      "median": 0.19157666900000003,
      "user": 0.11989109999999999,
      "system": 0.0738539,
      "min": 0.180511688,
      "max": 0.200262622,
      "times": [
        0.18984748,
        0.19455386100000002,
        0.181017603,
        0.180511688,
        0.19006678500000002,
        0.186688702,
        0.19308655300000002,
        0.19577939900000002,
        0.200262622,
        0.198893069
      ],
      "exit_codes": [
        0,
        0,
        0,
        0,
        0,
        0,
        0,
        0,
        0,
        0
      ]
    }
  ]
}
