{
  "results": [
    {
      "command": "LOGOS (tiered)",
      "mean": 0.14292214988000002,
      "stddev": 0.005038814655346657,
      "median": 0.14194045828000001,
      "user": 0.08122152,
      "system": 0.061462699999999995,
      "min": 0.13501220628000002,
      "max": 0.15176132928,
      "times": [
        0.14335174528,
        0.14262182028,
        0.14125909628,
        0.14093364628000002,
        0.15176132928,
        0.13501220628000002,
        0.13888385728,
        0.13947125328,
        0.14890444428000002,
        0.14702210028
      ],
      "exit_codes": [
        0,
        0,
        0,
        0,
        0,
        0,
        0,
        0,
        0,
        0
      ]
    }
  ]
}
