{
  "results": [
    {
      "command": "Python",
      "mean": 2.2940473239,
      "stddev": 0.00457468751399773,
      "median": 2.2943506659999997,
      "user": 2.2913632,
      "system": 0.0024001,
      "min": 2.287800063,
      "max": 2.300360922,
      "times": [
        2.28998063,
        2.292383632,
        2.289032658,
        2.296338715,
        2.290809417,
        2.298299552,
        2.300360922,
        2.287800063,
        2.2963177,
        2.29914995
      ],
      "exit_codes": [
        0,
        0,
        0,
        0,
        0,
        0,
        0,
        0,
        0,
        0
      ]
    }
  ]
}
