{
  "results": [
    {
      "command": "LOGOS (interpreted)",
      "mean": 0.18690992632000003,
      "stddev": 0.005207044894510853,
      "median": 0.18566964751999998,
      "user": 0.17518004,
      "system": 0.011588739999999998,
      "min": 0.17891844702,
      "max": 0.19740021502,
      "times": [
        0.18270104602,
        0.18698717202,
        0.18532404202,
        0.19238659202,
        0.18447549902,
        0.18493752502,
        0.19740021502,
        0.18601525302,
        0.18995347202,
        0.17891844702
      ],
      "exit_codes": [
        0,
        0,
        0,
        0,
        0,
        0,
        0,
        0,
        0,
        0
      ]
    }
  ]
}
