{
  "results": [
    {
      "command": "Ruby",
      "mean": 1.7953802335,
      "stddev": 0.016090053468150612,
      "median": 1.792681357,
      "user": 1.7861998999999997,
      "system": 0.008900599999999998,
      "min": 1.773197692,
      "max": 1.835872922,
      "times": [
        1.792892353,
        1.7913869930000001,
        1.773197692,
        1.835872922,
        1.792470361,
        1.7867241470000002,
        1.7984561650000002,
        1.7957809820000001,
        1.799680445,
        1.787340275
      ],
      "exit_codes": [
        0,
        0,
        0,
        0,
        0,
        0,
        0,
        0,
        0,
        0
      ]
    }
  ]
}
