{
  "results": [
    {
      "command": "LOGOS (tiered)",
      "mean": 0.3957688487,
      "stddev": 0.0033520696917353435,
      "median": 0.3954825025,
      "user": 0.38453002,
      "system": 0.010988139999999999,
      "min": 0.39143734,
      "max": 0.40188526,
      "times": [
        0.39192936500000003,
        0.40040605700000004,
        0.40188526,
        0.396938558,
        0.39143734,
        0.395870759,
        0.39580379,
        0.395015823,
        0.395161215,
        0.39324032000000003
      ],
      "exit_codes": [
        0,
        0,
        0,
        0,
        0,
        0,
        0,
        0,
        0,
        0
      ]
    }
  ]
}
