{
  "results": [
    {
      "command": "Python",
      "mean": 2.3342620279000004,
      "stddev": 0.007983935037869339,
      "median": 2.333264105,
      "user": 2.3322060999999996,
      "system": 0.0018000000000000002,
      "min": 2.322164161,
      "max": 2.350368046,
      "times": [
        2.330597751,
        2.338306388,
        2.3386535840000002,
        2.329066993,
        2.322164161,
        2.350368046,
        2.340113772,
        2.326821374,
        2.33289607,
        2.33363214
      ],
      "exit_codes": [
        0,
        0,
        0,
        0,
        0,
        0,
        0,
        0,
        0,
        0
      ]
    }
  ]
}
