{
  "results": [
    {
      "command": "JavaScript (Node)",
      "mean": 0.21930467890000002,
      "stddev": 0.006918341822308862,
      "median": 0.21864265300000002,
      "user": 0.21833159999999996,
      "system": 0.0049118,
      "min": 0.210563197,
      "max": 0.23388123800000002,
      "times": [
        0.216176466,
        0.22323895700000002,
        0.21184386500000002,
        0.217972993,
        0.223620699,
        0.210563197,
        0.22258846100000002,
        0.219312313,
        0.2138486,
        0.23388123800000002
      ],
      "exit_codes": [
        0,
        0,
        0,
        0,
        0,
        0,
        0,
        0,
        0,
        0
      ]
    }
  ]
}
