{
  "results": [
    {
      "command": "LOGOS (tiered)",
      "mean": 0.4046853908000001,
      "stddev": 0.0048224627636211876,
      "median": 0.4047714719,
      "user": 0.39442924,
      "system": 0.009947580000000001,
      "min": 0.3949419934,
      "max": 0.41265535740000003,
      "times": [
        0.3949419934,
        0.4053285224,
        0.40661099040000004,
        0.4073467334,
        0.4042144214,
        0.40329908140000004,
        0.40057091440000003,
        0.41265535740000003,
        0.40299240540000003,
        0.4088934884
      ],
      "exit_codes": [
        0,
        0,
        0,
        0,
        0,
        0,
        0,
        0,
        0,
        0
      ]
    }
  ]
}
