{
  "results": [
    {
      "command": "LOGOS (interpreted)",
      "mean": 0.19509534979999998,
      "stddev": 0.004727191524807963,
      "median": 0.1945270536,
      "user": 0.18378615999999998,
      "system": 0.011012420000000002,
      "min": 0.1881010091,
      "max": 0.2069833931,
      "times": [
        0.1962578871,
        0.1951410701,
        0.2069833931,
        0.1950747501,
        0.19337323110000001,
        0.1939793571,
        0.1935869951,
        0.1951012521,
        0.1881010091,
        0.1933545531
      ],
      "exit_codes": [
        0,
        0,
        0,
        0,
        0,
        0,
        0,
        0,
        0,
        0
      ]
    }
  ]
}
