{
  "results": [
    {
      "command": "Ruby",
      "mean": 1.8056630132999998,
      "stddev": 0.023243983897225456,
      "median": 1.797971616,
      "user": 1.7966649999999997,
      "system": 0.008699799999999999,
      "min": 1.7821548360000001,
      "max": 1.859752389,
      "times": [
        1.7821548360000001,
        1.8014365730000002,
        1.7899525330000001,
        1.859752389,
        1.787145451,
        1.8085349220000002,
        1.794506659,
        1.793268233,
        1.826369759,
        1.813508778
      ],
      "exit_codes": [
        0,
        0,
        0,
        0,
        0,
        0,
        0,
        0,
        0,
        0
      ]
    }
  ]
}
