{
  "results": [
    {
      "command": "JavaScript (Node)",
      "mean": 0.2208859828,
      "stddev": 0.0052246105801823425,
      "median": 0.2195808555,
      "user": 0.217061,
      "system": 0.0080094,
      "min": 0.21688493800000003,
      "max": 0.233730235,
      "times": [
        0.21736112800000001,
        0.217026713,
        0.221537327,
        0.219057212,
        0.217224677,
        0.21688493800000003,
        0.220104499,
        0.225303772,
        0.22062932700000001,
        0.233730235
      ],
      "exit_codes": [
        0,
        0,
        0,
        0,
        0,
        0,
        0,
        0,
        0,
        0
      ]
    }
  ]
}
