{
  "results": [
    {
      "command": "Ruby",
      "mean": 1.8108674172,
      "stddev": 0.014032651057316351,
      "median": 1.8128407895,
      "user": 1.8002946999999998,
      "system": 0.0102993,
      "min": 1.7874981920000002,
      "max": 1.828749777,
      "times": [
        1.828749777,
        1.8216438560000001,
        1.80517767,
        1.792079506,
        1.7874981920000002,
        1.8037467930000002,
        1.8197218140000002,
        1.822951258,
        1.805959765,
        1.821145541
      ],
      "exit_codes": [
        0,
        0,
        0,
        0,
        0,
        0,
        0,
        0,
        0,
        0
      ]
    }
  ]
}
