{
  "results": [
    {
      "command": "LOGOS (interpreted)",
      "mean": 0.8198372553000001,
      "stddev": 0.05577089804436253,
      "median": 0.8024757166,
      "user": 0.80809496,
      "system": 0.011476260000000002,
      "min": 0.7913261996000001,
      "max": 0.9774191646000001,
      "times": [
        0.8029596646000001,
        0.7913261996000001,
        0.8120071096000001,
        0.8128527796000001,
        0.8019917686000001,
        0.8005289016000001,
        0.8056926266000001,
        0.7962419896000001,
        0.7973523486000001,
        0.9774191646000001
      ],
      "exit_codes": [
        0,
        0,
        0,
        0,
        0,
        0,
        0,
        0,
        0,
        0
      ]
    }
  ]
}
