{
  "results": [
    {
      "command": "Python",
      "mean": 2.3140906461,
      "stddev": 0.012239811207529532,
      "median": 2.3118779849999997,
      "user": 2.3106465,
      "system": 0.0030998999999999996,
      "min": 2.294483773,
      "max": 2.338945709,
      "times": [
        2.321054005,
        2.309878516,
        2.312583867,
        2.309390053,
        2.294483773,
        2.338945709,
        2.321606015,
        2.320118718,
        2.311172103,
        2.301673702
      ],
      "exit_codes": [
        0,
        0,
        0,
        0,
        0,
        0,
        0,
        0,
        0,
        0
      ]
    }
  ]
}
