{
  "results": [
    {
      "command": "JavaScript (Node)",
      "mean": 0.21963098090000002,
      "stddev": 0.006226742559746157,
      "median": 0.21980203450000002,
      "user": 0.21723809999999996,
      "system": 0.0067122,
      "min": 0.21175861,
      "max": 0.23294408600000002,
      "times": [
        0.22070709000000002,
        0.217148468,
        0.23294408600000002,
        0.22109578200000002,
        0.22004626800000002,
        0.21378854500000002,
        0.21175861,
        0.22537438,
        0.21955780100000002,
        0.213888779
      ],
      "exit_codes": [
        0,
        0,
        0,
        0,
        0,
        0,
        0,
        0,
        0,
        0
      ]
    }
  ]
}
