{
  "results": [
    {
      "command": "JavaScript (Node)",
      "mean": 0.2610617009,
      "stddev": 0.016984706042935692,
      "median": 0.2615409495,
      "user": 0.2595875,
      "system": 0.005207,
      "min": 0.24005999100000003,
      "max": 0.28213013000000003,
      "times": [
        0.24005999100000003,
        0.24389428600000002,
        0.275007738,
        0.27616854900000004,
        0.24750902200000002,
        0.275144137,
        0.24642912600000003,
        0.24807416100000002,
        0.28213013000000003,
        0.27619986900000004
      ],
      "exit_codes": [
        0,
        0,
        0,
        0,
        0,
        0,
        0,
        0,
        0,
        0
      ]
    }
  ]
}
