{
  "results": [
    {
      "command": "LOGOS (interpreted)",
      "mean": 1.2902594598000001,
      "stddev": 0.008545125786429549,
      "median": 1.2917504774000002,
      "user": 1.28898732,
      "system": 0.00107274,
      "min": 1.2763336424000002,
      "max": 1.3065774974000002,
      "times": [
        1.2832517384000002,
        1.2909211624,
        1.2957395554000002,
        1.2846859834000002,
        1.2925797924000002,
        1.2763336424000002,
        1.2935014474000002,
        1.3065774974000002,
        1.2953875704000002,
        1.2836162084
      ],
      "exit_codes": [
        0,
        0,
        0,
        0,
        0,
        0,
        0,
        0,
        0,
        0
      ]
    }
  ]
}
