{
  "results": [
    {
      "command": "LOGOS (tiered)",
      "mean": 0.32233994190000004,
      "stddev": 0.0056705466251251654,
      "median": 0.32347495870000004,
      "user": 0.32049890000000003,
      "system": 0.00162612,
      "min": 0.31421565170000004,
      "max": 0.32970582870000004,
      "times": [
        0.3280015377,
        0.32970582870000004,
        0.32170424870000003,
        0.32561777470000003,
        0.31556042970000003,
        0.32291092270000005,
        0.31421565170000004,
        0.3240389947,
        0.32682829370000005,
        0.3148157367
      ],
      "exit_codes": [
        0,
        0,
        0,
        0,
        0,
        0,
        0,
        0,
        0,
        0
      ]
    }
  ]
}
