{
  "results": [
    {
      "command": "JavaScript (Node)",
      "mean": 0.259788407,
      "stddev": 0.01957075042298399,
      "median": 0.258400481,
      "user": 0.25766310000000003,
      "system": 0.005608999999999999,
      "min": 0.23681985400000002,
      "max": 0.284142869,
      "times": [
        0.24454452200000001,
        0.284142869,
        0.275765855,
        0.244695145,
        0.240547746,
        0.272105817,
        0.23681985400000002,
        0.277874669,
        0.24119637600000002,
        0.280191217
      ],
      "exit_codes": [
        0,
        0,
        0,
        0,
        0,
        0,
        0,
        0,
        0,
        0
      ]
    }
  ]
}
