{
  "results": [
    {
      "command": "LOGOS (interpreted)",
      "mean": 0.32153366670000005,
      "stddev": 0.009067227221133867,
      "median": 0.31657191240000004,
      "user": 0.31879412,
      "system": 0.0024395,
      "min": 0.3154434394,
      "max": 0.34319957840000004,
      "times": [
        0.32347376640000003,
        0.34319957840000004,
        0.3219816104,
        0.3154434394,
        0.31661548040000004,
        0.31565444340000004,
        0.3155193204,
        0.3165283444,
        0.3163167904,
        0.3306038934
      ],
      "exit_codes": [
        0,
        0,
        0,
        0,
        0,
        0,
        0,
        0,
        0,
        0
      ]
    }
  ]
}
