{
  "results": [
    {
      "command": "LOGOS (interpreted)",
      "mean": 0.32331955269999996,
      "stddev": 0.004485829594701832,
      "median": 0.3229584613,
      "user": 0.3218444,
      "system": 0.001315728,
      "min": 0.3173120668,
      "max": 0.3332510598,
      "times": [
        0.3332510598,
        0.3173120668,
        0.3194376808,
        0.3222029138,
        0.32477076180000003,
        0.3204182378,
        0.3237140088,
        0.3209838688,
        0.3241458668,
        0.3269590618
      ],
      "exit_codes": [
        0,
        0,
        0,
        0,
        0,
        0,
        0,
        0,
        0,
        0
      ]
    }
  ]
}
