{
  "results": [
    {
      "command": "JavaScript (Node)",
      "mean": 0.2637727273,
      "stddev": 0.018398417125649043,
      "median": 0.268028623,
      "user": 0.2602382,
      "system": 0.0071070000000000005,
      "min": 0.23817622500000002,
      "max": 0.283999775,
      "times": [
        0.280805544,
        0.24450018,
        0.27975581,
        0.283999775,
        0.278668988,
        0.25395692200000003,
        0.27869304,
        0.24178253100000002,
        0.25738825800000004,
        0.23817622500000002
      ],
      "exit_codes": [
        0,
        0,
        0,
        0,
        0,
        0,
        0,
        0,
        0,
        0
      ]
    }
  ]
}
