{
  "results": [
    {
      "command": "LOGOS (tiered)",
      "mean": 0.32722690228,
      "stddev": 0.00584334479536124,
      "median": 0.32719836608,
      "user": 0.32502275999999997,
      "system": 0.0018654999999999998,
      "min": 0.31828065808,
      "max": 0.33556746508,
      "times": [
        0.32179328708000005,
        0.32754066008000005,
        0.33175045308,
        0.32349191408000005,
        0.33290430708,
        0.33556746508,
        0.32150911908,
        0.32685607208,
        0.31828065808,
        0.33257508708000005
      ],
      "exit_codes": [
        0,
        0,
        0,
        0,
        0,
        0,
        0,
        0,
        0,
        0
      ]
    }
  ]
}
