{
  "results": [
    {
      "command": "Python",
      "mean": 5.4941842665,
      "stddev": 0.5234242276986886,
      "median": 5.2884648665,
      "user": 5.3662534,
      "system": 0.1275963,
      "min": 5.202976404,
      "max": 6.921434154,
      "times": [
        5.212775246,
        5.218104416,
        5.643915165,
        5.545156943,
        5.23576554,
        5.202976404,
        6.921434154,
        5.295320359,
        5.281609374,
        5.384785064
      ],
      "exit_codes": [
        0,
        0,
        0,
        0,
        0,
        0,
        0,
        0,
        0,
        0
      ]
    }
  ]
}
