{
  "results": [
    {
      "command": "LOGOS (tiered)",
      "mean": 0.28823266465999997,
      "stddev": 0.004117395460319281,
      "median": 0.28695300706,
      "user": 0.20327821999999998,
      "system": 0.08467172,
      "min": 0.28411532806,
      "max": 0.29729791006,
      "times": [
        0.28492410806,
        0.29257867106,
        0.28606300006,
        0.29043978106,
        0.29729791006,
        0.28769757906,
        0.28514989406,
        0.28620843506,
        0.28411532806,
        0.28785194006
      ],
      "exit_codes": [
        0,
        0,
        0,
        0,
        0,
        0,
        0,
        0,
        0,
        0
      ]
    }
  ]
}
