{
  "results": [
    {
      "command": "Ruby",
      "mean": 2.5864762811,
      "stddev": 0.007869434515911277,
      "median": 2.588928965,
      "user": 2.5483263999999997,
      "system": 0.03759139999999999,
      "min": 2.572370395,
      "max": 2.594898755,
      "times": [
        2.593773132,
        2.594898755,
        2.588226396,
        2.590721879,
        2.588346458,
        2.590681868,
        2.582749153,
        2.573483303,
        2.589511472,
        2.572370395
      ],
      "exit_codes": [
        0,
        0,
        0,
        0,
        0,
        0,
        0,
        0,
        0,
        0
      ]
    }
  ]
}
