{
  "results": [
    {
      "command": "Python",
      "mean": 5.4666342294,
      "stddev": 0.23912306519237753,
      "median": 5.407325097499999,
      "user": 5.3439637,
      "system": 0.12218980000000002,
      "min": 5.250088933,
      "max": 5.921538133,
      "times": [
        5.536439122,
        5.278211073,
        5.5897098540000005,
        5.921538133,
        5.268163415,
        5.546402424,
        5.250088933,
        5.272899315,
        5.256950544,
        5.745939481
      ],
      "exit_codes": [
        0,
        0,
        0,
        0,
        0,
        0,
        0,
        0,
        0,
        0
      ]
    }
  ]
}
