{
  "results": [
    {
      "command": "Python",
      "mean": 5.7212252704,
      "stddev": 0.275247013635585,
      "median": 5.6508627975,
      "user": 5.5806313,
      "system": 0.1400882,
      "min": 5.492986703,
      "max": 6.339801388,
      "times": [
        5.69911009,
        5.642733623,
        6.071597886,
        5.5304238990000005,
        5.492986703,
        5.512616246,
        5.658991972,
        5.726832746,
        5.537158151,
        6.339801388
      ],
      "exit_codes": [
        0,
        0,
        0,
        0,
        0,
        0,
        0,
        0,
        0,
        0
      ]
    }
  ]
}
