{
  "results": [
    {
      "command": "LOGOS (interpreted)",
      "mean": 0.2751274132,
      "stddev": 0.005873816938076651,
      "median": 0.2766639266,
      "user": 0.18877134,
      "system": 0.08619072,
      "min": 0.2627397241,
      "max": 0.2815610001,
      "times": [
        0.2764798451,
        0.2795982711,
        0.27362681110000003,
        0.27885614410000004,
        0.2672059911,
        0.2785148311,
        0.2758435061,
        0.2815610001,
        0.2627397241,
        0.2768480081
      ],
      "exit_codes": [
        0,
        0,
        0,
        0,
        0,
        0,
        0,
        0,
        0,
        0
      ]
    }
  ]
}
