{
  "results": [
    {
      "command": "Ruby",
      "mean": 2.4706625847,
      "stddev": 0.020446346913671004,
      "median": 2.468476303,
      "user": 2.4364811,
      "system": 0.033799800000000005,
      "min": 2.443171697,
      "max": 2.506998117,
      "times": [
        2.443171697,
        2.482368407,
        2.453804703,
        2.464102815,
        2.506998117,
        2.457839062,
        2.449529755,
        2.486170739,
        2.489790761,
        2.472849791
      ],
      "exit_codes": [
        0,
        0,
        0,
        0,
        0,
        0,
        0,
        0,
        0,
        0
      ]
    }
  ]
}
