{
  "results": [
    {
      "command": "JavaScript (Node)",
      "mean": 0.2504111219,
      "stddev": 0.011091435148861442,
      "median": 0.249026142,
      "user": 0.21923240000000002,
      "system": 0.0348517,
      "min": 0.22905198300000001,
      "max": 0.272185871,
      "times": [
        0.25070151900000004,
        0.25027872300000004,
        0.247254938,
        0.272185871,
        0.26148023400000003,
        0.24702815400000003,
        0.22905198300000001,
        0.252554247,
        0.247773561,
        0.24580198900000003
      ],
      "exit_codes": [
        0,
        0,
        0,
        0,
        0,
        0,
        0,
        0,
        0,
        0
      ]
    }
  ]
}
