{
  "results": [
    {
      "command": "LOGOS (tiered)",
      "mean": 0.27932711554,
      "stddev": 0.007937323105726073,
      "median": 0.27859506104000004,
      "user": 0.19381105999999998,
      "system": 0.08531823999999999,
      "min": 0.26553991554,
      "max": 0.29225453354,
      "times": [
        0.29225453354,
        0.28053864554,
        0.26974211454,
        0.27864634054000004,
        0.27768075254,
        0.27767272254,
        0.26553991554,
        0.28388009954000004,
        0.27854378154000003,
        0.28877224954
      ],
      "exit_codes": [
        0,
        0,
        0,
        0,
        0,
        0,
        0,
        0,
        0,
        0
      ]
    }
  ]
}
