{
  "results": [
    {
      "command": "JavaScript (Node)",
      "mean": 0.24215193350000003,
      "stddev": 0.007809254704783563,
      "median": 0.241667752,
      "user": 0.2079334,
      "system": 0.0379411,
      "min": 0.22651831200000003,
      "max": 0.254423263,
      "times": [
        0.251676624,
        0.254423263,
        0.24504856600000002,
        0.24074524500000002,
        0.22651831200000003,
        0.242590259,
        0.24506371500000002,
        0.23704070000000002,
        0.23976622700000003,
        0.23864642400000002
      ],
      "exit_codes": [
        0,
        0,
        0,
        0,
        0,
        0,
        0,
        0,
        0,
        0
      ]
    }
  ]
}
