{
  "results": [
    {
      "command": "LOGOS (interpreted)",
      "mean": 0.29365778538000004,
      "stddev": 0.0056575558753147156,
      "median": 0.29347323228000005,
      "user": 0.20846766,
      "system": 0.08489519999999999,
      "min": 0.28427063928000007,
      "max": 0.30276253128,
      "times": [
        0.29345566528000006,
        0.29349079928000005,
        0.29420023728000005,
        0.29773929628000007,
        0.28789696728,
        0.28427063928000007,
        0.30276253128,
        0.29032980728,
        0.30083568928000004,
        0.29159622128000007
      ],
      "exit_codes": [
        0,
        0,
        0,
        0,
        0,
        0,
        0,
        0,
        0,
        0
      ]
    }
  ]
}
