{
  "results": [
    {
      "command": "LOGOS (interpreted)",
      "mean": 0.82855486794,
      "stddev": 0.00965590582783172,
      "median": 0.82746359894,
      "user": 0.64804408,
      "system": 0.18023883999999998,
      "min": 0.81244332894,
      "max": 0.84641852294,
      "times": [
        0.82621427194,
        0.82585595994,
        0.81244332894,
        0.83705797794,
        0.82258721794,
        0.83195520394,
        0.84641852294,
        0.81927022694,
        0.83503304294,
        0.82871292594
      ],
      "exit_codes": [
        0,
        0,
        0,
        0,
        0,
        0,
        0,
        0,
        0,
        0
      ]
    }
  ]
}
