{
  "results": [
    {
      "command": "Ruby",
      "mean": 2.4834558974,
      "stddev": 0.01821954543459456,
      "median": 2.4872045425,
      "user": 2.4500871999999996,
      "system": 0.0329971,
      "min": 2.448853358,
      "max": 2.516086058,
      "times": [
        2.448853358,
        2.488016633,
        2.459271818,
        2.486392452,
        2.489857372,
        2.484977903,
        2.516086058,
        2.488065651,
        2.482783807,
        2.490253922
      ],
      "exit_codes": [
        0,
        0,
        0,
        0,
        0,
        0,
        0,
        0,
        0,
        0
      ]
    }
  ]
}
