{
  "results": [
    {
      "command": "JavaScript (Node)",
      "mean": 0.24797600560000005,
      "stddev": 0.009348398412797852,
      "median": 0.24514642550000001,
      "user": 0.2152345,
      "system": 0.036386299999999996,
      "min": 0.23957955900000003,
      "max": 0.266879517,
      "times": [
        0.25944314700000004,
        0.25079882400000003,
        0.241107217,
        0.250864703,
        0.23983377400000003,
        0.24113552500000002,
        0.240960464,
        0.266879517,
        0.249157326,
        0.23957955900000003
      ],
      "exit_codes": [
        0,
        0,
        0,
        0,
        0,
        0,
        0,
        0,
        0,
        0
      ]
    }
  ]
}
