{
  "results": [
    {
      "command": "LOGOS (tiered)",
      "mean": 0.07137138528,
      "stddev": 0.00464288412248225,
      "median": 0.07080066658,
      "user": 0.06990857999999998,
      "system": 0.001195548,
      "min": 0.06544923058,
      "max": 0.07829406858,
      "times": [
        0.07829406858,
        0.07108091458,
        0.06612128858,
        0.07761884858,
        0.06782491658,
        0.06791014058,
        0.06544923058,
        0.07418968258,
        0.07052041858,
        0.07470434358
      ],
      "exit_codes": [
        0,
        0,
        0,
        0,
        0,
        0,
        0,
        0,
        0,
        0
      ]
    }
  ]
}
