{
  "results": [
    {
      "command": "JavaScript (Node)",
      "mean": 0.2156533596,
      "stddev": 0.004702887215883667,
      "median": 0.214638546,
      "user": 0.18204049999999997,
      "system": 0.0358707,
      "min": 0.21033663000000002,
      "max": 0.224521573,
      "times": [
        0.22176938100000002,
        0.224521573,
        0.214918203,
        0.21033663000000002,
        0.212763269,
        0.21435888900000002,
        0.21890182100000002,
        0.21583053700000002,
        0.211266048,
        0.211867245
      ],
      "exit_codes": [
        0,
        0,
        0,
        0,
        0,
        0,
        0,
        0,
        0,
        0
      ]
    }
  ]
}
