{
  "results": [
    {
      "command": "LOGOS (tiered)",
      "mean": 0.24449940338,
      "stddev": 0.0074421686088017155,
      "median": 0.24602593748,
      "user": 0.18319622,
      "system": 0.06109372,
      "min": 0.22438298698,
      "max": 0.25143163398,
      "times": [
        0.24621833498,
        0.24763008698000002,
        0.24583353998000002,
        0.25143163398,
        0.22438298698,
        0.24457885298,
        0.24546815098000002,
        0.24350980998000002,
        0.24635904198000003,
        0.24958159498000002
      ],
      "exit_codes": [
        0,
        0,
        0,
        0,
        0,
        0,
        0,
        0,
        0,
        0
      ]
    }
  ]
}
