{
  "results": [
    {
      "command": "LOGOS (interpreted)",
      "mean": 0.27686079367999994,
      "stddev": 0.005640071652514547,
      "median": 0.27675591258,
      "user": 0.27553288,
      "system": 0.00116438,
      "min": 0.26956134657999997,
      "max": 0.28406739258,
      "times": [
        0.28406739258,
        0.26984365258,
        0.28309142258,
        0.27259081058,
        0.27305478558,
        0.27374390458,
        0.27976792058,
        0.28169945558,
        0.28118724558,
        0.26956134657999997
      ],
      "exit_codes": [
        0,
        0,
        0,
        0,
        0,
        0,
        0,
        0,
        0,
        0
      ]
    }
  ]
}
