{
  "results": [
    {
      "command": "LOGOS (interpreted)",
      "mean": 0.21678777534,
      "stddev": 0.005486000816377453,
      "median": 0.21592356194,
      "user": 0.15876575999999998,
      "system": 0.05778137999999999,
      "min": 0.20953929844000002,
      "max": 0.22698066344,
      "times": [
        0.22355771644,
        0.21691807744,
        0.21313537844,
        0.21442546044000002,
        0.22698066344,
        0.21085811244,
        0.21750003344000002,
        0.20953929844000002,
        0.21492904644000002,
        0.22003396644
      ],
      "exit_codes": [
        0,
        0,
        0,
        0,
        0,
        0,
        0,
        0,
        0,
        0
      ]
    }
  ]
}
