{
  "results": [
    {
      "command": "Ruby",
      "mean": 0.37003734039999997,
      "stddev": 0.006029509890402481,
      "median": 0.36844153300000004,
      "user": 0.3343769,
      "system": 0.0354293,
      "min": 0.36247183600000005,
      "max": 0.384133596,
      "times": [
        0.36884528800000005,
        0.367911794,
        0.36247183600000005,
        0.37346088400000005,
        0.36537482800000004,
        0.36821022200000003,
        0.384133596,
        0.36704649100000003,
        0.37424562100000003,
        0.368672844
      ],
      "exit_codes": [
        0,
        0,
        0,
        0,
        0,
        0,
        0,
        0,
        0,
        0
      ]
    }
  ]
}
