{
  "results": [
    {
      "command": "Ruby",
      "mean": 0.4296185255,
      "stddev": 0.03093134354902952,
      "median": 0.4254724825,
      "user": 0.39236299999999996,
      "system": 0.0370041,
      "min": 0.38329790300000005,
      "max": 0.475656273,
      "times": [
        0.38329790300000005,
        0.475656273,
        0.45366515500000004,
        0.431689146,
        0.395879119,
        0.437393904,
        0.411968691,
        0.473265221,
        0.414114024,
        0.41925581900000003
      ],
      "exit_codes": [
        0,
        0,
        0,
        0,
        0,
        0,
        0,
        0,
        0,
        0
      ]
    }
  ]
}
