{
  "results": [
    {
      "command": "LOGOS (interpreted)",
      "mean": 0.07956303858,
      "stddev": 0.0039149210027497,
      "median": 0.07824183818000001,
      "user": 0.07832826,
      "system": 0.0010416059999999998,
      "min": 0.07541730418,
      "max": 0.08825783118000001,
      "times": [
        0.08189182418,
        0.07722158418000001,
        0.07867239518000001,
        0.08326746118,
        0.07541730418,
        0.07756102518,
        0.07952375018,
        0.08825783118000001,
        0.07600592918,
        0.07781128118000001
      ],
      "exit_codes": [
        0,
        0,
        0,
        0,
        0,
        0,
        0,
        0,
        0,
        0
      ]
    }
  ]
}
