{
  "results": [
    {
      "command": "JavaScript (Node)",
      "mean": 0.2431024952,
      "stddev": 0.003337402192314417,
      "median": 0.2422706845,
      "user": 0.23995819999999995,
      "system": 0.005208099999999999,
      "min": 0.239599535,
      "max": 0.24797681500000002,
      "times": [
        0.241525595,
        0.247188222,
        0.24301577400000002,
        0.24079144200000002,
        0.23960767600000002,
        0.24797681500000002,
        0.239599535,
        0.247196818,
        0.239994914,
        0.244128161
      ],
      "exit_codes": [
        0,
        0,
        0,
        0,
        0,
        0,
        0,
        0,
        0,
        0
      ]
    }
  ]
}
