{
  "results": [
    {
      "command": "JavaScript (Node)",
      "mean": 0.229279235,
      "stddev": 0.011209072606932328,
      "median": 0.22818713950000002,
      "user": 0.1949039,
      "system": 0.0367326,
      "min": 0.21544252700000002,
      "max": 0.24881106200000003,
      "times": [
        0.231675244,
        0.22621510400000003,
        0.23015917500000002,
        0.218791692,
        0.24881106200000003,
        0.246384134,
        0.23123184700000002,
        0.218118426,
        0.225963139,
        0.21544252700000002
      ],
      "exit_codes": [
        0,
        0,
        0,
        0,
        0,
        0,
        0,
        0,
        0,
        0
      ]
    }
  ]
}
