{
  "results": [
    {
      "command": "LOGOS (interpreted)",
      "mean": 0.07258715484000003,
      "stddev": 0.007227669877845408,
      "median": 0.07135556894,
      "user": 0.0711187,
      "system": 0.0012234379999999999,
      "min": 0.06520544544000001,
      "max": 0.09007515044000002,
      "times": [
        0.07555493644000001,
        0.09007515044000002,
        0.06520544544000001,
        0.06831090944000001,
        0.07543842844000001,
        0.07343978544,
        0.06671085944,
        0.07431467144000001,
        0.06927135244,
        0.06755000944
      ],
      "exit_codes": [
        0,
        0,
        0,
        0,
        0,
        0,
        0,
        0,
        0,
        0
      ]
    }
  ]
}
