{
  "results": [
    {
      "command": "Python",
      "mean": 2.4723027199999996,
      "stddev": 0.05735453121562903,
      "median": 2.4656032354999997,
      "user": 2.4695015999999996,
      "system": 0.0025999,
      "min": 2.410832316,
      "max": 2.575825367,
      "times": [
        2.575825367,
        2.422778555,
        2.421255468,
        2.494878997,
        2.540204602,
        2.410832316,
        2.492875202,
        2.438331269,
        2.4231354400000003,
        2.502909984
      ],
      "exit_codes": [
        0,
        0,
        0,
        0,
        0,
        0,
        0,
        0,
        0,
        0
      ]
    }
  ]
}
