{
  "results": [
    {
      "command": "JavaScript (Node)",
      "mean": 0.24849551560000002,
      "stddev": 0.003832739502977131,
      "median": 0.2489406805,
      "user": 0.24469709999999995,
      "system": 0.005797,
      "min": 0.24273896700000003,
      "max": 0.254058066,
      "times": [
        0.252007782,
        0.24273896700000003,
        0.24842613700000002,
        0.24479887600000003,
        0.24983163500000002,
        0.243229827,
        0.24877468800000002,
        0.254058066,
        0.24910667300000003,
        0.251982505
      ],
      "exit_codes": [
        0,
        0,
        0,
        0,
        0,
        0,
        0,
        0,
        0,
        0
      ]
    }
  ]
}
