{
  "results": [
    {
      "command": "Ruby",
      "mean": 0.40433226730000005,
      "stddev": 0.023898639872584518,
      "median": 0.396036453,
      "user": 0.3678684,
      "system": 0.036194500000000004,
      "min": 0.37518710000000005,
      "max": 0.440647063,
      "times": [
        0.39846927800000004,
        0.425923009,
        0.38162995600000005,
        0.37518710000000005,
        0.39161898300000003,
        0.380465822,
        0.39360362800000004,
        0.440647063,
        0.427891811,
        0.427886023
      ],
      "exit_codes": [
        0,
        0,
        0,
        0,
        0,
        0,
        0,
        0,
        0,
        0
      ]
    }
  ]
}
