{
  "results": [
    {
      "command": "JavaScript (Node)",
      "mean": 0.25099112570000004,
      "stddev": 0.0028142773361387887,
      "median": 0.2497096305,
      "user": 0.2478313,
      "system": 0.0052128999999999995,
      "min": 0.24771842300000002,
      "max": 0.255801306,
      "times": [
        0.25391335800000003,
        0.24771842300000002,
        0.24791827300000002,
        0.255801306,
        0.24940235700000002,
        0.253733472,
        0.24968308200000003,
        0.249736179,
        0.24925306700000002,
        0.25275174
      ],
      "exit_codes": [
        0,
        0,
        0,
        0,
        0,
        0,
        0,
        0,
        0,
        0
      ]
    }
  ]
}
