{
  "results": [
    {
      "command": "Python",
      "mean": 2.4195174935,
      "stddev": 0.0480340895110173,
      "median": 2.4032986465,
      "user": 2.4166342000000003,
      "system": 0.0025999,
      "min": 2.38693397,
      "max": 2.548430559,
      "times": [
        2.396292684,
        2.394178594,
        2.38693397,
        2.406330769,
        2.548430559,
        2.390130307,
        2.433323912,
        2.400266524,
        2.407294671,
        2.431992945
      ],
      "exit_codes": [
        0,
        0,
        0,
        0,
        0,
        0,
        0,
        0,
        0,
        0
      ]
    }
  ]
}
