{
  "results": [
    {
      "command": "Python",
      "mean": 0.2927448971,
      "stddev": 0.006003330453129127,
      "median": 0.2924135375,
      "user": 0.2244687,
      "system": 0.06801959999999999,
      "min": 0.28159905500000004,
      "max": 0.303414304,
      "times": [
        0.29003548300000004,
        0.290919696,
        0.29230281,
        0.28159905500000004,
        0.292524265,
        0.299525441,
        0.303414304,
        0.293123532,
        0.295754191,
        0.288250194
      ],
      "exit_codes": [
        0,
        0,
        0,
        0,
        0,
        0,
        0,
        0,
        0,
        0
      ]
    }
  ]
}
