{
  "results": [
    {
      "command": "LOGOS (tiered)",
      "mean": 0.06120359398000001,
      "stddev": 0.001751038338312331,
      "median": 0.06049215698,
      "user": 0.05937089999999999,
      "system": 0.00166754,
      "min": 0.059480785480000006,
      "max": 0.06383548448000001,
      "times": [
        0.060676131480000006,
        0.06383548448000001,
        0.059858952480000005,
        0.06152542348000001,
        0.059857122480000004,
        0.059480785480000006,
        0.06339786048,
        0.059567636480000005,
        0.06352836048,
        0.06030818248000001
      ],
      "exit_codes": [
        0,
        0,
        0,
        0,
        0,
        0,
        0,
        0,
        0,
        0
      ]
    }
  ]
}
