{
  "results": [
    {
      "command": "Python",
      "mean": 0.30675731510000004,
      "stddev": 0.009784056412396375,
      "median": 0.3078384015,
      "user": 0.23541689999999998,
      "system": 0.07113689999999999,
      "min": 0.29721614100000004,
      "max": 0.32986466200000003,
      "times": [
        0.30994022200000004,
        0.307352985,
        0.29721614100000004,
        0.297761355,
        0.29940118200000004,
        0.308323818,
        0.298332402,
        0.309240738,
        0.31013964600000005,
        0.32986466200000003
      ],
      "exit_codes": [
        0,
        0,
        0,
        0,
        0,
        0,
        0,
        0,
        0,
        0
      ]
    }
  ]
}
