{
  "results": [
    {
      "command": "Ruby",
      "mean": 0.8416851633,
      "stddev": 0.01482944179890484,
      "median": 0.8399450805,
      "user": 0.832864,
      "system": 0.0085998,
      "min": 0.8247580160000001,
      "max": 0.879349417,
      "times": [
        0.834918672,
        0.841808373,
        0.8429207790000001,
        0.839592803,
        0.8247580160000001,
        0.830893972,
        0.840297358,
        0.833964255,
        0.8483479880000001,
        0.879349417
      ],
      "exit_codes": [
        0,
        0,
        0,
        0,
        0,
        0,
        0,
        0,
        0,
        0
      ]
    }
  ]
}
