{
  "results": [
    {
      "command": "LOGOS (interpreted)",
      "mean": 0.23499482766000002,
      "stddev": 0.014979823253319162,
      "median": 0.23687347876,
      "user": 0.17145090000000002,
      "system": 0.06328895999999999,
      "min": 0.21137073176,
      "max": 0.25365531176,
      "times": [
        0.24222916576,
        0.25365531176,
        0.24848441376000002,
        0.25059305876,
        0.22966617076,
        0.23151779176,
        0.21671925576,
        0.22163107076000002,
        0.21137073176,
        0.24408130576
      ],
      "exit_codes": [
        0,
        0,
        0,
        0,
        0,
        0,
        0,
        0,
        0,
        0
      ]
    }
  ]
}
