{
  "results": [
    {
      "command": "LOGOS (interpreted)",
      "mean": 0.25689624278,
      "stddev": 0.0059359880491916634,
      "median": 0.25771335458,
      "user": 0.21945403999999996,
      "system": 0.03718288,
      "min": 0.24719464758,
      "max": 0.26527114558000003,
      "times": [
        0.25682585658,
        0.26123779858,
        0.24832760958000002,
        0.26527114558000003,
        0.25353956658,
        0.26109827358000004,
        0.24719464758,
        0.25860085258000004,
        0.25496687458,
        0.26189980258
      ],
      "exit_codes": [
        0,
        0,
        0,
        0,
        0,
        0,
        0,
        0,
        0,
        0
      ]
    }
  ]
}
