{
  "results": [
    {
      "command": "Ruby",
      "mean": 0.8515492491,
      "stddev": 0.004633779660699348,
      "median": 0.8512021165000001,
      "user": 0.8434433,
      "system": 0.0079005,
      "min": 0.846404826,
      "max": 0.860832911,
      "times": [
        0.853991987,
        0.860832911,
        0.846404826,
        0.8523834060000001,
        0.8500600020000001,
        0.8488052570000001,
        0.8476915650000001,
        0.8564219350000001,
        0.846556371,
        0.852344231
      ],
      "exit_codes": [
        0,
        0,
        0,
        0,
        0,
        0,
        0,
        0,
        0,
        0
      ]
    }
  ]
}
