{
  "results": [
    {
      "command": "LOGOS (tiered)",
      "mean": 0.25272209906000004,
      "stddev": 0.006892637690566085,
      "median": 0.25156650335999997,
      "user": 0.21195979999999998,
      "system": 0.04050081999999999,
      "min": 0.24500222336000002,
      "max": 0.26285332736,
      "times": [
        0.24554152736,
        0.25590052136,
        0.26161909336,
        0.25101051036,
        0.25972541436,
        0.24640435336000002,
        0.26285332736,
        0.24500222336000002,
        0.24704152336000001,
        0.25212249636
      ],
      "exit_codes": [
        0,
        0,
        0,
        0,
        0,
        0,
        0,
        0,
        0,
        0
      ]
    }
  ]
}
