{
  "results": [
    {
      "command": "JavaScript (Node)",
      "mean": 0.22048799020000004,
      "stddev": 0.005689083141971448,
      "median": 0.2191080625,
      "user": 0.18592649999999997,
      "system": 0.0367268,
      "min": 0.21419779300000003,
      "max": 0.23383794400000002,
      "times": [
        0.21419779300000003,
        0.222024763,
        0.21717936000000002,
        0.21588531700000002,
        0.220458171,
        0.23383794400000002,
        0.225596967,
        0.21748346200000002,
        0.218918686,
        0.219297439
      ],
      "exit_codes": [
        0,
        0,
        0,
        0,
        0,
        0,
        0,
        0,
        0,
        0
      ]
    }
  ]
}
