{
  "results": [
    {
      "command": "Ruby",
      "mean": 0.847451808,
      "stddev": 0.006169066742884547,
      "median": 0.8481625370000001,
      "user": 0.8376142999999999,
      "system": 0.009598400000000002,
      "min": 0.8389524260000001,
      "max": 0.853964193,
      "times": [
        0.844661363,
        0.8389524260000001,
        0.842004062,
        0.853964193,
        0.851663711,
        0.853928409,
        0.844625307,
        0.851696262,
        0.839336889,
        0.8536854580000001
      ],
      "exit_codes": [
        0,
        0,
        0,
        0,
        0,
        0,
        0,
        0,
        0,
        0
      ]
    }
  ]
}
