{
  "results": [
    {
      "command": "Python",
      "mean": 0.3028157464,
      "stddev": 0.014732206909695835,
      "median": 0.300124106,
      "user": 0.2367738,
      "system": 0.06581839999999999,
      "min": 0.288409589,
      "max": 0.329581257,
      "times": [
        0.288783288,
        0.329581257,
        0.288667709,
        0.31458967200000004,
        0.31720286000000003,
        0.295008504,
        0.310525851,
        0.305239708,
        0.288409589,
        0.29014902600000003
      ],
      "exit_codes": [
        0,
        0,
        0,
        0,
        0,
        0,
        0,
        0,
        0,
        0
      ]
    }
  ]
}
