{
  "results": [
    {
      "command": "Python",
      "mean": 2.3989523465999993,
      "stddev": 0.05974596392675399,
      "median": 2.3647949070000003,
      "user": 2.3963946999999997,
      "system": 0.0023,
      "min": 2.3472239679999998,
      "max": 2.499272313,
      "times": [
        2.348800623,
        2.3472239679999998,
        2.450857478,
        2.369859824,
        2.348704422,
        2.350434683,
        2.464383795,
        2.35972999,
        2.499272313,
        2.45025637
      ],
      "exit_codes": [
        0,
        0,
        0,
        0,
        0,
        0,
        0,
        0,
        0,
        0
      ]
    }
  ]
}
