{
  "results": [
    {
      "command": "LOGOS (interpreted)",
      "mean": 0.21385683539999997,
      "stddev": 0.004302627347327544,
      "median": 0.21177368359999998,
      "user": 0.18644909999999998,
      "system": 0.027213220000000003,
      "min": 0.2094895356,
      "max": 0.2199777156,
      "times": [
        0.2094895356,
        0.2110953956,
        0.2122554556,
        0.2198184456,
        0.2184269436,
        0.2095813826,
        0.2199777156,
        0.2112919116,
        0.2163169906,
        0.2103145776
      ],
      "exit_codes": [
        0,
        0,
        0,
        0,
        0,
        0,
        0,
        0,
        0,
        0
      ]
    }
  ]
}
