{
  "results": [
    {
      "command": "LOGOS (tiered)",
      "mean": 0.07641692928000002,
      "stddev": 0.0023604923075303316,
      "median": 0.07563963068000001,
      "user": 0.054335079999999994,
      "system": 0.021837799999999997,
      "min": 0.07418144218,
      "max": 0.08179709118,
      "times": [
        0.07602543718,
        0.07461334718000001,
        0.07525382418000001,
        0.07660076418,
        0.07503604618000001,
        0.07418144218,
        0.07851724118,
        0.07763008618,
        0.08179709118,
        0.07451401318
      ],
      "exit_codes": [
        0,
        0,
        0,
        0,
        0,
        0,
        0,
        0,
        0,
        0
      ]
    }
  ]
}
