{
  "results": [
    {
      "command": "LOGOS (interpreted)",
      "mean": 0.07712014394000001,
      "stddev": 0.002990375004304736,
      "median": 0.07689578834,
      "user": 0.05327613999999999,
      "system": 0.0235825,
      "min": 0.07214373684,
      "max": 0.08319038784,
      "times": [
        0.07849962284,
        0.07609770184,
        0.07214373684,
        0.07769387484,
        0.07505984184,
        0.07903912284,
        0.07848455284,
        0.08319038784,
        0.07498229684,
        0.07601030084
      ],
      "exit_codes": [
        0,
        0,
        0,
        0,
        0,
        0,
        0,
        0,
        0,
        0
      ]
    }
  ]
}
