{
  "results": [
    {
      "command": "JavaScript (Node)",
      "mean": 0.2421316597,
      "stddev": 0.0064367297005471545,
      "median": 0.24266415750000003,
      "user": 0.1691245,
      "system": 0.0918247,
      "min": 0.23140369600000002,
      "max": 0.25648263800000004,
      "times": [
        0.23924456000000002,
        0.24403411400000002,
        0.23140369600000002,
        0.24235450200000003,
        0.24329882500000002,
        0.25648263800000004,
        0.244949207,
        0.237916173,
        0.242973813,
        0.238659069
      ],
      "exit_codes": [
        0,
        0,
        0,
        0,
        0,
        0,
        0,
        0,
        0,
        0
      ]
    }
  ]
}
