{
  "results": [
    {
      "command": "JavaScript (Node)",
      "mean": 0.2371974303,
      "stddev": 0.00475816451560149,
      "median": 0.2368472405,
      "user": 0.16683359999999997,
      "system": 0.0864597,
      "min": 0.229759223,
      "max": 0.24630267500000003,
      "times": [
        0.23724640800000002,
        0.233342703,
        0.24630267500000003,
        0.240369623,
        0.23957798000000002,
        0.23236479100000001,
        0.23619915100000002,
        0.24036367600000003,
        0.236448073,
        0.229759223
      ],
      "exit_codes": [
        0,
        0,
        0,
        0,
        0,
        0,
        0,
        0,
        0,
        0
      ]
    }
  ]
}
