{
  "results": [
    {
      "command": "Python",
      "mean": 1.5069009243999998,
      "stddev": 0.027997246969570413,
      "median": 1.501063356,
      "user": 1.4382196999999999,
      "system": 0.0684008,
      "min": 1.4674206170000001,
      "max": 1.567096303,
      "times": [
        1.527173773,
        1.506662252,
        1.4996809770000001,
        1.502445735,
        1.4674206170000001,
        1.5285200140000001,
        1.494472936,
        1.491978984,
        1.483557653,
        1.567096303
      ],
      "exit_codes": [
        0,
        0,
        0,
        0,
        0,
        0,
        0,
        0,
        0,
        0
      ]
    }
  ]
}
