{
  "results": [
    {
      "command": "Ruby",
      "mean": 0.8046608090999999,
      "stddev": 0.0035689872635264823,
      "median": 0.8034827815000001,
      "user": 0.7693570999999999,
      "system": 0.035094200000000006,
      "min": 0.8000260770000001,
      "max": 0.810268133,
      "times": [
        0.8060972230000001,
        0.806947084,
        0.804051175,
        0.8000260770000001,
        0.810268133,
        0.810130396,
        0.8026647520000001,
        0.802078116,
        0.801430747,
        0.802914388
      ],
      "exit_codes": [
        0,
        0,
        0,
        0,
        0,
        0,
        0,
        0,
        0,
        0
      ]
    }
  ]
}
