{
  "results": [
    {
      "command": "JavaScript (Node)",
      "mean": 0.2548724837,
      "stddev": 0.004231672417609616,
      "median": 0.25412627600000004,
      "user": 0.17992059999999999,
      "system": 0.09043209999999999,
      "min": 0.24998861300000003,
      "max": 0.262476878,
      "times": [
        0.252373569,
        0.25021061,
        0.261108803,
        0.25607793100000004,
        0.252341813,
        0.252986001,
        0.262476878,
        0.255266551,
        0.25589406800000003,
        0.24998861300000003
      ],
      "exit_codes": [
        0,
        0,
        0,
        0,
        0,
        0,
        0,
        0,
        0,
        0
      ]
    }
  ]
}
