{
  "results": [
    {
      "command": "Ruby",
      "mean": 0.8271837167000001,
      "stddev": 0.0061951998549463335,
      "median": 0.8267026125000001,
      "user": 0.7908752,
      "system": 0.036101999999999995,
      "min": 0.819168534,
      "max": 0.841042041,
      "times": [
        0.823255657,
        0.82762716,
        0.833577988,
        0.8228828210000001,
        0.841042041,
        0.823516054,
        0.819168534,
        0.826995149,
        0.826410076,
        0.827361687
      ],
      "exit_codes": [
        0,
        0,
        0,
        0,
        0,
        0,
        0,
        0,
        0,
        0
      ]
    }
  ]
}
