{
  "results": [
    {
      "command": "LOGOS (tiered)",
      "mean": 0.07398466532,
      "stddev": 0.003072797100762494,
      "median": 0.07395838802,
      "user": 0.05144156,
      "system": 0.022349920000000002,
      "min": 0.07027395652,
      "max": 0.08023767752,
      "times": [
        0.07483213952,
        0.07133132552,
        0.07567196552,
        0.07027395652,
        0.07670189952,
        0.07447428852,
        0.07344248752,
        0.07200647952,
        0.07087443352,
        0.08023767752
      ],
      "exit_codes": [
        0,
        0,
        0,
        0,
        0,
        0,
        0,
        0,
        0,
        0
      ]
    }
  ]
}
