{
  "results": [
    {
      "command": "Python",
      "mean": 1.6129175366,
      "stddev": 0.019260838966735562,
      "median": 1.606406105,
      "user": 1.5360942,
      "system": 0.07659,
      "min": 1.5938250310000002,
      "max": 1.657102595,
      "times": [
        1.606291905,
        1.622152307,
        1.6045659190000001,
        1.5938250310000002,
        1.606520305,
        1.597908426,
        1.60732828,
        1.600986223,
        1.657102595,
        1.632494375
      ],
      "exit_codes": [
        0,
        0,
        0,
        0,
        0,
        0,
        0,
        0,
        0,
        0
      ]
    }
  ]
}
