{
  "results": [
    {
      "command": "Python",
      "mean": 1.5611049640999999,
      "stddev": 0.01967150634153287,
      "median": 1.5563586185,
      "user": 1.4922688999999998,
      "system": 0.06849340000000001,
      "min": 1.5377315390000001,
      "max": 1.599593492,
      "times": [
        1.585713731,
        1.552772852,
        1.599593492,
        1.5566648920000001,
        1.5377315390000001,
        1.569724235,
        1.556052345,
        1.545425617,
        1.5660252300000002,
        1.5413457080000001
      ],
      "exit_codes": [
        0,
        0,
        0,
        0,
        0,
        0,
        0,
        0,
        0,
        0
      ]
    }
  ]
}
