{
  "results": [
    {
      "command": "Ruby",
      "mean": 0.8653889389,
      "stddev": 0.0065668698798627455,
      "median": 0.8661070195,
      "user": 0.8260031,
      "system": 0.0391999,
      "min": 0.853787257,
      "max": 0.874906956,
      "times": [
        0.8732323150000001,
        0.874906956,
        0.8585560010000001,
        0.8602926860000001,
        0.866583198,
        0.8698045090000001,
        0.853787257,
        0.8656308410000001,
        0.867511286,
        0.8635843400000001
      ],
      "exit_codes": [
        0,
        0,
        0,
        0,
        0,
        0,
        0,
        0,
        0,
        0
      ]
    }
  ]
}
