{
  "results": [
    {
      "command": "LOGOS (interpreted)",
      "mean": 0.07939529424,
      "stddev": 0.007342933728130199,
      "median": 0.07947165464000001,
      "user": 0.05401598,
      "system": 0.025189540000000003,
      "min": 0.07122750264000001,
      "max": 0.09491195764000002,
      "times": [
        0.08080700764000001,
        0.08424841064000001,
        0.08204724864000001,
        0.07813630164000002,
        0.09491195764000002,
        0.07138386964000001,
        0.07690141964000001,
        0.08276116564000001,
        0.07152805864,
        0.07122750264000001
      ],
      "exit_codes": [
        0,
        0,
        0,
        0,
        0,
        0,
        0,
        0,
        0,
        0
      ]
    }
  ]
}
