{
  "results": [
    {
      "command": "LOGOS (tiered)",
      "mean": 5.49766062064,
      "stddev": 0.0657820562366225,
      "median": 5.5073412288400005,
      "user": 5.4947190599999995,
      "system": 0.00251086,
      "min": 5.32141337184,
      "max": 5.5476529258400005,
      "times": [
        5.32141337184,
        5.5057985168400005,
        5.5476529258400005,
        5.54579633484,
        5.5112756778400005,
        5.50494933484,
        5.547607016840001,
        5.4974327918400006,
        5.48579629484,
        5.5088839408400005
      ],
      "exit_codes": [
        0,
        0,
        0,
        0,
        0,
        0,
        0,
        0,
        0,
        0
      ]
    }
  ]
}
