{
  "results": [
    {
      "command": "JavaScript (Node)",
      "mean": 0.20328613420000002,
      "stddev": 0.005111556549429224,
      "median": 0.20160159,
      "user": 0.20000999999999997,
      "system": 0.005917499999999998,
      "min": 0.197777422,
      "max": 0.212842845,
      "times": [
        0.197777422,
        0.19877201500000002,
        0.201493729,
        0.211602339,
        0.212842845,
        0.199690837,
        0.20316318500000002,
        0.20132233900000002,
        0.20448718000000002,
        0.201709451
      ],
      "exit_codes": [
        0,
        0,
        0,
        0,
        0,
        0,
        0,
        0,
        0,
        0
      ]
    }
  ]
}
