{
  "results": [
    {
      "command": "Ruby",
      "mean": 5.520527706,
      "stddev": 0.015648975285779583,
      "median": 5.5186870325,
      "user": 5.507724299999999,
      "system": 0.012399699999999996,
      "min": 5.502177329,
      "max": 5.547196029,
      "times": [
        5.524456636,
        5.535787512,
        5.502177329,
        5.547196029,
        5.507642862,
        5.537870223,
        5.508974109,
        5.503798295,
        5.521916803,
        5.515457262
      ],
      "exit_codes": [
        0,
        0,
        0,
        0,
        0,
        0,
        0,
        0,
        0,
        0
      ]
    }
  ]
}
