{
  "results": [
    {
      "command": "Ruby",
      "mean": 5.4959451201,
      "stddev": 0.049732108019732664,
      "median": 5.485893944,
      "user": 5.4819289,
      "system": 0.013600300000000001,
      "min": 5.445089857,
      "max": 5.6174235370000005,
      "times": [
        5.6174235370000005,
        5.478085814,
        5.5202709930000005,
        5.508527751,
        5.48803487,
        5.508316976,
        5.447045195,
        5.483753018,
        5.4629031900000005,
        5.445089857
      ],
      "exit_codes": [
        0,
        0,
        0,
        0,
        0,
        0,
        0,
        0,
        0,
        0
      ]
    }
  ]
}
