{
  "results": [
    {
      "command": "LOGOS (interpreted)",
      "mean": 0.2723482583400001,
      "stddev": 0.00678745845777334,
      "median": 0.27396001814000004,
      "user": 0.27076957999999995,
      "system": 0.0013674159999999998,
      "min": 0.26199598514000005,
      "max": 0.28318448314000005,
      "times": [
        0.27245702114000003,
        0.27629727114,
        0.26199598514000005,
        0.27708725814,
        0.26597541914,
        0.28318448314000005,
        0.27012199814000004,
        0.27546301514000004,
        0.27713927614000006,
        0.26376085614000006
      ],
      "exit_codes": [
        0,
        0,
        0,
        0,
        0,
        0,
        0,
        0,
        0,
        0
      ]
    }
  ]
}
