{
  "results": [
    {
      "command": "LOGOS (tiered)",
      "mean": 0.27104202482,
      "stddev": 0.005948288593942902,
      "median": 0.27187117612,
      "user": 0.26908998,
      "system": 0.0017519399999999998,
      "min": 0.26317846362,
      "max": 0.27901524062,
      "times": [
        0.27391999362,
        0.26916005662,
        0.27510976362,
        0.27529634762,
        0.27734666162,
        0.26982235862,
        0.26317846362,
        0.26387546162000003,
        0.27901524062,
        0.26369590062
      ],
      "exit_codes": [
        0,
        0,
        0,
        0,
        0,
        0,
        0,
        0,
        0,
        0
      ]
    }
  ]
}
