{
  "results": [
    {
      "command": "Ruby",
      "mean": 5.5203416628,
      "stddev": 0.026582168496587826,
      "median": 5.5255118535,
      "user": 5.506255299999999,
      "system": 0.013699800000000002,
      "min": 5.480489738,
      "max": 5.563634238,
      "times": [
        5.519932446,
        5.49387918,
        5.5279788100000005,
        5.480489738,
        5.526204068,
        5.487085605,
        5.550390481,
        5.529002423,
        5.563634238,
        5.524819639
      ],
      "exit_codes": [
        0,
        0,
        0,
        0,
        0,
        0,
        0,
        0,
        0,
        0
      ]
    }
  ]
}
