{
  "results": [
    {
      "command": "LOGOS (interpreted)",
      "mean": 5.007574159000001,
      "stddev": 0.1877878086211354,
      "median": 4.9619746736,
      "user": 5.00545372,
      "system": 0.0017589799999999996,
      "min": 4.784590174100001,
      "max": 5.5062461771,
      "times": [
        4.9594102231,
        5.0147744931,
        4.784590174100001,
        4.9135405401000005,
        4.964539124100001,
        4.9527996471,
        5.5062461771,
        4.9966711861,
        5.0253957921,
        4.9577742331
      ],
      "exit_codes": [
        0,
        0,
        0,
        0,
        0,
        0,
        0,
        0,
        0,
        0
      ]
    }
  ]
}
