{
  "results": [
    {
      "command": "Python",
      "mean": 4.429453839300001,
      "stddev": 0.1543854780192979,
      "median": 4.3908532099999995,
      "user": 4.4271622,
      "system": 0.0020000000000000005,
      "min": 4.281482858,
      "max": 4.838217928,
      "times": [
        4.334263563,
        4.402921932,
        4.485862314,
        4.281482858,
        4.378784488,
        4.358629043,
        4.838217928,
        4.440545478,
        4.411992736,
        4.361838053
      ],
      "exit_codes": [
        0,
        0,
        0,
        0,
        0,
        0,
        0,
        0,
        0,
        0
      ]
    }
  ]
}
