{
  "results": [
    {
      "command": "Python",
      "mean": 4.6019330244,
      "stddev": 0.22220754921001787,
      "median": 4.5255049255,
      "user": 4.5985756,
      "system": 0.0026001,
      "min": 4.38963607,
      "max": 4.984539535,
      "times": [
        4.391793019,
        4.401389022,
        4.465848521,
        4.546614702,
        4.5043951490000005,
        4.6403553980000005,
        4.759361201,
        4.984539535,
        4.935397627,
        4.38963607
      ],
      "exit_codes": [
        0,
        0,
        0,
        0,
        0,
        0,
        0,
        0,
        0,
        0
      ]
    }
  ]
}
