{
  "results": [
    {
      "command": "LOGOS (interpreted)",
      "mean": 5.48344322374,
      "stddev": 0.06704119056252818,
      "median": 5.50709535684,
      "user": 5.481384139999999,
      "system": 0.0016195,
      "min": 5.32526845734,
      "max": 5.5493905973399995,
      "times": [
        5.5493905973399995,
        5.32526845734,
        5.50630484234,
        5.45525213234,
        5.50788587134,
        5.5202627583399995,
        5.52274064634,
        5.53096931334,
        5.42121755934,
        5.49514005934
      ],
      "exit_codes": [
        0,
        0,
        0,
        0,
        0,
        0,
        0,
        0,
        0,
        0
      ]
    }
  ]
}
