{
  "results": [
    {
      "command": "JavaScript (Node)",
      "mean": 0.2066713635,
      "stddev": 0.0039043418358003595,
      "median": 0.20610870400000003,
      "user": 0.2021351,
      "system": 0.007316399999999999,
      "min": 0.201815566,
      "max": 0.213112411,
      "times": [
        0.207023284,
        0.201815566,
        0.20657138400000002,
        0.20232090300000002,
        0.20366288000000002,
        0.212987787,
        0.205646024,
        0.213112411,
        0.205553278,
        0.208020118
      ],
      "exit_codes": [
        0,
        0,
        0,
        0,
        0,
        0,
        0,
        0,
        0,
        0
      ]
    }
  ]
}
