{
  "results": [
    {
      "command": "JavaScript (Node)",
      "mean": 0.2032432844,
      "stddev": 0.0055899751705941565,
      "median": 0.203871603,
      "user": 0.19959539999999998,
      "system": 0.0062929,
      "min": 0.196289137,
      "max": 0.209680479,
      "times": [
        0.20863835300000003,
        0.19788318100000002,
        0.20776591300000002,
        0.208502989,
        0.196289137,
        0.209680479,
        0.200227702,
        0.19906162600000002,
        0.20751550400000002,
        0.19686796
      ],
      "exit_codes": [
        0,
        0,
        0,
        0,
        0,
        0,
        0,
        0,
        0,
        0
      ]
    }
  ]
}
