{
  "results": [
    {
      "command": "Python",
      "mean": 4.4395237212,
      "stddev": 0.17084311863342386,
      "median": 4.3795678005,
      "user": 4.4370387000000004,
      "system": 0.0021998,
      "min": 4.213279818,
      "max": 4.751474368,
      "times": [
        4.336867271,
        4.35747959,
        4.5254534379999996,
        4.667324118,
        4.509041717,
        4.401656011,
        4.338918309,
        4.213279818,
        4.751474368,
        4.293742572
      ],
      "exit_codes": [
        0,
        0,
        0,
        0,
        0,
        0,
        0,
        0,
        0,
        0
      ]
    }
  ]
}
