{
  "results": [
    {
      "command": "LOGOS (interpreted)",
      "mean": 0.46662821260000004,
      "stddev": 0.004688503923571799,
      "median": 0.4647229346,
      "user": 0.4654466599999999,
      "system": 0.0009842739999999998,
      "min": 0.46207856760000005,
      "max": 0.4760761706,
      "times": [
        0.47181642160000004,
        0.46207856760000005,
        0.4640835676,
        0.4760761706,
        0.46228359760000004,
        0.46543241460000007,
        0.4643443366,
        0.46399765960000006,
        0.46510153260000003,
        0.47106785760000003
      ],
      "exit_codes": [
        0,
        0,
        0,
        0,
        0,
        0,
        0,
        0,
        0,
        0
      ]
    }
  ]
}
