{
  "results": [
    {
      "command": "JavaScript (Node)",
      "mean": 0.24715574990000003,
      "stddev": 0.0053052309080008995,
      "median": 0.2454203465,
      "user": 0.242292,
      "system": 0.0058069,
      "min": 0.24234933200000003,
      "max": 0.259063722,
      "times": [
        0.245526459,
        0.246241333,
        0.24234933200000003,
        0.24259054300000002,
        0.25421061300000003,
        0.259063722,
        0.246493451,
        0.24531423400000002,
        0.24516003800000002,
        0.24460777400000003
      ],
      "exit_codes": [
        0,
        0,
        0,
        0,
        0,
        0,
        0,
        0,
        0,
        0
      ]
    }
  ]
}
