{
  "results": [
    {
      "command": "LOGOS (interpreted)",
      "mean": 0.18731444456,
      "stddev": 0.005535569706761212,
      "median": 0.18525104536000003,
      "user": 0.18033775999999996,
      "system": 0.0066941200000000005,
      "min": 0.18143092836000002,
      "max": 0.19781923036000001,
      "times": [
        0.18143092836000002,
        0.18536509936,
        0.18450943536000003,
        0.19513179136000003,
        0.18241828036000002,
        0.18882402436,
        0.19781923036000001,
        0.18513699136000003,
        0.18273315836,
        0.18977550636
      ],
      "exit_codes": [
        0,
        0,
        0,
        0,
        0,
        0,
        0,
        0,
        0,
        0
      ]
    }
  ]
}
