{
  "results": [
    {
      "command": "JavaScript (Node)",
      "mean": 0.20663741870000002,
      "stddev": 0.0030236553337438733,
      "median": 0.20550756550000002,
      "user": 0.20235879999999998,
      "system": 0.005004300000000001,
      "min": 0.203223695,
      "max": 0.212151115,
      "times": [
        0.211064364,
        0.205352629,
        0.208838977,
        0.203223695,
        0.204828475,
        0.206411336,
        0.212151115,
        0.20566250200000002,
        0.20429851000000002,
        0.204542584
      ],
      "exit_codes": [
        0,
        0,
        0,
        0,
        0,
        0,
        0,
        0,
        0,
        0
      ]
    }
  ]
}
