{
  "results": [
    {
      "command": "Python",
      "mean": 5.604207615999999,
      "stddev": 0.12231499713132868,
      "median": 5.5979621875,
      "user": 5.6012525,
      "system": 0.0025998,
      "min": 5.414828096,
      "max": 5.800054223,
      "times": [
        5.61014856,
        5.5487009,
        5.720196744,
        5.584384048,
        5.644886133,
        5.414828096,
        5.800054223,
        5.585775815,
        5.7055379550000005,
        5.427563686
      ],
      "exit_codes": [
        0,
        0,
        0,
        0,
        0,
        0,
        0,
        0,
        0,
        0
      ]
    }
  ]
}
