{
  "results": [
    {
      "command": "Ruby",
      "mean": 3.794479413,
      "stddev": 0.017170513799371706,
      "median": 3.7965954140000004,
      "user": 3.7790405,
      "system": 0.015099499999999998,
      "min": 3.7672983330000003,
      "max": 3.820047291,
      "times": [
        3.774843555,
        3.792495523,
        3.820047291,
        3.776934201,
        3.7672983330000003,
        3.814834752,
        3.802608174,
        3.7944499670000003,
        3.798740861,
        3.802541473
      ],
      "exit_codes": [
        0,
        0,
        0,
        0,
        0,
        0,
        0,
        0,
        0,
        0
      ]
    }
  ]
}
