{
  "results": [
    {
      "command": "Python",
      "mean": 5.7052971014,
      "stddev": 0.1808943731412534,
      "median": 5.756037073,
      "user": 5.702617399999999,
      "system": 0.0023,
      "min": 5.39087974,
      "max": 5.941387744,
      "times": [
        5.764475949,
        5.747598197,
        5.648342301,
        5.941387744,
        5.403047873,
        5.838194712,
        5.708345594,
        5.39087974,
        5.839451662,
        5.771247242
      ],
      "exit_codes": [
        0,
        0,
        0,
        0,
        0,
        0,
        0,
        0,
        0,
        0
      ]
    }
  ]
}
