{
  "results": [
    {
      "command": "LOGOS (tiered)",
      "mean": 0.18622197344,
      "stddev": 0.005177862792247041,
      "median": 0.18431916534000004,
      "user": 0.18406943999999997,
      "system": 0.00187574,
      "min": 0.17990668534,
      "max": 0.19537303534000003,
      "times": [
        0.19189821834,
        0.18482098134000002,
        0.19537303534000003,
        0.18201021934000003,
        0.18664829534000002,
        0.18198970434000003,
        0.18381734934000002,
        0.19214305034,
        0.18361219534,
        0.17990668534
      ],
      "exit_codes": [
        0,
        0,
        0,
        0,
        0,
        0,
        0,
        0,
        0,
        0
      ]
    }
  ]
}
