{
  "results": [
    {
      "command": "LOGOS (interpreted)",
      "mean": 0.18532585084,
      "stddev": 0.006630059612265777,
      "median": 0.18694542264000003,
      "user": 0.18397174,
      "system": 0.001199102,
      "min": 0.17706352614,
      "max": 0.19646682114000003,
      "times": [
        0.17838761214,
        0.18590330114,
        0.19218584514,
        0.18881860214,
        0.19646682114000003,
        0.17772626914,
        0.18798754414000002,
        0.18056511614,
        0.17706352614,
        0.18815387114
      ],
      "exit_codes": [
        0,
        0,
        0,
        0,
        0,
        0,
        0,
        0,
        0,
        0
      ]
    }
  ]
}
