{
  "results": [
    {
      "command": "LOGOS (tiered)",
      "mean": 0.35819516196000006,
      "stddev": 0.00698537109704207,
      "median": 0.35614690126000004,
      "user": 0.35097535999999996,
      "system": 0.00688906,
      "min": 0.35152441026000003,
      "max": 0.37515831526000004,
      "times": [
        0.35820864826000004,
        0.37515831526000004,
        0.35428392626000005,
        0.36463730926000004,
        0.35739909626000005,
        0.35819414526000004,
        0.35489470626,
        0.35152441026000003,
        0.35337949126,
        0.35427157126000003
      ],
      "exit_codes": [
        0,
        0,
        0,
        0,
        0,
        0,
        0,
        0,
        0,
        0
      ]
    }
  ]
}
