{
  "results": [
    {
      "command": "LOGOS (interpreted)",
      "mean": 0.17273827804000003,
      "stddev": 0.0026816540826970535,
      "median": 0.17190899684,
      "user": 0.16633122,
      "system": 0.006211279999999999,
      "min": 0.16977382834000002,
      "max": 0.17819083534000002,
      "times": [
        0.17366401834,
        0.17200767034,
        0.17125903334,
        0.16977382834000002,
        0.17231648934000002,
        0.17181032334000002,
        0.17158915134000002,
        0.17819083534000002,
        0.17026912434000002,
        0.17650230634
      ],
      "exit_codes": [
        0,
        0,
        0,
        0,
        0,
        0,
        0,
        0,
        0,
        0
      ]
    }
  ]
}
