{
  "results": [
    {
      "command": "Python",
      "mean": 1.9621967015,
      "stddev": 0.009726485406289074,
      "median": 1.9596106995,
      "user": 1.9594837999999999,
      "system": 0.0024000000000000002,
      "min": 1.9522824010000002,
      "max": 1.9821821370000001,
      "times": [
        1.9821821370000001,
        1.9522824010000002,
        1.968765144,
        1.9704345970000001,
        1.955039581,
        1.96192199,
        1.952871368,
        1.957299409,
        1.954449917,
        1.966720471
      ],
      "exit_codes": [
        0,
        0,
        0,
        0,
        0,
        0,
        0,
        0,
        0,
        0
      ]
    }
  ]
}
