{
  "results": [
    {
      "command": "Python",
      "mean": 1.9634603891000002,
      "stddev": 0.0046875265734076105,
      "median": 1.9624880345,
      "user": 1.9609908,
      "system": 0.0021001000000000006,
      "min": 1.9552975510000001,
      "max": 1.9714810580000002,
      "times": [
        1.965784007,
        1.958909051,
        1.9714810580000002,
        1.962669971,
        1.967114449,
        1.96775257,
        1.9552975510000001,
        1.961224638,
        1.9620644980000002,
        1.962306098
      ],
      "exit_codes": [
        0,
        0,
        0,
        0,
        0,
        0,
        0,
        0,
        0,
        0
      ]
    }
  ]
}
