{
  "results": [
    {
      "command": "JavaScript (Node)",
      "mean": 0.21387367080000003,
      "stddev": 0.0056040874655316165,
      "median": 0.21272933500000002,
      "user": 0.2083434,
      "system": 0.006392500000000001,
      "min": 0.20768972400000002,
      "max": 0.227387642,
      "times": [
        0.212647454,
        0.21785230100000003,
        0.21509528500000002,
        0.20871650800000002,
        0.21077814800000003,
        0.211524073,
        0.21423435700000001,
        0.20768972400000002,
        0.21281121600000003,
        0.227387642
      ],
      "exit_codes": [
        0,
        0,
        0,
        0,
        0,
        0,
        0,
        0,
        0,
        0
      ]
    }
  ]
}
