{
  "results": [
    {
      "command": "Ruby",
      "mean": 1.4526112678999998,
      "stddev": 0.014967524681040761,
      "median": 1.4490326995,
      "user": 1.4430996,
      "system": 0.0092998,
      "min": 1.434542243,
      "max": 1.483381143,
      "times": [
        1.483381143,
        1.4517692960000002,
        1.47177229,
        1.434542243,
        1.44314446,
        1.458557216,
        1.44810672,
        1.449958679,
        1.439619488,
        1.445261144
      ],
      "exit_codes": [
        0,
        0,
        0,
        0,
        0,
        0,
        0,
        0,
        0,
        0
      ]
    }
  ]
}
