{
  "results": [
    {
      "command": "LOGOS (tiered)",
      "mean": 0.3604269144,
      "stddev": 0.010410536622215898,
      "median": 0.35880255470000005,
      "user": 0.3547071,
      "system": 0.0054598599999999995,
      "min": 0.34758137320000004,
      "max": 0.37904168320000003,
      "times": [
        0.36152751220000007,
        0.35655623920000007,
        0.37904168320000003,
        0.37642162520000005,
        0.34849570820000003,
        0.34758137320000004,
        0.36104887020000004,
        0.36228622520000003,
        0.35591081320000006,
        0.35539909420000004
      ],
      "exit_codes": [
        0,
        0,
        0,
        0,
        0,
        0,
        0,
        0,
        0,
        0
      ]
    }
  ]
}
