{
  "results": [
    {
      "command": "LOGOS (interpreted)",
      "mean": 0.63697885284,
      "stddev": 0.013011221803908629,
      "median": 0.63272578734,
      "user": 0.62952748,
      "system": 0.007140820000000001,
      "min": 0.62413189784,
      "max": 0.66806933884,
      "times": [
        0.63220878184,
        0.63643541984,
        0.62413189784,
        0.62920736384,
        0.62703752684,
        0.66806933884,
        0.63324279284,
        0.64723319384,
        0.64278470884,
        0.62943750384
      ],
      "exit_codes": [
        0,
        0,
        0,
        0,
        0,
        0,
        0,
        0,
        0,
        0
      ]
    }
  ]
}
