{
  "results": [
    {
      "command": "Python",
      "mean": 1.9714776781,
      "stddev": 0.008956220864695502,
      "median": 1.9725756800000003,
      "user": 1.968789,
      "system": 0.0022998000000000003,
      "min": 1.957505977,
      "max": 1.981603131,
      "times": [
        1.980780068,
        1.97037403,
        1.98011617,
        1.9667258040000002,
        1.981603131,
        1.9747773300000002,
        1.957505977,
        1.958138614,
        1.967438366,
        1.977317291
      ],
      "exit_codes": [
        0,
        0,
        0,
        0,
        0,
        0,
        0,
        0,
        0,
        0
      ]
    }
  ]
}
