{
  "results": [
    {
      "command": "Ruby",
      "mean": 3.7554287824,
      "stddev": 0.028022953109069854,
      "median": 3.7553732440000003,
      "user": 3.7400670999999996,
      "system": 0.014999099999999998,
      "min": 3.713584179,
      "max": 3.789091618,
      "times": [
        3.780334479,
        3.713584179,
        3.74267875,
        3.768067738,
        3.7252805440000003,
        3.785968456,
        3.778524001,
        3.729817857,
        3.789091618,
        3.740940202
      ],
      "exit_codes": [
        0,
        0,
        0,
        0,
        0,
        0,
        0,
        0,
        0,
        0
      ]
    }
  ]
}
