{
  "results": [
    {
      "command": "Python",
      "mean": 5.7465352382,
      "stddev": 0.21889617923767996,
      "median": 5.7127204,
      "user": 5.743242999999999,
      "system": 0.0029998,
      "min": 5.498545382,
      "max": 6.166373402,
      "times": [
        5.680416172,
        5.502394119,
        5.632505261,
        5.498545382,
        5.560536792,
        5.833084984,
        5.845897034,
        5.745024628,
        6.000574608,
        6.166373402
      ],
      "exit_codes": [
        0,
        0,
        0,
        0,
        0,
        0,
        0,
        0,
        0,
        0
      ]
    }
  ]
}
