{
  "results": [
    {
      "command": "Ruby",
      "mean": 1.4491345096000001,
      "stddev": 0.004347025689124068,
      "median": 1.448231588,
      "user": 1.4393998999999997,
      "system": 0.0095005,
      "min": 1.44392391,
      "max": 1.457142506,
      "times": [
        1.457142506,
        1.454275831,
        1.449182919,
        1.446771376,
        1.444847597,
        1.445719611,
        1.45301817,
        1.448134372,
        1.448328804,
        1.44392391
      ],
      "exit_codes": [
        0,
        0,
        0,
        0,
        0,
        0,
        0,
        0,
        0,
        0
      ]
    }
  ]
}
