{
  "results": [
    {
      "command": "LOGOS (interpreted)",
      "mean": 0.18603261071999996,
      "stddev": 0.005845704831947381,
      "median": 0.18239951721999997,
      "user": 0.18448573999999998,
      "system": 0.0013055879999999999,
      "min": 0.18172597922,
      "max": 0.19762392622,
      "times": [
        0.18544631522,
        0.18227999922,
        0.18178391922,
        0.19257833522,
        0.18204257822,
        0.19762392622,
        0.18172597922,
        0.18251903522,
        0.18223859022,
        0.19208742922
      ],
      "exit_codes": [
        0,
        0,
        0,
        0,
        0,
        0,
        0,
        0,
        0,
        0
      ]
    }
  ]
}
