{
  "results": [
    {
      "command": "Ruby",
      "mean": 1.4856079944,
      "stddev": 0.08866506451969262,
      "median": 1.4569398735,
      "user": 1.4760423,
      "system": 0.0092993,
      "min": 1.448936119,
      "max": 1.737608768,
      "times": [
        1.448936119,
        1.456891015,
        1.4654919720000001,
        1.462555035,
        1.4569887320000001,
        1.453838457,
        1.456690435,
        1.455942303,
        1.737608768,
        1.461137108
      ],
      "exit_codes": [
        0,
        0,
        0,
        0,
        0,
        0,
        0,
        0,
        0,
        0
      ]
    }
  ]
}
