{
  "results": [
    {
      "command": "JavaScript (Node)",
      "mean": 0.2454780436,
      "stddev": 0.002970092829064444,
      "median": 0.24514991000000003,
      "user": 0.2414529,
      "system": 0.0051138,
      "min": 0.24041909800000003,
      "max": 0.24986653700000003,
      "times": [
        0.248936713,
        0.245612292,
        0.24986653700000003,
        0.24468752800000002,
        0.24406086800000001,
        0.24041909800000003,
        0.24841436400000003,
        0.24296666000000003,
        0.24343356200000002,
        0.246382814
      ],
      "exit_codes": [
        0,
        0,
        0,
        0,
        0,
        0,
        0,
        0,
        0,
        0
      ]
    }
  ]
}
