{
  "results": [
    {
      "command": "JavaScript (Node)",
      "mean": 0.20888422240000004,
      "stddev": 0.0037676068137376677,
      "median": 0.20904029600000001,
      "user": 0.2037337,
      "system": 0.005888900000000001,
      "min": 0.203696397,
      "max": 0.216345528,
      "times": [
        0.203696397,
        0.21118799300000002,
        0.216345528,
        0.20536020400000002,
        0.20723607700000002,
        0.21132165400000003,
        0.204943276,
        0.208953576,
        0.20912701600000003,
        0.210670503
      ],
      "exit_codes": [
        0,
        0,
        0,
        0,
        0,
        0,
        0,
        0,
        0,
        0
      ]
    }
  ]
}
