{
  "results": [
    {
      "command": "JavaScript (Node)",
      "mean": 0.24802599630000005,
      "stddev": 0.00449176631630577,
      "median": 0.24700718850000003,
      "user": 0.24361850000000002,
      "system": 0.0054101999999999996,
      "min": 0.243079606,
      "max": 0.25564026900000003,
      "times": [
        0.244972511,
        0.24695946700000002,
        0.25246847,
        0.24705491000000002,
        0.24451313900000002,
        0.253659064,
        0.24872760900000002,
        0.243079606,
        0.24318491800000003,
        0.25564026900000003
      ],
      "exit_codes": [
        0,
        0,
        0,
        0,
        0,
        0,
        0,
        0,
        0,
        0
      ]
    }
  ]
}
