{
  "results": [
    {
      "command": "Ruby",
      "mean": 3.74675975,
      "stddev": 0.01542984214637903,
      "median": 3.7471496675,
      "user": 3.7306091,
      "system": 0.0157994,
      "min": 3.721434104,
      "max": 3.768170951,
      "times": [
        3.745550349,
        3.75773944,
        3.763086469,
        3.725322421,
        3.768170951,
        3.756920343,
        3.748748986,
        3.721434104,
        3.738825733,
        3.741798704
      ],
      "exit_codes": [
        0,
        0,
        0,
        0,
        0,
        0,
        0,
        0,
        0,
        0
      ]
    }
  ]
}
