{
  "results": [
    {
      "command": "LOGOS (tiered)",
      "mean": 0.18343646274,
      "stddev": 0.007605995355034692,
      "median": 0.18041079344,
      "user": 0.18215888,
      "system": 0.001107314,
      "min": 0.17720444644000002,
      "max": 0.20200270044000002,
      "times": [
        0.18674471044000002,
        0.17806398244000002,
        0.17795989144000002,
        0.17984944444,
        0.17929667844000002,
        0.17720444644000002,
        0.18097214244,
        0.20200270044000002,
        0.18902247644,
        0.18324815444
      ],
      "exit_codes": [
        0,
        0,
        0,
        0,
        0,
        0,
        0,
        0,
        0,
        0
      ]
    }
  ]
}
