{
  "results": [
    {
      "command": "JavaScript (Node)",
      "mean": 0.24447719839999998,
      "stddev": 0.005568342701778835,
      "median": 0.24255723250000003,
      "user": 0.24137550000000002,
      "system": 0.0050977999999999996,
      "min": 0.23880525700000002,
      "max": 0.25403451600000004,
      "times": [
        0.23983700400000002,
        0.23880525700000002,
        0.24435085,
        0.24220447900000003,
        0.239594875,
        0.24290998600000002,
        0.25403451600000004,
        0.252184348,
        0.24087886400000003,
        0.24997180500000002
      ],
      "exit_codes": [
        0,
        0,
        0,
        0,
        0,
        0,
        0,
        0,
        0,
        0
      ]
    }
  ]
}
