{
  "results": [
    {
      "command": "JavaScript (Node)",
      "mean": 0.2397465532,
      "stddev": 0.003978840848618126,
      "median": 0.23827956500000003,
      "user": 0.23645619999999998,
      "system": 0.0057983,
      "min": 0.23667863300000003,
      "max": 0.25015041800000004,
      "times": [
        0.23667863300000003,
        0.23919055900000002,
        0.23761519900000003,
        0.24227751,
        0.238098575,
        0.23970242500000002,
        0.238398713,
        0.238160417,
        0.23719308300000003,
        0.25015041800000004
      ],
      "exit_codes": [
        0,
        0,
        0,
        0,
        0,
        0,
        0,
        0,
        0,
        0
      ]
    }
  ]
}
