{
  "results": [
    {
      "command": "Python",
      "mean": 1.5943553073,
      "stddev": 0.020639848159659167,
      "median": 1.597308533,
      "user": 1.5918444999999999,
      "system": 0.0022998000000000003,
      "min": 1.567660208,
      "max": 1.621222156,
      "times": [
        1.605399361,
        1.5914992950000002,
        1.603117771,
        1.576991396,
        1.567660208,
        1.621222156,
        1.610762798,
        1.569996985,
        1.6207570210000002,
        1.5761460820000002
      ],
      "exit_codes": [
        0,
        0,
        0,
        0,
        0,
        0,
        0,
        0,
        0,
        0
      ]
    }
  ]
}
