{
  "results": [
    {
      "command": "LOGOS (interpreted)",
      "mean": 0.50379172246,
      "stddev": 0.003903288699292274,
      "median": 0.5025943176600001,
      "user": 0.5024818999999999,
      "system": 0.00113624,
      "min": 0.49952694966000005,
      "max": 0.51021892166,
      "times": [
        0.50135972066,
        0.50219981966,
        0.51021892166,
        0.49952694966000005,
        0.5002846726600001,
        0.50636893266,
        0.49961330566000006,
        0.50865854966,
        0.5066975366600001,
        0.5029888156600001
      ],
      "exit_codes": [
        0,
        0,
        0,
        0,
        0,
        0,
        0,
        0,
        0,
        0
      ]
    }
  ]
}
