{
  "results": [
    {
      "command": "LOGOS (interpreted)",
      "mean": 0.25672293170000005,
      "stddev": 0.004595858316633827,
      "median": 0.25583832530000006,
      "user": 0.25519349999999996,
      "system": 0.00137982,
      "min": 0.2520437258,
      "max": 0.2645788498,
      "times": [
        0.25790936480000004,
        0.2645788498,
        0.2528168638,
        0.2531092878,
        0.2520437258,
        0.25907936680000004,
        0.25258732780000004,
        0.2580007958,
        0.2633364488,
        0.2537672858
      ],
      "exit_codes": [
        0,
        0,
        0,
        0,
        0,
        0,
        0,
        0,
        0,
        0
      ]
    }
  ]
}
