{
  "results": [
    {
      "command": "LOGOS (tiered)",
      "mean": 0.32765390366,
      "stddev": 0.004650202131433929,
      "median": 0.32762246976,
      "user": 0.3161885000000001,
      "system": 0.011203880000000001,
      "min": 0.32163336926,
      "max": 0.33531475526,
      "times": [
        0.33119602826,
        0.33531475526,
        0.32491259426,
        0.32398899926,
        0.32163336926,
        0.33033234526,
        0.32300899326,
        0.33053469226,
        0.32399451626,
        0.33162274326
      ],
      "exit_codes": [
        0,
        0,
        0,
        0,
        0,
        0,
        0,
        0,
        0,
        0
      ]
    }
  ]
}
