{
  "results": [
    {
      "command": "LOGOS (interpreted)",
      "mean": 0.26789599937999997,
      "stddev": 0.0036207946380622286,
      "median": 0.26836863018,
      "user": 0.2657524,
      "system": 0.00184122,
      "min": 0.26298065018,
      "max": 0.27399973918,
      "times": [
        0.26964230418,
        0.26868384618,
        0.26813960718,
        0.26859765318,
        0.27399973918,
        0.26418128018,
        0.26298065018,
        0.26394099317999997,
        0.26636330218,
        0.27243061818
      ],
      "exit_codes": [
        0,
        0,
        0,
        0,
        0,
        0,
        0,
        0,
        0,
        0
      ]
    }
  ]
}
