{
  "results": [
    {
      "command": "Python",
      "mean": 1.5550429574,
      "stddev": 0.041887831755790216,
      "median": 1.5439780105,
      "user": 1.5524067000000001,
      "system": 0.0024000000000000002,
      "min": 1.51991735,
      "max": 1.660927905,
      "times": [
        1.556685549,
        1.573464962,
        1.660927905,
        1.5424537919999999,
        1.523552041,
        1.526722296,
        1.545502229,
        1.572062339,
        1.529141111,
        1.51991735
      ],
      "exit_codes": [
        0,
        0,
        0,
        0,
        0,
        0,
        0,
        0,
        0,
        0
      ]
    }
  ]
}
