{
  "results": [
    {
      "command": "Ruby",
      "mean": 1.2503671227,
      "stddev": 0.012638943768087583,
      "median": 1.2517467245,
      "user": 1.2418359,
      "system": 0.008301300000000001,
      "min": 1.225502014,
      "max": 1.268111209,
      "times": [
        1.237956443,
        1.258232443,
        1.225502014,
        1.252724347,
        1.250769102,
        1.256134169,
        1.268111209,
        1.264197135,
        1.244219467,
        1.245824898
      ],
      "exit_codes": [
        0,
        0,
        0,
        0,
        0,
        0,
        0,
        0,
        0,
        0
      ]
    }
  ]
}
