{
  "results": [
    {
      "command": "Ruby",
      "mean": 1.2580710939000002,
      "stddev": 0.014715538656731041,
      "median": 1.256875387,
      "user": 1.2484213,
      "system": 0.009399,
      "min": 1.238361334,
      "max": 1.278920568,
      "times": [
        1.260717329,
        1.264899851,
        1.243417101,
        1.249211031,
        1.253033445,
        1.269809054,
        1.27844056,
        1.278920568,
        1.243900666,
        1.238361334
      ],
      "exit_codes": [
        0,
        0,
        0,
        0,
        0,
        0,
        0,
        0,
        0,
        0
      ]
    }
  ]
}
