{
  "results": [
    {
      "command": "Python",
      "mean": 1.5774766010999999,
      "stddev": 0.022116721996555625,
      "median": 1.5762994385,
      "user": 1.5746762,
      "system": 0.0025997999999999998,
      "min": 1.546303973,
      "max": 1.620937487,
      "times": [
        1.546303973,
        1.577789922,
        1.592459266,
        1.558892487,
        1.5707021220000001,
        1.5529809509999999,
        1.591923504,
        1.620937487,
        1.587967344,
        1.574808955
      ],
      "exit_codes": [
        0,
        0,
        0,
        0,
        0,
        0,
        0,
        0,
        0,
        0
      ]
    }
  ]
}
