{
  "results": [
    {
      "command": "LOGOS (tiered)",
      "mean": 0.32647906536000004,
      "stddev": 0.024787699885009538,
      "median": 0.31817245506,
      "user": 0.31508464,
      "system": 0.0112096,
      "min": 0.31433606206,
      "max": 0.39620590406,
      "times": [
        0.31776099406,
        0.31825041906,
        0.32804693906,
        0.31940343706,
        0.31433606206,
        0.31809449106,
        0.31509323606,
        0.32059692806,
        0.31700224306,
        0.39620590406
      ],
      "exit_codes": [
        0,
        0,
        0,
        0,
        0,
        0,
        0,
        0,
        0,
        0
      ]
    }
  ]
}
