{
  "results": [
    {
      "command": "JavaScript (Node)",
      "mean": 0.242298685,
      "stddev": 0.004825467794505295,
      "median": 0.24140771700000002,
      "user": 0.2388982,
      "system": 0.005202399999999999,
      "min": 0.23729799000000001,
      "max": 0.253387815,
      "times": [
        0.240150839,
        0.239978137,
        0.23729799000000001,
        0.253387815,
        0.24480474100000002,
        0.24532272200000002,
        0.23770485500000002,
        0.238528859,
        0.243146297,
        0.242664595
      ],
      "exit_codes": [
        0,
        0,
        0,
        0,
        0,
        0,
        0,
        0,
        0,
        0
      ]
    }
  ]
}
