{
  "results": [
    {
      "command": "Ruby",
      "mean": 1.2579308863,
      "stddev": 0.01391336572226197,
      "median": 1.255590536,
      "user": 1.2482035,
      "system": 0.009499699999999998,
      "min": 1.246389823,
      "max": 1.294303544,
      "times": [
        1.259186757,
        1.263019328,
        1.294303544,
        1.257319027,
        1.248271959,
        1.256363086,
        1.246565478,
        1.254817986,
        1.253071875,
        1.246389823
      ],
      "exit_codes": [
        0,
        0,
        0,
        0,
        0,
        0,
        0,
        0,
        0,
        0
      ]
    }
  ]
}
