{
  "results": [
    {
      "command": "Python",
      "mean": 6.4239600319,
      "stddev": 0.13907231453182822,
      "median": 6.374789293999999,
      "user": 6.293928899999999,
      "system": 0.1294901,
      "min": 6.269451846,
      "max": 6.7119145,
      "times": [
        6.328872444,
        6.378894653,
        6.344947301,
        6.51133792,
        6.294002902,
        6.370683935,
        6.459443321,
        6.570051497,
        6.7119145,
        6.269451846
      ],
      "exit_codes": [
        0,
        0,
        0,
        0,
        0,
        0,
        0,
        0,
        0,
        0
      ]
    }
  ]
}
