{
  "results": [
    {
      "command": "Python",
      "mean": 6.3559727492,
      "stddev": 0.18905559691716267,
      "median": 6.3330222805,
      "user": 6.2158065,
      "system": 0.13959360000000004,
      "min": 5.996208652,
      "max": 6.673975295,
      "times": [
        6.272796504,
        6.295355251,
        6.460198603,
        6.533605764,
        6.200146342,
        6.361862961,
        6.673975295,
        5.996208652,
        6.3041816,
        6.46139652
      ],
      "exit_codes": [
        0,
        0,
        0,
        0,
        0,
        0,
        0,
        0,
        0,
        0
      ]
    }
  ]
}
