{
  "results": [
    {
      "command": "LOGOS (tiered)",
      "mean": 0.62377169914,
      "stddev": 0.014475169366676581,
      "median": 0.6238228537399999,
      "user": 0.5320316199999999,
      "system": 0.09141194,
      "min": 0.59899475424,
      "max": 0.64278759924,
      "times": [
        0.63705556424,
        0.63225052024,
        0.62033897024,
        0.61756228724,
        0.60336629224,
        0.59899475424,
        0.62320171324,
        0.64278759924,
        0.62444399424,
        0.63771529624
      ],
      "exit_codes": [
        0,
        0,
        0,
        0,
        0,
        0,
        0,
        0,
        0,
        0
      ]
    }
  ]
}
