{
  "results": [
    {
      "command": "Ruby",
      "mean": 2.1777807733,
      "stddev": 0.022403412753690188,
      "median": 2.17754205,
      "user": 2.1304673999999997,
      "system": 0.046899699999999996,
      "min": 2.152276518,
      "max": 2.215562352,
      "times": [
        2.189030633,
        2.154975492,
        2.152276518,
        2.1660534670000002,
        2.162018034,
        2.202539032,
        2.190283834,
        2.189597542,
        2.155470829,
        2.215562352
      ],
      "exit_codes": [
        0,
        0,
        0,
        0,
        0,
        0,
        0,
        0,
        0,
        0
      ]
    }
  ]
}
