{
  "results": [
    {
      "command": "LOGOS (interpreted)",
      "mean": 0.4263597439200001,
      "stddev": 0.007645630586464045,
      "median": 0.42828385412000003,
      "user": 0.33743132,
      "system": 0.08876577999999999,
      "min": 0.41438786462000005,
      "max": 0.43602963062,
      "times": [
        0.43263725462,
        0.42085699562,
        0.43075306662,
        0.43075633562000004,
        0.41487153462000004,
        0.41438786462000005,
        0.42442682962,
        0.43602963062,
        0.43306328562,
        0.42581464162000005
      ],
      "exit_codes": [
        0,
        0,
        0,
        0,
        0,
        0,
        0,
        0,
        0,
        0
      ]
    }
  ]
}
