{
  "results": [
    {
      "command": "Python",
      "mean": 6.150179132700001,
      "stddev": 0.13576303114249186,
      "median": 6.1516773215,
      "user": 6.009578299999999,
      "system": 0.1399897,
      "min": 5.948942177,
      "max": 6.34376972,
      "times": [
        6.245399359,
        6.34376972,
        6.078542644,
        6.066210896,
        5.948942177,
        6.280455274,
        6.152514068,
        6.150840575,
        6.27175856,
        5.963358054
      ],
      "exit_codes": [
        0,
        0,
        0,
        0,
        0,
        0,
        0,
        0,
        0,
        0
      ]
    }
  ]
}
