{
  "results": [
    {
      "command": "JavaScript (Node)",
      "mean": 0.25549470440000005,
      "stddev": 0.014618668006765248,
      "median": 0.25302709050000005,
      "user": 0.23731010000000002,
      "system": 0.027593799999999995,
      "min": 0.23791604800000002,
      "max": 0.278592295,
      "times": [
        0.265919458,
        0.258334192,
        0.278592295,
        0.274943918,
        0.261672775,
        0.246338888,
        0.23816209500000002,
        0.24771998900000003,
        0.24534738600000003,
        0.23791604800000002
      ],
      "exit_codes": [
        0,
        0,
        0,
        0,
        0,
        0,
        0,
        0,
        0,
        0
      ]
    }
  ]
}
