{
  "results": [
    {
      "command": "Ruby",
      "mean": 2.2843398304,
      "stddev": 0.04447853001430417,
      "median": 2.293425405,
      "user": 2.2400632,
      "system": 0.044002999999999994,
      "min": 2.20986773,
      "max": 2.347522999,
      "times": [
        2.23308032,
        2.260642459,
        2.20986773,
        2.292243716,
        2.295803259,
        2.324863424,
        2.294607094,
        2.331157878,
        2.347522999,
        2.253609425
      ],
      "exit_codes": [
        0,
        0,
        0,
        0,
        0,
        0,
        0,
        0,
        0,
        0
      ]
    }
  ]
}
