{
  "results": [
    {
      "command": "JavaScript (Node)",
      "mean": 0.24628265,
      "stddev": 0.0030219717384738177,
      "median": 0.2466987465,
      "user": 0.22776760000000001,
      "system": 0.028409500000000004,
      "min": 0.24077972400000003,
      "max": 0.25173015200000004,
      "times": [
        0.24708726500000003,
        0.25173015200000004,
        0.24705320700000002,
        0.24634428600000002,
        0.245220248,
        0.24831622800000003,
        0.24250153000000002,
        0.24631697400000002,
        0.24077972400000003,
        0.247476886
      ],
      "exit_codes": [
        0,
        0,
        0,
        0,
        0,
        0,
        0,
        0,
        0,
        0
      ]
    }
  ]
}
