{
  "results": [
    {
      "command": "LOGOS (interpreted)",
      "mean": 0.45058381868,
      "stddev": 0.01871015802832786,
      "median": 0.44647987078,
      "user": 0.36485264000000006,
      "system": 0.08536906000000001,
      "min": 0.43466441228,
      "max": 0.50046405728,
      "times": [
        0.50046405728,
        0.45259739328,
        0.44574929728,
        0.44809737428,
        0.43829158428,
        0.44721044428,
        0.44089349628,
        0.43466441228,
        0.45647618828000003,
        0.44139393928
      ],
      "exit_codes": [
        0,
        0,
        0,
        0,
        0,
        0,
        0,
        0,
        0,
        0
      ]
    }
  ]
}
