{
  "results": [
    {
      "command": "LOGOS (interpreted)",
      "mean": 1.3548348805600001,
      "stddev": 0.009318793644348816,
      "median": 1.35414978936,
      "user": 1.1848714399999998,
      "system": 0.16975858000000002,
      "min": 1.33944167836,
      "max": 1.3711224033600002,
      "times": [
        1.34997670036,
        1.34840820136,
        1.35863097936,
        1.36365599336,
        1.3711224033600002,
        1.33944167836,
        1.34671159936,
        1.35526019436,
        1.36210167136,
        1.3530393843600002
      ],
      "exit_codes": [
        0,
        0,
        0,
        0,
        0,
        0,
        0,
        0,
        0,
        0
      ]
    }
  ]
}
