{
  "results": [
    {
      "command": "JavaScript (Node)",
      "mean": 0.24850696,
      "stddev": 0.0038257425804382045,
      "median": 0.249243869,
      "user": 0.23098199999999997,
      "system": 0.026984,
      "min": 0.241160066,
      "max": 0.252729928,
      "times": [
        0.252405887,
        0.252729928,
        0.24876745200000003,
        0.24287022400000002,
        0.241160066,
        0.250231301,
        0.248610396,
        0.25118452,
        0.249720286,
        0.24738954000000002
      ],
      "exit_codes": [
        0,
        0,
        0,
        0,
        0,
        0,
        0,
        0,
        0,
        0
      ]
    }
  ]
}
