{
  "results": [
    {
      "command": "Ruby",
      "mean": 2.3056687118,
      "stddev": 0.039663163953887436,
      "median": 2.3129919465,
      "user": 2.2611020999999996,
      "system": 0.0441942,
      "min": 2.248876336,
      "max": 2.362080714,
      "times": [
        2.343160368,
        2.26157454,
        2.248876336,
        2.2842900200000003,
        2.326911165,
        2.314719911,
        2.311263982,
        2.260971931,
        2.362080714,
        2.342838151
      ],
      "exit_codes": [
        0,
        0,
        0,
        0,
        0,
        0,
        0,
        0,
        0,
        0
      ]
    }
  ]
}
