{
  "results": [
    {
      "command": "LOGOS (tiered)",
      "mean": 0.58434883262,
      "stddev": 0.014184984874341914,
      "median": 0.58343184882,
      "user": 0.48945986,
      "system": 0.09464956,
      "min": 0.57011670482,
      "max": 0.61622870382,
      "times": [
        0.58383879482,
        0.58320180182,
        0.58453131282,
        0.5836618958199999,
        0.59933098982,
        0.61622870382,
        0.5803059028199999,
        0.57011670482,
        0.57115967682,
        0.57111254282
      ],
      "exit_codes": [
        0,
        0,
        0,
        0,
        0,
        0,
        0,
        0,
        0,
        0
      ]
    }
  ]
}
