{
  "results": [
    {
      "command": "LOGOS (tiered)",
      "mean": 0.04872517002,
      "stddev": 0.0029483135913369743,
      "median": 0.04807818542,
      "user": 0.03876998,
      "system": 0.00971474,
      "min": 0.04444318692,
      "max": 0.054200015920000004,
      "times": [
        0.04699873492,
        0.05007475192,
        0.054200015920000004,
        0.04565402292,
        0.04830345092,
        0.04785291992,
        0.05029295192,
        0.04744313192,
        0.051988532920000004,
        0.04444318692
      ],
      "exit_codes": [
        0,
        0,
        0,
        0,
        0,
        0,
        0,
        0,
        0,
        0
      ]
    }
  ]
}
