{
  "results": [
    {
      "command": "Ruby",
      "mean": 3.0167352045000007,
      "stddev": 0.01737898525754141,
      "median": 3.013689649,
      "user": 3.0026558000000003,
      "system": 0.013799,
      "min": 2.993538953,
      "max": 3.04742706,
      "times": [
        3.00733393,
        2.9953857690000003,
        3.013804744,
        3.006907632,
        3.013574554,
        3.023094758,
        2.993538953,
        3.033011428,
        3.033273217,
        3.04742706
      ],
      "exit_codes": [
        0,
        0,
        0,
        0,
        0,
        0,
        0,
        0,
        0,
        0
      ]
    }
  ]
}
