{
  "results": [
    {
      "command": "LOGOS (interpreted)",
      "mean": 0.33629972764000005,
      "stddev": 0.009555456121054774,
      "median": 0.33236732844000005,
      "user": 0.31391282,
      "system": 0.022184439999999996,
      "min": 0.32713311394000005,
      "max": 0.35837518894000003,
      "times": [
        0.33062436294,
        0.33930455694000006,
        0.33608010994000004,
        0.35837518894000003,
        0.34631657394000004,
        0.33352535294,
        0.33120930394000003,
        0.33095954694,
        0.32713311394000005,
        0.32946916594000003
      ],
      "exit_codes": [
        0,
        0,
        0,
        0,
        0,
        0,
        0,
        0,
        0,
        0
      ]
    }
  ]
}
