{
  "results": [
    {
      "command": "LOGOS (interpreted)",
      "mean": 1.17969804744,
      "stddev": 0.006656726862523714,
      "median": 1.18013116824,
      "user": 1.1594887,
      "system": 0.01998834,
      "min": 1.17162831474,
      "max": 1.1904808897399999,
      "times": [
        1.1762562187399999,
        1.1724430937399999,
        1.18760210774,
        1.17212655974,
        1.18098087674,
        1.1794821147399999,
        1.1904808897399999,
        1.18520007674,
        1.18078022174,
        1.17162831474
      ],
      "exit_codes": [
        0,
        0,
        0,
        0,
        0,
        0,
        0,
        0,
        0,
        0
      ]
    }
  ]
}
