{
  "results": [
    {
      "command": "LOGOS (tiered)",
      "mean": 0.32796449936000005,
      "stddev": 0.006774978802588962,
      "median": 0.32623725096000006,
      "user": 0.30475528,
      "system": 0.02298656,
      "min": 0.32014852046000003,
      "max": 0.34447282146,
      "times": [
        0.33227714046,
        0.32835493846,
        0.32517447746000006,
        0.32483666346,
        0.34447282146,
        0.32228731746000006,
        0.32014852046000003,
        0.32961861246,
        0.32517973946000006,
        0.32729476246000005
      ],
      "exit_codes": [
        0,
        0,
        0,
        0,
        0,
        0,
        0,
        0,
        0,
        0
      ]
    }
  ]
}
