{
  "results": [
    {
      "command": "Python",
      "mean": 4.0023448939,
      "stddev": 0.040360113021056306,
      "median": 3.9950225405,
      "user": 3.9837108999999997,
      "system": 0.018298699999999998,
      "min": 3.946205239,
      "max": 4.075166346,
      "times": [
        4.012471323,
        4.019314493,
        4.058395444,
        4.075166346,
        3.99999316,
        3.990051921,
        3.946205239,
        3.980203115,
        3.975273758,
        3.96637414
      ],
      "exit_codes": [
        0,
        0,
        0,
        0,
        0,
        0,
        0,
        0,
        0,
        0
      ]
    }
  ]
}
