{
  "results": [
    {
      "command": "Ruby",
      "mean": 0.0784751109,
      "stddev": 0.003243912359037856,
      "median": 0.079382124,
      "user": 0.069184,
      "system": 0.0091039,
      "min": 0.073660534,
      "max": 0.082767504,
      "times": [
        0.076182567,
        0.073660534,
        0.08121325800000001,
        0.080612086,
        0.07815216200000001,
        0.077007009,
        0.08084727200000001,
        0.080647674,
        0.082767504,
        0.07366104300000001
      ],
      "exit_codes": [
        0,
        0,
        0,
        0,
        0,
        0,
        0,
        0,
        0,
        0
      ]
    }
  ]
}
