{
  "results": [
    {
      "command": "LOGOS (interpreted)",
      "mean": 0.04732126618,
      "stddev": 0.0019666927890088187,
      "median": 0.04761083598,
      "user": 0.03689545999999999,
      "system": 0.01022888,
      "min": 0.044664230980000004,
      "max": 0.049459559980000005,
      "times": [
        0.04680845998,
        0.044664230980000004,
        0.04917183998,
        0.044829595980000005,
        0.044868048980000005,
        0.048206633980000003,
        0.04887413798,
        0.04701503798,
        0.049315115980000004,
        0.049459559980000005
      ],
      "exit_codes": [
        0,
        0,
        0,
        0,
        0,
        0,
        0,
        0,
        0,
        0
      ]
    }
  ]
}
