{
  "results": [
    {
      "command": "Ruby",
      "mean": 2.990362785,
      "stddev": 0.007218021572733328,
      "median": 2.9883250605,
      "user": 2.9777639999999996,
      "system": 0.012299599999999997,
      "min": 2.9814486330000003,
      "max": 3.005072772,
      "times": [
        2.9814486330000003,
        2.992763339,
        2.998694335,
        3.005072772,
        2.988642722,
        2.985802718,
        2.986830715,
        2.988007399,
        2.9833559750000003,
        2.9930092420000003
      ],
      "exit_codes": [
        0,
        0,
        0,
        0,
        0,
        0,
        0,
        0,
        0,
        0
      ]
    }
  ]
}
