{
  "results": [
    {
      "command": "JavaScript (Node)",
      "mean": 0.24716230710000003,
      "stddev": 0.004102290467527986,
      "median": 0.246440501,
      "user": 0.24290049999999996,
      "system": 0.014136799999999996,
      "min": 0.24115012600000002,
      "max": 0.253647146,
      "times": [
        0.24995186800000002,
        0.253647146,
        0.24599097,
        0.245872728,
        0.24115012600000002,
        0.25207392300000003,
        0.24261749700000002,
        0.243782815,
        0.246890032,
        0.24964596600000002
      ],
      "exit_codes": [
        0,
        0,
        0,
        0,
        0,
        0,
        0,
        0,
        0,
        0
      ]
    }
  ]
}
