{
  "results": [
    {
      "command": "Python",
      "mean": 3.8798134101999997,
      "stddev": 0.021295851224226284,
      "median": 3.8783262780000003,
      "user": 3.8607720999999997,
      "system": 0.018700199999999997,
      "min": 3.8522380910000003,
      "max": 3.924522167,
      "times": [
        3.864621594,
        3.924522167,
        3.875097787,
        3.881554769,
        3.8522380910000003,
        3.862245031,
        3.887970161,
        3.882702563,
        3.901677152,
        3.865504787
      ],
      "exit_codes": [
        0,
        0,
        0,
        0,
        0,
        0,
        0,
        0,
        0,
        0
      ]
    }
  ]
}
