{
  "results": [
    {
      "command": "Python",
      "mean": 0.0553472335,
      "stddev": 0.0014600633228693467,
      "median": 0.054804614,
      "user": 0.0535412,
      "system": 0.001689,
      "min": 0.053970034,
      "max": 0.058667421000000004,
      "times": [
        0.053970034,
        0.054476522000000006,
        0.054568830000000006,
        0.057244241,
        0.055049405,
        0.054588316000000005,
        0.054651101,
        0.055298338,
        0.054958127,
        0.058667421000000004
      ],
      "exit_codes": [
        0,
        0,
        0,
        0,
        0,
        0,
        0,
        0,
        0,
        0
      ]
    }
  ]
}
