{
  "results": [
    {
      "command": "JavaScript (Node)",
      "mean": 0.0245682194,
      "stddev": 0.001982082305662642,
      "median": 0.0241879785,
      "user": 0.026377199999999996,
      "system": 0.0072744,
      "min": 0.021849464000000002,
      "max": 0.028377000000000003,
      "times": [
        0.028377000000000003,
        0.025644504000000002,
        0.024295601,
        0.023467503,
        0.026104805000000002,
        0.022133926,
        0.024080356,
        0.023788727000000003,
        0.025940308000000002,
        0.021849464000000002
      ],
      "exit_codes": [
        0,
        0,
        0,
        0,
        0,
        0,
        0,
        0,
        0,
        0
      ]
    }
  ]
}
