{
  "results": [
    {
      "command": "JavaScript (Node)",
      "mean": 0.24865088929999998,
      "stddev": 0.006337407958335866,
      "median": 0.24710960450000002,
      "user": 0.24674770000000001,
      "system": 0.012117999999999999,
      "min": 0.241305506,
      "max": 0.26149725100000004,
      "times": [
        0.241305506,
        0.243311204,
        0.25517671000000003,
        0.24979542500000002,
        0.253222846,
        0.26149725100000004,
        0.24405172500000002,
        0.246413128,
        0.247806081,
        0.24392901700000003
      ],
      "exit_codes": [
        0,
        0,
        0,
        0,
        0,
        0,
        0,
        0,
        0,
        0
      ]
    }
  ]
}
