{
  "results": [
    {
      "command": "Ruby",
      "mean": 6.9976012858,
      "stddev": 0.01399078273732919,
      "median": 7.0011328205000005,
      "user": 6.9878507999999995,
      "system": 0.009399999999999999,
      "min": 6.964276063,
      "max": 7.014932579,
      "times": [
        6.990809592,
        6.991938961,
        7.006684013,
        6.993632957,
        6.999355585,
        6.964276063,
        7.003426077,
        7.008046975,
        7.014932579,
        7.002910056
      ],
      "exit_codes": [
        0,
        0,
        0,
        0,
        0,
        0,
        0,
        0,
        0,
        0
      ]
    }
  ]
}
