{
  "results": [
    {
      "command": "JavaScript (Node)",
      "mean": 0.2498121658,
      "stddev": 0.004827912606997206,
      "median": 0.24929260350000002,
      "user": 0.243363,
      "system": 0.0077017000000000006,
      "min": 0.244109874,
      "max": 0.258979517,
      "times": [
        0.25073945200000003,
        0.246503087,
        0.258979517,
        0.257055904,
        0.244109874,
        0.24945003100000002,
        0.249135176,
        0.24557234000000003,
        0.24998072500000001,
        0.24659555200000002
      ],
      "exit_codes": [
        0,
        0,
        0,
        0,
        0,
        0,
        0,
        0,
        0,
        0
      ]
    }
  ]
}
