{
  "results": [
    {
      "command": "LOGOS (tiered)",
      "mean": 0.44933145526,
      "stddev": 0.004463671033849842,
      "median": 0.44890731886,
      "user": 0.4479929800000001,
      "system": 0.0010501960000000002,
      "min": 0.44263200936,
      "max": 0.45954703236000005,
      "times": [
        0.45954703236000005,
        0.44877580136000006,
        0.45077002936000005,
        0.45190694336000004,
        0.44263200936,
        0.44530606336000006,
        0.44807394736000006,
        0.44903883636,
        0.44968501036,
        0.44757887936000007
      ],
      "exit_codes": [
        0,
        0,
        0,
        0,
        0,
        0,
        0,
        0,
        0,
        0
      ]
    }
  ]
}
