{
  "results": [
    {
      "command": "LOGOS (tiered)",
      "mean": 0.4126064991800001,
      "stddev": 0.005545926932801986,
      "median": 0.41119521018000005,
      "user": 0.41059181999999994,
      "system": 0.0017146079999999998,
      "min": 0.40655050168000006,
      "max": 0.42186456868000005,
      "times": [
        0.40655050168000006,
        0.41660340168000004,
        0.40971416668000005,
        0.40738086768000004,
        0.42186456868000005,
        0.4077568226800001,
        0.40895915068000005,
        0.4139421836800001,
        0.41267625368000005,
        0.42061707468000004
      ],
      "exit_codes": [
        0,
        0,
        0,
        0,
        0,
        0,
        0,
        0,
        0,
        0
      ]
    }
  ]
}
