{
  "results": [
    {
      "command": "Ruby",
      "mean": 6.8888613405,
      "stddev": 0.025998373818479702,
      "median": 6.8863128805,
      "user": 6.879506799999999,
      "system": 0.009000000000000003,
      "min": 6.851775985,
      "max": 6.919813203,
      "times": [
        6.880971001,
        6.853846153,
        6.906326282,
        6.868663697,
        6.919813203,
        6.915610133,
        6.880250083,
        6.919702108,
        6.89165476,
        6.851775985
      ],
      "exit_codes": [
        0,
        0,
        0,
        0,
        0,
        0,
        0,
        0,
        0,
        0
      ]
    }
  ]
}
