{
  "results": [
    {
      "command": "JavaScript (Node)",
      "mean": 0.24514468690000002,
      "stddev": 0.006441937794367008,
      "median": 0.24322941950000002,
      "user": 0.2401083,
      "system": 0.006386,
      "min": 0.23923727200000003,
      "max": 0.257094584,
      "times": [
        0.24363140800000002,
        0.244016006,
        0.23923727200000003,
        0.257094584,
        0.242827431,
        0.24051080800000002,
        0.255338212,
        0.240729609,
        0.23958664200000002,
        0.24847489700000003
      ],
      "exit_codes": [
        0,
        0,
        0,
        0,
        0,
        0,
        0,
        0,
        0,
        0
      ]
    }
  ]
}
