{
  "results": [
    {
      "command": "LOGOS (interpreted)",
      "mean": 0.40847572832,
      "stddev": 0.00455014454271686,
      "median": 0.40696521922000006,
      "user": 0.4068230599999999,
      "system": 0.001399284,
      "min": 0.40409966572000006,
      "max": 0.41622639772000003,
      "times": [
        0.41622639772000003,
        0.40455666372000004,
        0.40542936572000005,
        0.41534712872000007,
        0.41065818672000004,
        0.40828500272000007,
        0.40564543572000006,
        0.40413508572000006,
        0.40409966572000006,
        0.41037435072000006
      ],
      "exit_codes": [
        0,
        0,
        0,
        0,
        0,
        0,
        0,
        0,
        0,
        0
      ]
    }
  ]
}
