{
  "results": [
    {
      "command": "Ruby",
      "mean": 6.990912188499999,
      "stddev": 0.04865624105123233,
      "median": 6.9895370065,
      "user": 6.982325799999998,
      "system": 0.008199800000000002,
      "min": 6.914094268,
      "max": 7.078262168,
      "times": [
        6.975232496,
        7.010492604,
        6.986604497,
        7.047782406,
        6.976308731,
        6.930599259,
        7.078262168,
        6.914094268,
        6.99727594,
        6.992469516
      ],
      "exit_codes": [
        0,
        0,
        0,
        0,
        0,
        0,
        0,
        0,
        0,
        0
      ]
    }
  ]
}
