{
  "results": [
    {
      "command": "LOGOS (interpreted)",
      "mean": 2.17707313914,
      "stddev": 0.4873426626572002,
      "median": 1.8879269920400001,
      "user": 2.17537974,
      "system": 0.001311974,
      "min": 1.87007626554,
      "max": 3.19337189654,
      "times": [
        1.89182938054,
        3.19337189654,
        1.8840246035400001,
        1.87325027954,
        1.94024617854,
        2.68036258354,
        1.8733985975399998,
        1.87007626554,
        2.68656385954,
        1.87760774654
      ],
      "exit_codes": [
        0,
        0,
        0,
        0,
        0,
        0,
        0,
        0,
        0,
        0
      ]
    }
  ]
}
