{
  "results": [
    {
      "command": "JavaScript (Node)",
      "mean": 0.24691725469999998,
      "stddev": 0.0024400527686032633,
      "median": 0.2473061625,
      "user": 0.24240319999999999,
      "system": 0.005711600000000001,
      "min": 0.24256661000000002,
      "max": 0.250271456,
      "times": [
        0.24256661000000002,
        0.24553479,
        0.24353929200000002,
        0.24724021000000002,
        0.24971036600000002,
        0.247283409,
        0.24811278800000003,
        0.24758471,
        0.250271456,
        0.247328916
      ],
      "exit_codes": [
        0,
        0,
        0,
        0,
        0,
        0,
        0,
        0,
        0,
        0
      ]
    }
  ]
}
