{
  "results": [
    {
      "command": "LOGOS (interpreted)",
      "mean": 0.45040760244000005,
      "stddev": 0.005696128581269355,
      "median": 0.44788257134000004,
      "user": 0.44861854,
      "system": 0.0014685400000000002,
      "min": 0.44284050234000005,
      "max": 0.46030094234,
      "times": [
        0.44753473934000004,
        0.45759561534000004,
        0.44284050234000005,
        0.44823040334,
        0.44724906634000006,
        0.46030094234,
        0.45623800234000006,
        0.45076556234000004,
        0.44679195034,
        0.44652924034
      ],
      "exit_codes": [
        0,
        0,
        0,
        0,
        0,
        0,
        0,
        0,
        0,
        0
      ]
    }
  ]
}
