{
  "results": [
    {
      "command": "LOGOS (interpreted)",
      "mean": 1.5824448954800001,
      "stddev": 0.00869102307894048,
      "median": 1.5827011046800001,
      "user": 1.5804686000000001,
      "system": 0.0016929399999999998,
      "min": 1.5682226996800002,
      "max": 1.5996923556800002,
      "times": [
        1.5838677996800001,
        1.5731106506800001,
        1.5832250396800003,
        1.5682226996800002,
        1.5996923556800002,
        1.5773110346800001,
        1.5815334226800002,
        1.58974736968,
        1.5855614126800002,
        1.58217716968
      ],
      "exit_codes": [
        0,
        0,
        0,
        0,
        0,
        0,
        0,
        0,
        0,
        0
      ]
    }
  ]
}
