{
  "results": [
    {
      "command": "LOGOS (interpreted)",
      "mean": 0.28813593564,
      "stddev": 0.003637611142596366,
      "median": 0.28827675314,
      "user": 0.28569042,
      "system": 0.00223482,
      "min": 0.28150923214,
      "max": 0.29252618914000006,
      "times": [
        0.28946889614000004,
        0.28619996514,
        0.28392264014,
        0.29189908914,
        0.29061060414,
        0.28708461014000003,
        0.29252618914000006,
        0.28150923214,
        0.28689033514,
        0.29124779514000004
      ],
      "exit_codes": [
        0,
        0,
        0,
        0,
        0,
        0,
        0,
        0,
        0,
        0
      ]
    }
  ]
}
