{
  "results": [
    {
      "command": "LOGOS (tiered)",
      "mean": 0.3270773204,
      "stddev": 0.005559184590495013,
      "median": 0.32813827900000003,
      "user": 0.32447548,
      "system": 0.0023202599999999998,
      "min": 0.319796547,
      "max": 0.334533075,
      "times": [
        0.321541789,
        0.330604813,
        0.319796547,
        0.332617337,
        0.322437928,
        0.334533075,
        0.332033245,
        0.330336381,
        0.325940177,
        0.320931912
      ],
      "exit_codes": [
        0,
        0,
        0,
        0,
        0,
        0,
        0,
        0,
        0,
        0
      ]
    }
  ]
}
