{
  "results": [
    {
      "command": "JavaScript (Node)",
      "mean": 0.2507273506,
      "stddev": 0.005948133531441819,
      "median": 0.25122784900000006,
      "user": 0.2464254,
      "system": 0.0082183,
      "min": 0.24285658200000002,
      "max": 0.263602606,
      "times": [
        0.252566718,
        0.25124930100000004,
        0.243817413,
        0.24285658200000002,
        0.252467098,
        0.263602606,
        0.251206397,
        0.245241223,
        0.251134957,
        0.253131211
      ],
      "exit_codes": [
        0,
        0,
        0,
        0,
        0,
        0,
        0,
        0,
        0,
        0
      ]
    }
  ]
}
