{
  "results": [
    {
      "command": "JavaScript (Node)",
      "mean": 0.24625705130000003,
      "stddev": 0.004384291159080314,
      "median": 0.245904946,
      "user": 0.24443220000000002,
      "system": 0.005403099999999999,
      "min": 0.23990465200000002,
      "max": 0.253285994,
      "times": [
        0.242742424,
        0.24915138900000003,
        0.241983529,
        0.24730480400000002,
        0.251112657,
        0.243417703,
        0.244505088,
        0.253285994,
        0.23990465200000002,
        0.24916227300000002
      ],
      "exit_codes": [
        0,
        0,
        0,
        0,
        0,
        0,
        0,
        0,
        0,
        0
      ]
    }
  ]
}
