{
  "results": [
    {
      "command": "Ruby",
      "mean": 7.158776854300001,
      "stddev": 0.026354579029995613,
      "median": 7.1545277855,
      "user": 7.148966799999999,
      "system": 0.009400200000000001,
      "min": 7.111519074,
      "max": 7.211999115,
      "times": [
        7.111519074,
        7.151263688,
        7.170133273,
        7.13862561,
        7.174364226,
        7.157675699,
        7.211999115,
        7.148372993,
        7.172434993,
        7.151379872
      ],
      "exit_codes": [
        0,
        0,
        0,
        0,
        0,
        0,
        0,
        0,
        0,
        0
      ]
    }
  ]
}
