{
  "results": [
    {
      "command": "LOGOS (interpreted)",
      "mean": 0.32877385266000003,
      "stddev": 0.006058662548452452,
      "median": 0.32992340656,
      "user": 0.32623783999999995,
      "system": 0.00213162,
      "min": 0.31908049756,
      "max": 0.33668624956000004,
      "times": [
        0.33668624956000004,
        0.32446760656,
        0.33173082156,
        0.33267284456,
        0.33406805156,
        0.32556552556,
        0.31908049756,
        0.33438897156,
        0.32811599156000004,
        0.32096196656000003
      ],
      "exit_codes": [
        0,
        0,
        0,
        0,
        0,
        0,
        0,
        0,
        0,
        0
      ]
    }
  ]
}
