{
  "results": [
    {
      "command": "LOGOS (tiered)",
      "mean": 0.28388033102000004,
      "stddev": 0.00396400395371547,
      "median": 0.28312204212000003,
      "user": 0.28223888,
      "system": 0.0014710600000000002,
      "min": 0.28047825862000003,
      "max": 0.29340823862000004,
      "times": [
        0.28089266662,
        0.28047825862000003,
        0.28065416162,
        0.28328114462000004,
        0.28664329462000004,
        0.28093840662,
        0.28296293962,
        0.28420179362000003,
        0.29340823862000004,
        0.28534240562
      ],
      "exit_codes": [
        0,
        0,
        0,
        0,
        0,
        0,
        0,
        0,
        0,
        0
      ]
    }
  ]
}
