{
  "results": [
    {
      "command": "Ruby",
      "mean": 7.025847476199999,
      "stddev": 0.02253285474097408,
      "median": 7.027529937000001,
      "user": 7.0163084,
      "system": 0.0090996,
      "min": 6.99697189,
      "max": 7.067920446,
      "times": [
        7.067920446,
        6.997011758,
        7.036089221,
        7.018860293,
        6.99697189,
        7.030733733,
        7.045002626,
        7.037149069,
        7.004409585,
        7.024326141
      ],
      "exit_codes": [
        0,
        0,
        0,
        0,
        0,
        0,
        0,
        0,
        0,
        0
      ]
    }
  ]
}
