{
  "results": [
    {
      "command": "Ruby",
      "mean": 7.1548610568,
      "stddev": 0.019883921791111654,
      "median": 7.1570856745,
      "user": 7.1465806,
      "system": 0.007899899999999998,
      "min": 7.128153096,
      "max": 7.182422524,
      "times": [
        7.175218206,
        7.160972088,
        7.1362464580000005,
        7.128153096,
        7.153199261,
        7.182422524,
        7.175000365,
        7.166010931,
        7.132556704,
        7.138830935
      ],
      "exit_codes": [
        0,
        0,
        0,
        0,
        0,
        0,
        0,
        0,
        0,
        0
      ]
    }
  ]
}
