{
  "results": [
    {
      "command": "JavaScript (Node)",
      "mean": 0.25009908670000003,
      "stddev": 0.0028410850138476666,
      "median": 0.24972691200000002,
      "user": 0.248134,
      "system": 0.0060088,
      "min": 0.245546023,
      "max": 0.25512697300000003,
      "times": [
        0.25512697300000003,
        0.252031179,
        0.250057814,
        0.245546023,
        0.251468442,
        0.24889802400000002,
        0.246766737,
        0.24939601000000003,
        0.24899816200000002,
        0.252701503
      ],
      "exit_codes": [
        0,
        0,
        0,
        0,
        0,
        0,
        0,
        0,
        0,
        0
      ]
    }
  ]
}
