{
  "results": [
    {
      "command": "LOGOS (tiered)",
      "mean": 0.19088201758000004,
      "stddev": 0.0053090786445565375,
      "median": 0.18994543278,
      "user": 0.1890162,
      "system": 0.0016337360000000002,
      "min": 0.18303742528,
      "max": 0.20108218228000002,
      "times": [
        0.18932513128,
        0.18657451728000002,
        0.18659439228000002,
        0.19623121028,
        0.20108218228000002,
        0.19495788528000002,
        0.19135411328000002,
        0.18909758428,
        0.18303742528,
        0.19056573428
      ],
      "exit_codes": [
        0,
        0,
        0,
        0,
        0,
        0,
        0,
        0,
        0,
        0
      ]
    }
  ]
}
