{
  "results": [
    {
      "command": "LOGOS (interpreted)",
      "mean": 0.04948674166,
      "stddev": 0.001986023167178205,
      "median": 0.04935096756,
      "user": 0.0478245,
      "system": 0.0014264999999999998,
      "min": 0.04647367656,
      "max": 0.052052091560000006,
      "times": [
        0.04647367656,
        0.04941934556,
        0.049282589560000006,
        0.04757684756,
        0.051887240560000006,
        0.05120266256000001,
        0.05105282056,
        0.052052091560000006,
        0.047557413560000004,
        0.048362728560000005
      ],
      "exit_codes": [
        0,
        0,
        0,
        0,
        0,
        0,
        0,
        0,
        0,
        0
      ]
    }
  ]
}
