{
  "results": [
    {
      "command": "Python",
      "mean": 4.1665821334,
      "stddev": 0.12279630638467968,
      "median": 4.1288921145,
      "user": 4.162995499999999,
      "system": 0.0032001,
      "min": 4.030210816,
      "max": 4.383159123,
      "times": [
        4.220067202,
        4.030210816,
        4.130206987,
        4.127577242,
        4.369895192,
        4.383159123,
        4.091678683,
        4.080126195,
        4.166722472,
        4.066177422
      ],
      "exit_codes": [
        0,
        0,
        0,
        0,
        0,
        0,
        0,
        0,
        0,
        0
      ]
    }
  ]
}
