{
  "results": [
    {
      "command": "Ruby",
      "mean": 2.0313057875,
      "stddev": 0.03054292029704457,
      "median": 2.017790753,
      "user": 2.0229422,
      "system": 0.008101500000000001,
      "min": 2.00240281,
      "max": 2.086955541,
      "times": [
        2.014544525,
        2.086955541,
        2.008290497,
        2.003003922,
        2.068679483,
        2.00240281,
        2.017431046,
        2.02934384,
        2.064255751,
        2.01815046
      ],
      "exit_codes": [
        0,
        0,
        0,
        0,
        0,
        0,
        0,
        0,
        0,
        0
      ]
    }
  ]
}
