{
  "results": [
    {
      "command": "LOGOS (interpreted)",
      "mean": 0.04938525642,
      "stddev": 0.003750082254161273,
      "median": 0.04893503372000001,
      "user": 0.048293459999999996,
      "system": 0.000964522,
      "min": 0.04387207422,
      "max": 0.057463369220000005,
      "times": [
        0.057463369220000005,
        0.04387207422,
        0.047427217220000005,
        0.04955092322,
        0.051726517220000004,
        0.046834658220000006,
        0.048593521220000005,
        0.04927654622,
        0.052234636220000005,
        0.046873101220000005
      ],
      "exit_codes": [
        0,
        0,
        0,
        0,
        0,
        0,
        0,
        0,
        0,
        0
      ]
    }
  ]
}
