{
  "results": [
    {
      "command": "Ruby",
      "mean": 2.0166227498000002,
      "stddev": 0.014362253113197327,
      "median": 2.0156058855,
      "user": 2.0069955,
      "system": 0.0093005,
      "min": 1.9932705890000002,
      "max": 2.042413132,
      "times": [
        2.017767485,
        2.042413132,
        2.006454971,
        2.008191323,
        2.021746199,
        2.03194185,
        2.013444286,
        1.9932705890000002,
        2.025415104,
        2.005582559
      ],
      "exit_codes": [
        0,
        0,
        0,
        0,
        0,
        0,
        0,
        0,
        0,
        0
      ]
    }
  ]
}
