{
  "results": [
    {
      "command": "JavaScript (Node)",
      "mean": 0.2517095576,
      "stddev": 0.003365810526410447,
      "median": 0.2523647335,
      "user": 0.24660029999999997,
      "system": 0.0061064,
      "min": 0.24650347600000003,
      "max": 0.255544472,
      "times": [
        0.24765014300000002,
        0.249943235,
        0.254532115,
        0.25482239,
        0.253750256,
        0.24866902200000002,
        0.25470125600000004,
        0.255544472,
        0.25097921100000004,
        0.24650347600000003
      ],
      "exit_codes": [
        0,
        0,
        0,
        0,
        0,
        0,
        0,
        0,
        0,
        0
      ]
    }
  ]
}
