{
  "results": [
    {
      "command": "Python",
      "mean": 4.0921320523,
      "stddev": 0.14201763589207228,
      "median": 4.045205353,
      "user": 4.0897632999999995,
      "system": 0.0020998999999999996,
      "min": 3.909429957,
      "max": 4.374625577,
      "times": [
        4.034754329,
        4.026265352,
        4.374625577,
        4.044450649,
        4.164661185,
        3.936302823,
        4.045960057,
        4.134825694,
        4.2500449,
        3.909429957
      ],
      "exit_codes": [
        0,
        0,
        0,
        0,
        0,
        0,
        0,
        0,
        0,
        0
      ]
    }
  ]
}
