{
  "results": [
    {
      "command": "LOGOS (tiered)",
      "mean": 0.18978257218,
      "stddev": 0.006039498822911157,
      "median": 0.18853872178000003,
      "user": 0.18787184000000004,
      "system": 0.0016541399999999997,
      "min": 0.18180207628000003,
      "max": 0.20085129428000004,
      "times": [
        0.18637289928000003,
        0.18348504228,
        0.19728519128000002,
        0.18180207628000003,
        0.18742556128,
        0.20085129428000004,
        0.18991337028000002,
        0.18965188228000002,
        0.19424921628000003,
        0.18678918828000002
      ],
      "exit_codes": [
        0,
        0,
        0,
        0,
        0,
        0,
        0,
        0,
        0,
        0
      ]
    }
  ]
}
