{
  "results": [
    {
      "command": "JavaScript (Node)",
      "mean": 0.2499584504,
      "stddev": 0.0038248053541677417,
      "median": 0.24978023500000002,
      "user": 0.2459577,
      "system": 0.0050103000000000005,
      "min": 0.24506284600000003,
      "max": 0.255848356,
      "times": [
        0.24687850900000002,
        0.246781681,
        0.250537885,
        0.255375837,
        0.24636844800000002,
        0.250266983,
        0.249293487,
        0.255848356,
        0.25317047200000004,
        0.24506284600000003
      ],
      "exit_codes": [
        0,
        0,
        0,
        0,
        0,
        0,
        0,
        0,
        0,
        0
      ]
    }
  ]
}
