{
  "results": [
    {
      "command": "Python",
      "mean": 4.1521245375,
      "stddev": 0.11279203377794579,
      "median": 4.1439641675,
      "user": 4.149051,
      "system": 0.0027999999999999995,
      "min": 4.028236465,
      "max": 4.328941334,
      "times": [
        4.241451587,
        4.028236465,
        4.159095566,
        4.039885395,
        4.040209385,
        4.328941334,
        4.04177923,
        4.128832769,
        4.244847727,
        4.267965917
      ],
      "exit_codes": [
        0,
        0,
        0,
        0,
        0,
        0,
        0,
        0,
        0,
        0
      ]
    }
  ]
}
