{
  "results": [
    {
      "command": "LOGOS (interpreted)",
      "mean": 0.20889835376000004,
      "stddev": 0.0057606244348378174,
      "median": 0.20582135386000003,
      "user": 0.20736813999999998,
      "system": 0.001319518,
      "min": 0.20385517786000001,
      "max": 0.21836652486000002,
      "times": [
        0.20551446686000002,
        0.21166142686000003,
        0.20427306486000002,
        0.20481047786000003,
        0.21258713486000003,
        0.20385517786000001,
        0.20612824086000003,
        0.21786316086000002,
        0.20392386186000003,
        0.21836652486000002
      ],
      "exit_codes": [
        0,
        0,
        0,
        0,
        0,
        0,
        0,
        0,
        0,
        0
      ]
    }
  ]
}
