{
  "results": [
    {
      "command": "JavaScript (Node)",
      "mean": 0.2471459141,
      "stddev": 0.004165055109969654,
      "median": 0.24908945000000002,
      "user": 0.24203039999999998,
      "system": 0.0062104,
      "min": 0.240031287,
      "max": 0.252024246,
      "times": [
        0.24383485400000002,
        0.24114127200000002,
        0.252024246,
        0.246235467,
        0.24916315200000003,
        0.24906714000000002,
        0.24911176000000002,
        0.24981840000000002,
        0.240031287,
        0.251031563
      ],
      "exit_codes": [
        0,
        0,
        0,
        0,
        0,
        0,
        0,
        0,
        0,
        0
      ]
    }
  ]
}
