{
  "results": [
    {
      "command": "Ruby",
      "mean": 1.9633833117,
      "stddev": 0.009162379671098281,
      "median": 1.9643700915,
      "user": 1.9536003000000002,
      "system": 0.009498999999999999,
      "min": 1.950691597,
      "max": 1.977725624,
      "times": [
        1.965019249,
        1.963720934,
        1.9684982880000002,
        1.9605549560000002,
        1.9715055910000001,
        1.9528521890000001,
        1.952445379,
        1.977725624,
        1.97081931,
        1.950691597
      ],
      "exit_codes": [
        0,
        0,
        0,
        0,
        0,
        0,
        0,
        0,
        0,
        0
      ]
    }
  ]
}
