{
  "results": [
    {
      "command": "JavaScript (Node)",
      "mean": 0.24282814709999995,
      "stddev": 0.006037291258077221,
      "median": 0.239558016,
      "user": 0.23898289999999997,
      "system": 0.0059007999999999994,
      "min": 0.23868439000000002,
      "max": 0.25436527400000003,
      "times": [
        0.23868439000000002,
        0.24150227600000002,
        0.25436527400000003,
        0.238931362,
        0.239495108,
        0.239620924,
        0.253244753,
        0.23900481,
        0.244345888,
        0.23908668600000002
      ],
      "exit_codes": [
        0,
        0,
        0,
        0,
        0,
        0,
        0,
        0,
        0,
        0
      ]
    }
  ]
}
