{
  "results": [
    {
      "command": "LOGOS (tiered)",
      "mean": 0.5702100862000001,
      "stddev": 0.004563419960864925,
      "median": 0.5701072553000001,
      "user": 0.56850482,
      "system": 0.00155502,
      "min": 0.5645809128000001,
      "max": 0.5802823918000001,
      "times": [
        0.5675783068000001,
        0.5736001138000001,
        0.5712753458000001,
        0.5707899808000001,
        0.5802823918000001,
        0.5645809128000001,
        0.5694245298,
        0.5653563528000001,
        0.5717847808000001,
        0.5674281468000001
      ],
      "exit_codes": [
        0,
        0,
        0,
        0,
        0,
        0,
        0,
        0,
        0,
        0
      ]
    }
  ]
}
