{
  "results": [
    {
      "command": "LOGOS (interpreted)",
      "mean": 1.11356471236,
      "stddev": 0.017785768806739134,
      "median": 1.10753465196,
      "user": 1.1120303399999998,
      "system": 0.001309118,
      "min": 1.10292000846,
      "max": 1.16270398746,
      "times": [
        1.1075300534599999,
        1.10799264546,
        1.1061066744599999,
        1.16270398746,
        1.11613295446,
        1.11466182946,
        1.10327720946,
        1.10292000846,
        1.10753925046,
        1.10678251046
      ],
      "exit_codes": [
        0,
        0,
        0,
        0,
        0,
        0,
        0,
        0,
        0,
        0
      ]
    }
  ]
}
