{
  "results": [
    {
      "command": "LOGOS (tiered)",
      "mean": 0.56565654234,
      "stddev": 0.00614237619994487,
      "median": 0.56369752154,
      "user": 0.5638140999999999,
      "system": 0.0016003999999999997,
      "min": 0.55843984504,
      "max": 0.57626784304,
      "times": [
        0.56017930504,
        0.56351621104,
        0.57626784304,
        0.56227209704,
        0.57376548004,
        0.56467770904,
        0.57209570004,
        0.56387883204,
        0.56147240104,
        0.55843984504
      ],
      "exit_codes": [
        0,
        0,
        0,
        0,
        0,
        0,
        0,
        0,
        0,
        0
      ]
    }
  ]
}
