{
  "results": [
    {
      "command": "JavaScript (Node)",
      "mean": 0.2460926374,
      "stddev": 0.005198337071983016,
      "median": 0.245972988,
      "user": 0.24178389999999994,
      "system": 0.006304499999999999,
      "min": 0.239310771,
      "max": 0.25436216700000003,
      "times": [
        0.25436216700000003,
        0.239878992,
        0.239310771,
        0.24391949200000002,
        0.24752155,
        0.251140154,
        0.251346167,
        0.24787219000000002,
        0.24442442600000003,
        0.241150465
      ],
      "exit_codes": [
        0,
        0,
        0,
        0,
        0,
        0,
        0,
        0,
        0,
        0
      ]
    }
  ]
}
