{
  "results": [
    {
      "command": "JavaScript (Node)",
      "mean": 0.24327580270000002,
      "stddev": 0.0029608417697546026,
      "median": 0.243615947,
      "user": 0.2420444,
      "system": 0.005195,
      "min": 0.23896017200000003,
      "max": 0.24890768000000002,
      "times": [
        0.23973555000000002,
        0.242612928,
        0.243246498,
        0.24890768000000002,
        0.24409053800000002,
        0.24442422000000003,
        0.24398539600000002,
        0.24595360200000002,
        0.24084144300000002,
        0.23896017200000003
      ],
      "exit_codes": [
        0,
        0,
        0,
        0,
        0,
        0,
        0,
        0,
        0,
        0
      ]
    }
  ]
}
