{
  "results": [
    {
      "command": "LOGOS (interpreted)",
      "mean": 0.49913585214000006,
      "stddev": 0.005849350767340346,
      "median": 0.49971059324,
      "user": 0.4973441600000001,
      "system": 0.00163186,
      "min": 0.48874932174,
      "max": 0.50980090974,
      "times": [
        0.50980090974,
        0.49884795474000004,
        0.49803784074,
        0.50057323174,
        0.48874932174,
        0.50083037474,
        0.49742595374000004,
        0.49204103174,
        0.50391139674,
        0.50114050574
      ],
      "exit_codes": [
        0,
        0,
        0,
        0,
        0,
        0,
        0,
        0,
        0,
        0
      ]
    }
  ]
}
