{
  "results": [
    {
      "command": "LOGOS (interpreted)",
      "mean": 0.48601947144,
      "stddev": 0.00468802872053516,
      "median": 0.48487324494,
      "user": 0.48365352,
      "system": 0.0020619199999999996,
      "min": 0.48132096494000004,
      "max": 0.49446808594,
      "times": [
        0.48132096494000004,
        0.48576417894,
        0.48275894494,
        0.48161897894,
        0.48458473794,
        0.49415276794,
        0.48377928594,
        0.49446808594,
        0.48516175194,
        0.48658501694
      ],
      "exit_codes": [
        0,
        0,
        0,
        0,
        0,
        0,
        0,
        0,
        0,
        0
      ]
    }
  ]
}
