{
  "results": [
    {
      "command": "LOGOS (interpreted)",
      "mean": 0.31901791302000004,
      "stddev": 0.004453414767416459,
      "median": 0.32080857792000006,
      "user": 0.3164229,
      "system": 0.00234558,
      "min": 0.31127075392000003,
      "max": 0.32398294192,
      "times": [
        0.32079655292000003,
        0.32398294192,
        0.31432990592,
        0.32130345692,
        0.32247092792,
        0.32176025592,
        0.32082060292000003,
        0.31283442792,
        0.32060930392000003,
        0.31127075392000003
      ],
      "exit_codes": [
        0,
        0,
        0,
        0,
        0,
        0,
        0,
        0,
        0,
        0
      ]
    }
  ]
}
