{
  "results": [
    {
      "command": "LOGOS (interpreted)",
      "mean": 0.2684263698799999,
      "stddev": 0.004891224024544219,
      "median": 0.26797521028,
      "user": 0.26538231999999995,
      "system": 0.0027911000000000004,
      "min": 0.26210527778,
      "max": 0.27607953277999997,
      "times": [
        0.26694671478,
        0.26210527778,
        0.26397861578,
        0.27236953578,
        0.27607953277999997,
        0.26494272178,
        0.26395972378,
        0.26973267578,
        0.27514519478,
        0.26900370578
      ],
      "exit_codes": [
        0,
        0,
        0,
        0,
        0,
        0,
        0,
        0,
        0,
        0
      ]
    }
  ]
}
