{
  "results": [
    {
      "command": "LOGOS (tiered)",
      "mean": 0.36587749418000004,
      "stddev": 0.007024469183928617,
      "median": 0.36557992898,
      "user": 0.36233634000000003,
      "system": 0.00322768,
      "min": 0.35430180348,
      "max": 0.37828616248,
      "times": [
        0.37828616248,
        0.35430180348,
        0.36967926348,
        0.37352443648000005,
        0.36673054348000006,
        0.36166247148,
        0.35829341448,
        0.36434132548000003,
        0.36442931448000004,
        0.36752620648000006
      ],
      "exit_codes": [
        0,
        0,
        0,
        0,
        0,
        0,
        0,
        0,
        0,
        0
      ]
    }
  ]
}
