{
  "results": [
    {
      "command": "LOGOS (interpreted)",
      "mean": 1.62525150462,
      "stddev": 0.0061465310419719565,
      "median": 1.62649174392,
      "user": 1.62086078,
      "system": 0.0038544399999999993,
      "min": 1.61471860342,
      "max": 1.63368738042,
      "times": [
        1.62850687942,
        1.61471860342,
        1.62646816542,
        1.6290394244200002,
        1.6192339094200001,
        1.63368738042,
        1.61899530142,
        1.62651532242,
        1.62304951342,
        1.63230054642
      ],
      "exit_codes": [
        0,
        0,
        0,
        0,
        0,
        0,
        0,
        0,
        0,
        0
      ]
    }
  ]
}
