{
  "results": [
    {
      "command": "JavaScript (Node)",
      "mean": 0.24296863270000002,
      "stddev": 0.004830684212881304,
      "median": 0.24396893800000002,
      "user": 0.23990359999999997,
      "system": 0.0086231,
      "min": 0.237072247,
      "max": 0.24933043000000002,
      "times": [
        0.24521104200000002,
        0.23710355400000002,
        0.242726834,
        0.247165392,
        0.23720695500000002,
        0.24552316600000001,
        0.24835998,
        0.239986727,
        0.24933043000000002,
        0.237072247
      ],
      "exit_codes": [
        0,
        0,
        0,
        0,
        0,
        0,
        0,
        0,
        0,
        0
      ]
    }
  ]
}
