{
  "results": [
    {
      "command": "LOGOS (tiered)",
      "mean": 0.33879198302,
      "stddev": 0.0048688033653393,
      "median": 0.33832490422000006,
      "user": 0.33563858,
      "system": 0.00291902,
      "min": 0.33288457722000003,
      "max": 0.34734087622000004,
      "times": [
        0.33629512522000005,
        0.34232336322,
        0.34375915622000003,
        0.33427538622,
        0.33288457722000003,
        0.34035468322,
        0.34734087622000004,
        0.33397019022,
        0.34114398622000003,
        0.33557248622
      ],
      "exit_codes": [
        0,
        0,
        0,
        0,
        0,
        0,
        0,
        0,
        0,
        0
      ]
    }
  ]
}
