{
  "results": [
    {
      "command": "JavaScript (Node)",
      "mean": 0.2489547356,
      "stddev": 0.005364798360374815,
      "median": 0.24781076900000001,
      "user": 0.24686840000000002,
      "system": 0.0080919,
      "min": 0.24169077900000002,
      "max": 0.25618628400000004,
      "times": [
        0.24169077900000002,
        0.245866035,
        0.247990758,
        0.24763078000000002,
        0.253302364,
        0.24297435,
        0.25618628400000004,
        0.255432997,
        0.244495541,
        0.25397746800000004
      ],
      "exit_codes": [
        0,
        0,
        0,
        0,
        0,
        0,
        0,
        0,
        0,
        0
      ]
    }
  ]
}
