{
  "results": [
    {
      "command": "JavaScript (Node)",
      "mean": 0.24477763430000005,
      "stddev": 0.00513250842279519,
      "median": 0.24566223200000004,
      "user": 0.24137189999999994,
      "system": 0.008811799999999998,
      "min": 0.23860407500000003,
      "max": 0.25184516900000004,
      "times": [
        0.23860407500000003,
        0.249488486,
        0.24815487400000003,
        0.24316959000000002,
        0.23971660300000003,
        0.24880659600000002,
        0.25184516900000004,
        0.239882947,
        0.239258931,
        0.248849072
      ],
      "exit_codes": [
        0,
        0,
        0,
        0,
        0,
        0,
        0,
        0,
        0,
        0
      ]
    }
  ]
}
