{
  "results": [
    {
      "command": "Python",
      "mean": 1.2587015115999998,
      "stddev": 0.013068540650679753,
      "median": 1.2543069575,
      "user": 1.2356308999999999,
      "system": 0.0228006,
      "min": 1.248872467,
      "max": 1.291645306,
      "times": [
        1.249233174,
        1.264846081,
        1.248872467,
        1.263264791,
        1.260963191,
        1.2557746760000001,
        1.249751743,
        1.252839239,
        1.249824448,
        1.291645306
      ],
      "exit_codes": [
        0,
        0,
        0,
        0,
        0,
        0,
        0,
        0,
        0,
        0
      ]
    }
  ]
}
