{
  "results": [
    {
      "command": "LOGOS (tiered)",
      "mean": 0.34815176134000003,
      "stddev": 0.012231751889202483,
      "median": 0.35082593784000005,
      "user": 0.27806845999999996,
      "system": 0.06983406,
      "min": 0.33078315034000005,
      "max": 0.36318337434000003,
      "times": [
        0.33171645334000005,
        0.35914655134000006,
        0.36318337434000003,
        0.34934975234000004,
        0.35747074134000006,
        0.33078315034000005,
        0.35230212334000005,
        0.34837671334000003,
        0.33240720434000004,
        0.35678154934000006
      ],
      "exit_codes": [
        0,
        0,
        0,
        0,
        0,
        0,
        0,
        0,
        0,
        0
      ]
    }
  ]
}
