{
  "results": [
    {
      "command": "LOGOS (interpreted)",
      "mean": 0.40805096137999997,
      "stddev": 0.008505433824176529,
      "median": 0.40790557448,
      "user": 0.32857181999999996,
      "system": 0.07897257999999999,
      "min": 0.39284844198,
      "max": 0.42375754798,
      "times": [
        0.40312102998,
        0.40182160698,
        0.39284844198,
        0.41748625698,
        0.40704421698,
        0.40522686198,
        0.42375754798,
        0.40916067698,
        0.40876693198,
        0.41127604198
      ],
      "exit_codes": [
        0,
        0,
        0,
        0,
        0,
        0,
        0,
        0,
        0,
        0
      ]
    }
  ]
}
