{
  "results": [
    {
      "command": "LOGOS (interpreted)",
      "mean": 0.59589066892,
      "stddev": 0.005482203585800311,
      "median": 0.59503677422,
      "user": 0.52310828,
      "system": 0.07259681999999998,
      "min": 0.5891779837200001,
      "max": 0.6049483987200001,
      "times": [
        0.5908034817200001,
        0.59967794472,
        0.60060474172,
        0.59027336772,
        0.60139783572,
        0.5919493867200001,
        0.59605364272,
        0.5891779837200001,
        0.6049483987200001,
        0.5940199057200001
      ],
      "exit_codes": [
        0,
        0,
        0,
        0,
        0,
        0,
        0,
        0,
        0,
        0
      ]
    }
  ]
}
