{
  "results": [
    {
      "command": "JavaScript (Node)",
      "mean": 0.24931288290000006,
      "stddev": 0.00591686406251866,
      "median": 0.2511067275,
      "user": 0.1969054,
      "system": 0.0664708,
      "min": 0.241399578,
      "max": 0.25869190000000003,
      "times": [
        0.24695286300000002,
        0.253166806,
        0.24272479600000002,
        0.25149423600000004,
        0.241399578,
        0.25869190000000003,
        0.24141606200000001,
        0.250719219,
        0.25309034,
        0.253473029
      ],
      "exit_codes": [
        0,
        0,
        0,
        0,
        0,
        0,
        0,
        0,
        0,
        0
      ]
    }
  ]
}
