{
  "results": [
    {
      "command": "LOGOS (interpreted)",
      "mean": 0.35172293700000007,
      "stddev": 0.012162558196278607,
      "median": 0.3499562292,
      "user": 0.2821458,
      "system": 0.06932113999999999,
      "min": 0.3377591172,
      "max": 0.3754596232,
      "times": [
        0.3754596232,
        0.3593348382,
        0.3622768582,
        0.3516357912,
        0.3410940082,
        0.3482766672,
        0.3441451762,
        0.3586763412,
        0.33857094919999997,
        0.3377591172
      ],
      "exit_codes": [
        0,
        0,
        0,
        0,
        0,
        0,
        0,
        0,
        0,
        0
      ]
    }
  ]
}
