{
  "results": [
    {
      "command": "JavaScript (Node)",
      "mean": 0.2500731567,
      "stddev": 0.008676297066062754,
      "median": 0.2497473645,
      "user": 0.2008597,
      "system": 0.06415799999999999,
      "min": 0.23980630600000002,
      "max": 0.265342868,
      "times": [
        0.252562958,
        0.250302744,
        0.24202461400000003,
        0.244171136,
        0.26373140500000003,
        0.265342868,
        0.243294807,
        0.23980630600000002,
        0.25017169300000003,
        0.24932303600000003
      ],
      "exit_codes": [
        0,
        0,
        0,
        0,
        0,
        0,
        0,
        0,
        0,
        0
      ]
    }
  ]
}
