{
  "results": [
    {
      "command": "LOGOS (tiered)",
      "mean": 0.40539349704000005,
      "stddev": 0.010774100889558632,
      "median": 0.40577620134000003,
      "user": 0.32657336,
      "system": 0.07816967999999999,
      "min": 0.38659146134,
      "max": 0.41984836834,
      "times": [
        0.40579507634,
        0.41984836834,
        0.38977005334000003,
        0.38659146134,
        0.41141525434000004,
        0.40326400534,
        0.41481340934000005,
        0.40575732634,
        0.40159497734000005,
        0.41508503834000005
      ],
      "exit_codes": [
        0,
        0,
        0,
        0,
        0,
        0,
        0,
        0,
        0,
        0
      ]
    }
  ]
}
