{
  "results": [
    {
      "command": "Python",
      "mean": 1.3295697979999999,
      "stddev": 0.022420641431694352,
      "median": 1.3235385105,
      "user": 1.3090221,
      "system": 0.020298699999999996,
      "min": 1.3002321970000001,
      "max": 1.358143528,
      "times": [
        1.358143528,
        1.322326516,
        1.324750505,
        1.352337216,
        1.311182793,
        1.309128907,
        1.35753428,
        1.3002321970000001,
        1.311128402,
        1.348933636
      ],
      "exit_codes": [
        0,
        0,
        0,
        0,
        0,
        0,
        0,
        0,
        0,
        0
      ]
    }
  ]
}
