{
  "results": [
    {
      "command": "Ruby",
      "mean": 1.0644210048000002,
      "stddev": 0.006636286520509644,
      "median": 1.062845336,
      "user": 1.0416752,
      "system": 0.0224945,
      "min": 1.056836721,
      "max": 1.076489995,
      "times": [
        1.076489995,
        1.0646537,
        1.0627179820000001,
        1.06297269,
        1.056836721,
        1.070751802,
        1.057866229,
        1.058470233,
        1.072159177,
        1.061291519
      ],
      "exit_codes": [
        0,
        0,
        0,
        0,
        0,
        0,
        0,
        0,
        0,
        0
      ]
    }
  ]
}
