{
  "results": [
    {
      "command": "Python",
      "mean": 1.3134428682000001,
      "stddev": 0.022730773933305665,
      "median": 1.3109929905,
      "user": 1.2927841,
      "system": 0.0204005,
      "min": 1.272982611,
      "max": 1.341755901,
      "times": [
        1.337038378,
        1.287765946,
        1.305987383,
        1.330723882,
        1.335004062,
        1.341755901,
        1.308337161,
        1.31364882,
        1.272982611,
        1.301184538
      ],
      "exit_codes": [
        0,
        0,
        0,
        0,
        0,
        0,
        0,
        0,
        0,
        0
      ]
    }
  ]
}
