{
  "results": [
    {
      "command": "JavaScript (Node)",
      "mean": 0.24345312850000003,
      "stddev": 0.0043314139744392525,
      "median": 0.2442046985,
      "user": 0.1925189,
      "system": 0.06539239999999999,
      "min": 0.234716536,
      "max": 0.24939593000000002,
      "times": [
        0.24939593000000002,
        0.24571220100000002,
        0.234716536,
        0.241436488,
        0.24422769900000002,
        0.24778413100000002,
        0.24093451000000002,
        0.23979146,
        0.246350632,
        0.244181698
      ],
      "exit_codes": [
        0,
        0,
        0,
        0,
        0,
        0,
        0,
        0,
        0,
        0
      ]
    }
  ]
}
