{
  "results": [
    {
      "command": "Ruby",
      "mean": 1.0497279674999997,
      "stddev": 0.005158942839748736,
      "median": 1.0488710365,
      "user": 1.0280044999999998,
      "system": 0.021497599999999995,
      "min": 1.039675585,
      "max": 1.057258046,
      "times": [
        1.047965314,
        1.049159369,
        1.050796786,
        1.052544569,
        1.039675585,
        1.048004763,
        1.048582704,
        1.046278167,
        1.057014372,
        1.057258046
      ],
      "exit_codes": [
        0,
        0,
        0,
        0,
        0,
        0,
        0,
        0,
        0,
        0
      ]
    }
  ]
}
