{
  "results": [
    {
      "command": "Ruby",
      "mean": 1.0737983584,
      "stddev": 0.00926526954976703,
      "median": 1.0702878349999998,
      "user": 1.0501018,
      "system": 0.0234016,
      "min": 1.063738488,
      "max": 1.090465585,
      "times": [
        1.069435134,
        1.069180796,
        1.067046545,
        1.071140536,
        1.090465585,
        1.077007184,
        1.073898352,
        1.063738488,
        1.089313468,
        1.066757496
      ],
      "exit_codes": [
        0,
        0,
        0,
        0,
        0,
        0,
        0,
        0,
        0,
        0
      ]
    }
  ]
}
