{
  "results": [
    {
      "command": "LOGOS (tiered)",
      "mean": 1.386249077,
      "stddev": 0.0072361651040842604,
      "median": 1.3876563275,
      "user": 1.3838955,
      "system": 0.00213132,
      "min": 1.3743135485,
      "max": 1.3980173445000001,
      "times": [
        1.3870441055,
        1.3897266395,
        1.3818565795,
        1.3765523995,
        1.3930576595,
        1.3743135485,
        1.3842616535,
        1.3980173445000001,
        1.3893922905,
        1.3882685495
      ],
      "exit_codes": [
        0,
        0,
        0,
        0,
        0,
        0,
        0,
        0,
        0,
        0
      ]
    }
  ]
}
