{
  "results": [
    {
      "command": "JavaScript (Node)",
      "mean": 0.2498217844,
      "stddev": 0.004762836773054695,
      "median": 0.24953751050000003,
      "user": 0.2460582,
      "system": 0.0074100999999999985,
      "min": 0.2434096,
      "max": 0.258802762,
      "times": [
        0.252694205,
        0.246876753,
        0.244402109,
        0.258802762,
        0.253410048,
        0.2434096,
        0.246655548,
        0.25087976100000003,
        0.24819526000000003,
        0.252891798
      ],
      "exit_codes": [
        0,
        0,
        0,
        0,
        0,
        0,
        0,
        0,
        0,
        0
      ]
    }
  ]
}
