{
  "results": [
    {
      "command": "LOGOS (interpreted)",
      "mean": 0.6501004109199999,
      "stddev": 0.005046845119145498,
      "median": 0.6500439153199999,
      "user": 0.6475230399999999,
      "system": 0.0021969999999999997,
      "min": 0.64225050732,
      "max": 0.65816373532,
      "times": [
        0.65010748432,
        0.64591691632,
        0.65043547532,
        0.65816373532,
        0.64225050732,
        0.64422262232,
        0.64998034632,
        0.65417613232,
        0.64984165732,
        0.65590923232
      ],
      "exit_codes": [
        0,
        0,
        0,
        0,
        0,
        0,
        0,
        0,
        0,
        0
      ]
    }
  ]
}
