{
  "results": [
    {
      "command": "JavaScript (Node)",
      "mean": 0.24974033,
      "stddev": 0.004122964949380453,
      "median": 0.2492140645,
      "user": 0.24701479999999995,
      "system": 0.0066,
      "min": 0.24485726800000002,
      "max": 0.258260353,
      "times": [
        0.24485726800000002,
        0.25265017300000003,
        0.258260353,
        0.246237629,
        0.25015311,
        0.24551853,
        0.247548502,
        0.248275019,
        0.25121113700000003,
        0.252691579
      ],
      "exit_codes": [
        0,
        0,
        0,
        0,
        0,
        0,
        0,
        0,
        0,
        0
      ]
    }
  ]
}
