{
  "results": [
    {
      "command": "LOGOS (interpreted)",
      "mean": 2.9903559237200006,
      "stddev": 0.007288575112988498,
      "median": 2.9907007083200003,
      "user": 2.98866994,
      "system": 0.0013875999999999997,
      "min": 2.9806563403200004,
      "max": 3.00639213032,
      "times": [
        2.9917781153200003,
        2.98618703132,
        2.99514607032,
        2.9806563403200004,
        2.99015359932,
        2.9882741473200003,
        2.99124781732,
        2.98162104832,
        2.9921029373200003,
        3.00639213032
      ],
      "exit_codes": [
        0,
        0,
        0,
        0,
        0,
        0,
        0,
        0,
        0,
        0
      ]
    }
  ]
}
