{
  "results": [
    {
      "command": "LOGOS (interpreted)",
      "mean": 0.6415644552599999,
      "stddev": 0.005653962512686069,
      "median": 0.63933356146,
      "user": 0.6392610599999999,
      "system": 0.0020753200000000003,
      "min": 0.6348763149600001,
      "max": 0.6502497619600001,
      "times": [
        0.6369860349600001,
        0.64688284896,
        0.63847766096,
        0.63920451696,
        0.63946260596,
        0.6496434819600001,
        0.6348763149600001,
        0.64368352896,
        0.6502497619600001,
        0.6361777969600001
      ],
      "exit_codes": [
        0,
        0,
        0,
        0,
        0,
        0,
        0,
        0,
        0,
        0
      ]
    }
  ]
}
