{
  "results": [
    {
      "command": "LOGOS (interpreted)",
      "mean": 0.24025120817999998,
      "stddev": 0.0031118039368147566,
      "median": 0.23985948258,
      "user": 0.22852918,
      "system": 0.01144616,
      "min": 0.23504959558000002,
      "max": 0.24638162758,
      "times": [
        0.24126411058000002,
        0.23985642358,
        0.23986254158,
        0.24368138758000002,
        0.23504959558000002,
        0.24638162758,
        0.23783335158000002,
        0.24038547958,
        0.23843100658000002,
        0.23976655758
      ],
      "exit_codes": [
        0,
        0,
        0,
        0,
        0,
        0,
        0,
        0,
        0,
        0
      ]
    }
  ]
}
