{
  "results": [
    {
      "command": "JavaScript (Node)",
      "mean": 0.1907931055,
      "stddev": 0.0046009288551295624,
      "median": 0.188931485,
      "user": 0.1867905,
      "system": 0.005113099999999999,
      "min": 0.186005615,
      "max": 0.20003542600000002,
      "times": [
        0.188547705,
        0.195588972,
        0.186005615,
        0.192360298,
        0.189315265,
        0.194173501,
        0.18741570200000002,
        0.20003542600000002,
        0.186386403,
        0.18810216800000001
      ],
      "exit_codes": [
        0,
        0,
        0,
        0,
        0,
        0,
        0,
        0,
        0,
        0
      ]
    }
  ]
}
