{
  "results": [
    {
      "command": "Ruby",
      "mean": 2.9170861116,
      "stddev": 0.04147018508533699,
      "median": 2.902844297,
      "user": 2.9084259999999995,
      "system": 0.0083997,
      "min": 2.872749881,
      "max": 2.985756961,
      "times": [
        2.901228572,
        2.872749881,
        2.876394248,
        2.9044600220000003,
        2.879675354,
        2.981441369,
        2.932965088,
        2.896478253,
        2.939711368,
        2.985756961
      ],
      "exit_codes": [
        0,
        0,
        0,
        0,
        0,
        0,
        0,
        0,
        0,
        0
      ]
    }
  ]
}
