{
  "results": [
    {
      "command": "JavaScript (Node)",
      "mean": 0.1894596119,
      "stddev": 0.0029577999590363144,
      "median": 0.18922304900000003,
      "user": 0.18429800000000002,
      "system": 0.0062996,
      "min": 0.185294544,
      "max": 0.193958808,
      "times": [
        0.18601167600000001,
        0.187386932,
        0.185294544,
        0.19006235100000002,
        0.19326072500000002,
        0.187857308,
        0.191657563,
        0.18838374700000002,
        0.190722465,
        0.193958808
      ],
      "exit_codes": [
        0,
        0,
        0,
        0,
        0,
        0,
        0,
        0,
        0,
        0
      ]
    }
  ]
}
