{
  "results": [
    {
      "command": "Python",
      "mean": 3.9513213497999997,
      "stddev": 0.014721734908653266,
      "median": 3.9483749865,
      "user": 3.9487304,
      "system": 0.0021999999999999997,
      "min": 3.928255321,
      "max": 3.97686392,
      "times": [
        3.947977548,
        3.948772425,
        3.951906266,
        3.947194054,
        3.974822778,
        3.947616361,
        3.928255321,
        3.97686392,
        3.951328781,
        3.938476044
      ],
      "exit_codes": [
        0,
        0,
        0,
        0,
        0,
        0,
        0,
        0,
        0,
        0
      ]
    }
  ]
}
