{
  "results": [
    {
      "command": "Python",
      "mean": 3.8568309859000003,
      "stddev": 0.031340812724437735,
      "median": 3.8570273100000003,
      "user": 3.8542982,
      "system": 0.0023001000000000002,
      "min": 3.820230892,
      "max": 3.906041375,
      "times": [
        3.86954769,
        3.82492425,
        3.82643411,
        3.900629634,
        3.86700905,
        3.820230892,
        3.906041375,
        3.84704557,
        3.8736144560000003,
        3.8328328320000002
      ],
      "exit_codes": [
        0,
        0,
        0,
        0,
        0,
        0,
        0,
        0,
        0,
        0
      ]
    }
  ]
}
