{
  "results": [
    {
      "command": "LOGOS (interpreted)",
      "mean": 0.23396523413999998,
      "stddev": 0.005688447273430038,
      "median": 0.23229842514000001,
      "user": 0.22228846,
      "system": 0.011504499999999999,
      "min": 0.22711558364,
      "max": 0.24185920064000002,
      "times": [
        0.22999522564000002,
        0.22901511164000002,
        0.23961466064,
        0.22791479264,
        0.23195552964000002,
        0.23264132064,
        0.23969293564000002,
        0.24185920064000002,
        0.22711558364,
        0.23984798064
      ],
      "exit_codes": [
        0,
        0,
        0,
        0,
        0,
        0,
        0,
        0,
        0,
        0
      ]
    }
  ]
}
