{
  "results": [
    {
      "command": "LOGOS (tiered)",
      "mean": 0.24700633890000004,
      "stddev": 0.003538050066775341,
      "median": 0.2466478391,
      "user": 0.23418737999999997,
      "system": 0.012638940000000001,
      "min": 0.24145911960000002,
      "max": 0.25086617860000004,
      "times": [
        0.25084425860000004,
        0.2457441866,
        0.2428198286,
        0.25086617860000004,
        0.25011584960000005,
        0.25081409060000004,
        0.2448753676,
        0.24145911960000002,
        0.2449730176,
        0.2475514916
      ],
      "exit_codes": [
        0,
        0,
        0,
        0,
        0,
        0,
        0,
        0,
        0,
        0
      ]
    }
  ]
}
