{
  "results": [
    {
      "command": "LOGOS (interpreted)",
      "mean": 0.74472093396,
      "stddev": 0.00550570180790904,
      "median": 0.7438133038600001,
      "user": 0.7331896999999998,
      "system": 0.01126582,
      "min": 0.73826056236,
      "max": 0.75664268936,
      "times": [
        0.74360188136,
        0.73861172336,
        0.74985216736,
        0.74402472636,
        0.74195766336,
        0.74659088436,
        0.74616308536,
        0.75664268936,
        0.74150395636,
        0.73826056236
      ],
      "exit_codes": [
        0,
        0,
        0,
        0,
        0,
        0,
        0,
        0,
        0,
        0
      ]
    }
  ]
}
