{
  "results": [
    {
      "command": "Ruby",
      "mean": 2.922394936599999,
      "stddev": 0.06979467255222774,
      "median": 2.9026159065000003,
      "user": 2.9126902,
      "system": 0.0093996,
      "min": 2.866541386,
      "max": 3.113415177,
      "times": [
        2.9025584,
        2.898273771,
        2.925540211,
        2.866541386,
        2.894126371,
        3.113415177,
        2.932555148,
        2.902673413,
        2.880729,
        2.907536489
      ],
      "exit_codes": [
        0,
        0,
        0,
        0,
        0,
        0,
        0,
        0,
        0,
        0
      ]
    }
  ]
}
