{
  "results": [
    {
      "command": "JavaScript (Node)",
      "mean": 0.19302538460000002,
      "stddev": 0.0036396817155888513,
      "median": 0.19391492850000003,
      "user": 0.18724579999999996,
      "system": 0.0070114999999999995,
      "min": 0.187522651,
      "max": 0.197726544,
      "times": [
        0.197726544,
        0.194244828,
        0.19447560700000002,
        0.19053103400000002,
        0.196102104,
        0.187522651,
        0.19358502900000002,
        0.191208493,
        0.187779035,
        0.197078521
      ],
      "exit_codes": [
        0,
        0,
        0,
        0,
        0,
        0,
        0,
        0,
        0,
        0
      ]
    }
  ]
}
