{
  "results": [
    {
      "command": "LOGOS (tiered)",
      "mean": 0.24785044802000003,
      "stddev": 0.0044898969727381124,
      "median": 0.24844199952,
      "user": 0.2362116,
      "system": 0.011330959999999998,
      "min": 0.23977353852,
      "max": 0.25345066252000004,
      "times": [
        0.23977353852,
        0.24993845052,
        0.25345066252000004,
        0.24694554852,
        0.25302494752000004,
        0.24678658052,
        0.24373713852,
        0.25000163152000004,
        0.24356064052,
        0.25128534152000004
      ],
      "exit_codes": [
        0,
        0,
        0,
        0,
        0,
        0,
        0,
        0,
        0,
        0
      ]
    }
  ]
}
