{
  "results": [
    {
      "command": "Python",
      "mean": 3.868770021600001,
      "stddev": 0.017175629212947498,
      "median": 3.865096791,
      "user": 3.8666083999999996,
      "system": 0.0018999,
      "min": 3.849635772,
      "max": 3.9087807210000003,
      "times": [
        3.855381483,
        3.849635772,
        3.9087807210000003,
        3.866737478,
        3.856495801,
        3.879485913,
        3.863456104,
        3.867115288,
        3.860219196,
        3.88039246
      ],
      "exit_codes": [
        0,
        0,
        0,
        0,
        0,
        0,
        0,
        0,
        0,
        0
      ]
    }
  ]
}
