{
  "results": [
    {
      "command": "Ruby",
      "mean": 2.9093313157000003,
      "stddev": 0.019425467314399075,
      "median": 2.90344817,
      "user": 2.9000809,
      "system": 0.0088996,
      "min": 2.889076282,
      "max": 2.947270322,
      "times": [
        2.892178711,
        2.947270322,
        2.917100575,
        2.898670226,
        2.934126201,
        2.891152534,
        2.916841966,
        2.90536979,
        2.889076282,
        2.90152655
      ],
      "exit_codes": [
        0,
        0,
        0,
        0,
        0,
        0,
        0,
        0,
        0,
        0
      ]
    }
  ]
}
