{
  "results": [
    {
      "command": "JavaScript (Node)",
      "mean": 0.2507997414,
      "stddev": 0.004679464575514811,
      "median": 0.24958154250000003,
      "user": 0.2463319,
      "system": 0.0057056,
      "min": 0.246261681,
      "max": 0.259179117,
      "times": [
        0.25281696800000003,
        0.252007971,
        0.247772439,
        0.25788645,
        0.246261681,
        0.24632224500000002,
        0.250126624,
        0.246587458,
        0.24903646100000001,
        0.259179117
      ],
      "exit_codes": [
        0,
        0,
        0,
        0,
        0,
        0,
        0,
        0,
        0,
        0
      ]
    }
  ]
}
