{
  "results": [
    {
      "command": "LOGOS (interpreted)",
      "mean": 0.29028511284,
      "stddev": 0.005074302662472824,
      "median": 0.28852962694,
      "user": 0.28867734,
      "system": 0.0014277799999999996,
      "min": 0.28585520094,
      "max": 0.30124645394,
      "times": [
        0.29039686994,
        0.29379793894,
        0.28643036694,
        0.28643236794,
        0.28631397094,
        0.28585520094,
        0.28666238394,
        0.29088608494,
        0.30124645394,
        0.29482948994
      ],
      "exit_codes": [
        0,
        0,
        0,
        0,
        0,
        0,
        0,
        0,
        0,
        0
      ]
    }
  ]
}
