{
  "results": [
    {
      "command": "LOGOS (interpreted)",
      "mean": 0.7395198313000001,
      "stddev": 0.006857715776011959,
      "median": 0.7400610001000001,
      "user": 0.7381254399999999,
      "system": 0.0012303,
      "min": 0.7302762906000001,
      "max": 0.7536643326000001,
      "times": [
        0.7423010916,
        0.7397044216,
        0.7404175786,
        0.7414226116,
        0.7536643326000001,
        0.7451213146000001,
        0.7328603696,
        0.7333635826,
        0.7360667196,
        0.7302762906000001
      ],
      "exit_codes": [
        0,
        0,
        0,
        0,
        0,
        0,
        0,
        0,
        0,
        0
      ]
    }
  ]
}
