{
  "results": [
    {
      "command": "JavaScript (Node)",
      "mean": 0.24771362710000006,
      "stddev": 0.004832025789508545,
      "median": 0.24690878500000002,
      "user": 0.24292069999999993,
      "system": 0.0059923,
      "min": 0.243009419,
      "max": 0.256275385,
      "times": [
        0.243009419,
        0.244279034,
        0.24341979400000002,
        0.247284781,
        0.256275385,
        0.246532789,
        0.256246772,
        0.248128751,
        0.247374742,
        0.24458480400000002
      ],
      "exit_codes": [
        0,
        0,
        0,
        0,
        0,
        0,
        0,
        0,
        0,
        0
      ]
    }
  ]
}
