{
  "results": [
    {
      "command": "LOGOS (tiered)",
      "mean": 0.42192336614000003,
      "stddev": 0.004447066002831463,
      "median": 0.42380394544000005,
      "user": 0.41975147999999995,
      "system": 0.0019324999999999998,
      "min": 0.41534364294000004,
      "max": 0.42741111094000006,
      "times": [
        0.41831546194,
        0.42472628794000006,
        0.42364536294000005,
        0.42565266594000006,
        0.42396252794000006,
        0.42741111094000006,
        0.41709834894000003,
        0.41534364294000004,
        0.41711764894000003,
        0.42596060294000004
      ],
      "exit_codes": [
        0,
        0,
        0,
        0,
        0,
        0,
        0,
        0,
        0,
        0
      ]
    }
  ]
}
