{
  "results": [
    {
      "command": "LOGOS (tiered)",
      "mean": 0.4141689052200001,
      "stddev": 0.003972205556757696,
      "median": 0.41221500162,
      "user": 0.4118705799999999,
      "system": 0.00205916,
      "min": 0.40971826712000003,
      "max": 0.41962527012,
      "times": [
        0.41854720112000005,
        0.41079621112000003,
        0.41152761512,
        0.41243688312000004,
        0.40971826712000003,
        0.41962527012,
        0.41054340412,
        0.41765597512,
        0.41884510512,
        0.41199312012000006
      ],
      "exit_codes": [
        0,
        0,
        0,
        0,
        0,
        0,
        0,
        0,
        0,
        0
      ]
    }
  ]
}
