{
  "results": [
    {
      "command": "JavaScript (Node)",
      "mean": 0.24650882690000006,
      "stddev": 0.002780719373386616,
      "median": 0.2453865175,
      "user": 0.24085989999999996,
      "system": 0.0071086,
      "min": 0.244239801,
      "max": 0.253423294,
      "times": [
        0.245562988,
        0.253423294,
        0.24430757400000003,
        0.24874688,
        0.24521004700000001,
        0.24639329100000001,
        0.24699567400000003,
        0.24513605100000002,
        0.244239801,
        0.24507266900000002
      ],
      "exit_codes": [
        0,
        0,
        0,
        0,
        0,
        0,
        0,
        0,
        0,
        0
      ]
    }
  ]
}
