{
  "results": [
    {
      "command": "LOGOS (interpreted)",
      "mean": 0.29885319369999996,
      "stddev": 0.006421574944352533,
      "median": 0.2996268691,
      "user": 0.29733677999999997,
      "system": 0.0012655,
      "min": 0.2886780431,
      "max": 0.3110576921,
      "times": [
        0.3110576921,
        0.2977349171,
        0.2989928081,
        0.29976453610000003,
        0.29961425210000003,
        0.2886780431,
        0.2996394861,
        0.3018783051,
        0.30209928210000003,
        0.28907261510000004
      ],
      "exit_codes": [
        0,
        0,
        0,
        0,
        0,
        0,
        0,
        0,
        0,
        0
      ]
    }
  ]
}
