{
  "results": [
    {
      "command": "JavaScript (Node)",
      "mean": 0.25103329280000003,
      "stddev": 0.006419239515206869,
      "median": 0.25018380900000003,
      "user": 0.1937481,
      "system": 0.05999,
      "min": 0.24345959600000003,
      "max": 0.263532823,
      "times": [
        0.254169029,
        0.24755415500000003,
        0.245140457,
        0.256263532,
        0.25539928700000003,
        0.24345959600000003,
        0.263532823,
        0.252813463,
        0.245582356,
        0.24641823000000002
      ],
      "exit_codes": [
        0,
        0,
        0,
        0,
        0,
        0,
        0,
        0,
        0,
        0
      ]
    }
  ]
}
