{
  "results": [
    {
      "command": "LOGOS (interpreted)",
      "mean": 0.16634177794000005,
      "stddev": 0.004387727224535199,
      "median": 0.16609755944000001,
      "user": 0.1406825,
      "system": 0.02538112,
      "min": 0.16196713644000002,
      "max": 0.17362743444,
      "times": [
        0.16196713644000002,
        0.17362743444,
        0.16814955044000002,
        0.16780376944000003,
        0.16234678344000003,
        0.16748039644,
        0.17283071944000003,
        0.16471472244000002,
        0.16250146144000002,
        0.16199580544000003
      ],
      "exit_codes": [
        0,
        0,
        0,
        0,
        0,
        0,
        0,
        0,
        0,
        0
      ]
    }
  ]
}
