{
  "results": [
    {
      "command": "Python",
      "mean": 5.332661952900001,
      "stddev": 0.09997873852778208,
      "median": 5.3112199315,
      "user": 5.0647446,
      "system": 0.2674815,
      "min": 5.23886432,
      "max": 5.593334567,
      "times": [
        5.313291788,
        5.315316086,
        5.23886432,
        5.24665658,
        5.380316834,
        5.329832226,
        5.309148075,
        5.593334567,
        5.290824632,
        5.309034421
      ],
      "exit_codes": [
        0,
        0,
        0,
        0,
        0,
        0,
        0,
        0,
        0,
        0
      ]
    }
  ]
}
