{
  "results": [
    {
      "command": "Python",
      "mean": 5.3471155327,
      "stddev": 0.09599121869152545,
      "median": 5.3570807745,
      "user": 5.089747099999999,
      "system": 0.25688269999999996,
      "min": 5.203685219,
      "max": 5.523155597,
      "times": [
        5.425741248,
        5.403854583,
        5.283026387,
        5.276948302,
        5.523155597,
        5.392145394,
        5.203685219,
        5.248437048,
        5.335051909,
        5.37910964
      ],
      "exit_codes": [
        0,
        0,
        0,
        0,
        0,
        0,
        0,
        0,
        0,
        0
      ]
    }
  ]
}
