{
  "results": [
    {
      "command": "LOGOS (tiered)",
      "mean": 0.16398998524000002,
      "stddev": 0.0037892732389461915,
      "median": 0.16278248874,
      "user": 0.13634103999999997,
      "system": 0.027450419999999996,
      "min": 0.15993392924000002,
      "max": 0.17191744524000002,
      "times": [
        0.16174248324,
        0.16007165024000003,
        0.16837574324000001,
        0.16484570224000003,
        0.16338669824000002,
        0.16542272524,
        0.15993392924000002,
        0.16217827924000003,
        0.17191744524000002,
        0.16202519624000003
      ],
      "exit_codes": [
        0,
        0,
        0,
        0,
        0,
        0,
        0,
        0,
        0,
        0
      ]
    }
  ]
}
