{
  "results": [
    {
      "command": "LOGOS (tiered)",
      "mean": 0.16466457220000003,
      "stddev": 0.00323514052774429,
      "median": 0.1651615186,
      "user": 0.14065128,
      "system": 0.023770759999999995,
      "min": 0.1581325226,
      "max": 0.1691554676,
      "times": [
        0.1645892006,
        0.1671368556,
        0.1620812496,
        0.1651340586,
        0.1616564816,
        0.1581325226,
        0.1691554676,
        0.1669030726,
        0.1651889786,
        0.1666678346
      ],
      "exit_codes": [
        0,
        0,
        0,
        0,
        0,
        0,
        0,
        0,
        0,
        0
      ]
    }
  ]
}
