{
  "results": [
    {
      "command": "LOGOS (interpreted)",
      "mean": 0.5872205455399999,
      "stddev": 0.0038283693419967012,
      "median": 0.58633219734,
      "user": 0.49091594,
      "system": 0.09602259999999999,
      "min": 0.58295598484,
      "max": 0.59463686584,
      "times": [
        0.5877153108400001,
        0.59079057284,
        0.58494908384,
        0.58459214684,
        0.58295598484,
        0.58361730784,
        0.59463686584,
        0.5899180888400001,
        0.58402446484,
        0.5890056288400001
      ],
      "exit_codes": [
        0,
        0,
        0,
        0,
        0,
        0,
        0,
        0,
        0,
        0
      ]
    }
  ]
}
