{
  "results": [
    {
      "command": "Ruby",
      "mean": 1.7838201081,
      "stddev": 0.013557474252863534,
      "median": 1.77939343,
      "user": 1.7301963999999999,
      "system": 0.05339370000000001,
      "min": 1.76892785,
      "max": 1.8100659280000002,
      "times": [
        1.774903236,
        1.76892785,
        1.7742917,
        1.802941029,
        1.780310037,
        1.778476823,
        1.781931522,
        1.774164092,
        1.8100659280000002,
        1.792188864
      ],
      "exit_codes": [
        0,
        0,
        0,
        0,
        0,
        0,
        0,
        0,
        0,
        0
      ]
    }
  ]
}
