{
  "results": [
    {
      "command": "Ruby",
      "mean": 1.7780190179000002,
      "stddev": 0.008360051097496124,
      "median": 1.7807984435000002,
      "user": 1.7200694000000003,
      "system": 0.057595299999999995,
      "min": 1.765305876,
      "max": 1.788826687,
      "times": [
        1.788826687,
        1.7680575900000002,
        1.7813035830000001,
        1.7802933040000002,
        1.7823702840000002,
        1.76765719,
        1.776380223,
        1.765305876,
        1.787119321,
        1.7828761210000001
      ],
      "exit_codes": [
        0,
        0,
        0,
        0,
        0,
        0,
        0,
        0,
        0,
        0
      ]
    }
  ]
}
