{
  "results": [
    {
      "command": "JavaScript (Node)",
      "mean": 0.2568958505,
      "stddev": 0.006371198810949636,
      "median": 0.25647303450000003,
      "user": 0.1954666,
      "system": 0.0640597,
      "min": 0.247305405,
      "max": 0.271438858,
      "times": [
        0.255307126,
        0.247305405,
        0.257124575,
        0.261608125,
        0.257290531,
        0.271438858,
        0.25465149000000004,
        0.256638453,
        0.251286326,
        0.256307616
      ],
      "exit_codes": [
        0,
        0,
        0,
        0,
        0,
        0,
        0,
        0,
        0,
        0
      ]
    }
  ]
}
