{
  "results": [
    {
      "command": "Ruby",
      "mean": 1.7792521525000002,
      "stddev": 0.015678221330229745,
      "median": 1.7760858745,
      "user": 1.7198323999999996,
      "system": 0.05909829999999999,
      "min": 1.758950149,
      "max": 1.814417519,
      "times": [
        1.778331111,
        1.758950149,
        1.773840638,
        1.789708583,
        1.784947581,
        1.7724561730000001,
        1.762105471,
        1.783937335,
        1.814417519,
        1.773826965
      ],
      "exit_codes": [
        0,
        0,
        0,
        0,
        0,
        0,
        0,
        0,
        0,
        0
      ]
    }
  ]
}
