{
  "results": [
    {
      "command": "Python",
      "mean": 5.4951216617,
      "stddev": 0.09178659382585179,
      "median": 5.488227877,
      "user": 5.2562690000000005,
      "system": 0.23829379999999997,
      "min": 5.373918084,
      "max": 5.646213679,
      "times": [
        5.395587795,
        5.420364017,
        5.600788064,
        5.567747508,
        5.646213679,
        5.433255042,
        5.5069557,
        5.469500054,
        5.536886674,
        5.373918084
      ],
      "exit_codes": [
        0,
        0,
        0,
        0,
        0,
        0,
        0,
        0,
        0,
        0
      ]
    }
  ]
}
