{
  "results": [
    {
      "command": "JavaScript (Node)",
      "mean": 0.24886726929999997,
      "stddev": 0.005655748271921962,
      "median": 0.24976336300000002,
      "user": 0.1933721,
      "system": 0.0581405,
      "min": 0.237169192,
      "max": 0.257290191,
      "times": [
        0.250434524,
        0.24977818200000002,
        0.243612242,
        0.24885700200000002,
        0.25205272900000003,
        0.237169192,
        0.24974854400000002,
        0.257290191,
        0.254124175,
        0.245605912
      ],
      "exit_codes": [
        0,
        0,
        0,
        0,
        0,
        0,
        0,
        0,
        0,
        0
      ]
    }
  ]
}
