{
  "results": [
    {
      "command": "LOGOS (interpreted)",
      "mean": 0.16368999886000002,
      "stddev": 0.005106626581243144,
      "median": 0.16423537106000002,
      "user": 0.1361901,
      "system": 0.027334740000000003,
      "min": 0.15669629606000002,
      "max": 0.17329881206,
      "times": [
        0.17329881206,
        0.16382780006,
        0.16586120706000002,
        0.15826033406,
        0.15669629606000002,
        0.16771542606,
        0.16097786806,
        0.16464294206000002,
        0.15873378906000002,
        0.16688551406000002
      ],
      "exit_codes": [
        0,
        0,
        0,
        0,
        0,
        0,
        0,
        0,
        0,
        0
      ]
    }
  ]
}
