{
  "results": [
    {
      "command": "LOGOS (interpreted)",
      "mean": 0.38276508018000005,
      "stddev": 0.0021234353999926778,
      "median": 0.38219500218,
      "user": 0.38133908,
      "system": 0.001201648,
      "min": 0.38048691568,
      "max": 0.38592037768,
      "times": [
        0.38174154468,
        0.38592037768,
        0.38534471368,
        0.38228568868,
        0.38311949068,
        0.38064358168,
        0.38548478668,
        0.38048691568,
        0.38051938668,
        0.38210431568
      ],
      "exit_codes": [
        0,
        0,
        0,
        0,
        0,
        0,
        0,
        0,
        0,
        0
      ]
    }
  ]
}
