{
  "results": [
    {
      "command": "Ruby",
      "mean": 3.4400400683,
      "stddev": 0.021216837280333054,
      "median": 3.4402365305,
      "user": 3.430865,
      "system": 0.0087991,
      "min": 3.407949381,
      "max": 3.4717448,
      "times": [
        3.407949381,
        3.439576443,
        3.430883859,
        3.45620729,
        3.418787921,
        3.4717448,
        3.417133549,
        3.440896618,
        3.457170978,
        3.4600498440000003
      ],
      "exit_codes": [
        0,
        0,
        0,
        0,
        0,
        0,
        0,
        0,
        0,
        0
      ]
    }
  ]
}
