{
  "results": [
    {
      "command": "JavaScript (Node)",
      "mean": 0.24898720739999997,
      "stddev": 0.0034589586022447136,
      "median": 0.248895794,
      "user": 0.24377459999999998,
      "system": 0.006405899999999999,
      "min": 0.24403527100000003,
      "max": 0.25633327,
      "times": [
        0.25067763800000004,
        0.24403527100000003,
        0.24628648,
        0.25633327,
        0.24866022100000001,
        0.245833194,
        0.251785258,
        0.24913136700000002,
        0.247940139,
        0.249189236
      ],
      "exit_codes": [
        0,
        0,
        0,
        0,
        0,
        0,
        0,
        0,
        0,
        0
      ]
    }
  ]
}
