{
  "results": [
    {
      "command": "LOGOS (interpreted)",
      "mean": 0.38002577488,
      "stddev": 0.0021308764753299467,
      "median": 0.37971584518,
      "user": 0.37820089999999995,
      "system": 0.0015339,
      "min": 0.37682833468000004,
      "max": 0.38381698368,
      "times": [
        0.37935155168,
        0.38274897468,
        0.38381698368,
        0.37973505468,
        0.37763692668000004,
        0.37969663568,
        0.37896004768,
        0.38115292268,
        0.37682833468000004,
        0.38033031668
      ],
      "exit_codes": [
        0,
        0,
        0,
        0,
        0,
        0,
        0,
        0,
        0,
        0
      ]
    }
  ]
}
