{
  "results": [
    {
      "command": "LOGOS (interpreted)",
      "mean": 0.6050722131600003,
      "stddev": 0.012833341424511454,
      "median": 0.6102699367600001,
      "user": 0.60399878,
      "system": 0.0008919420000000001,
      "min": 0.5734402072600001,
      "max": 0.6177126182600001,
      "times": [
        0.6106050082600001,
        0.6132958852600001,
        0.6177126182600001,
        0.6037341232600001,
        0.6127370212600001,
        0.6039637182600001,
        0.5734402072600001,
        0.6105272382600001,
        0.61001263526,
        0.5946936762600001
      ],
      "exit_codes": [
        0,
        0,
        0,
        0,
        0,
        0,
        0,
        0,
        0,
        0
      ]
    }
  ]
}
