{
  "results": [
    {
      "command": "Ruby",
      "mean": 3.4409395362000006,
      "stddev": 0.03027879475771587,
      "median": 3.4367211830000004,
      "user": 3.4324714999999997,
      "system": 0.008099499999999999,
      "min": 3.40524604,
      "max": 3.512139,
      "times": [
        3.44687802,
        3.4191977590000002,
        3.434393436,
        3.459186707,
        3.512139,
        3.450895283,
        3.40524604,
        3.412764403,
        3.4390489300000002,
        3.429645784
      ],
      "exit_codes": [
        0,
        0,
        0,
        0,
        0,
        0,
        0,
        0,
        0,
        0
      ]
    }
  ]
}
