{
  "results": [
    {
      "command": "JavaScript (Node)",
      "mean": 0.24564088160000006,
      "stddev": 0.0024260862752368286,
      "median": 0.24533050500000003,
      "user": 0.24073599999999998,
      "system": 0.0061137,
      "min": 0.242468817,
      "max": 0.24907262000000002,
      "times": [
        0.24601597800000002,
        0.24483042000000002,
        0.24907262000000002,
        0.244038156,
        0.244065726,
        0.24857268200000002,
        0.24583059000000002,
        0.242873472,
        0.242468817,
        0.248640355
      ],
      "exit_codes": [
        0,
        0,
        0,
        0,
        0,
        0,
        0,
        0,
        0,
        0
      ]
    }
  ]
}
