{
  "results": [
    {
      "command": "Ruby",
      "mean": 3.3515165254,
      "stddev": 0.034227764496713574,
      "median": 3.3615749895,
      "user": 3.3426940000000003,
      "system": 0.008499999999999999,
      "min": 3.268366145,
      "max": 3.384784866,
      "times": [
        3.371977355,
        3.350187709,
        3.382568411,
        3.365457938,
        3.342263942,
        3.268366145,
        3.365163062,
        3.326408909,
        3.384784866,
        3.357986917
      ],
      "exit_codes": [
        0,
        0,
        0,
        0,
        0,
        0,
        0,
        0,
        0,
        0
      ]
    }
  ]
}
