{
  "results": [
    {
      "command": "LOGOS (tiered)",
      "mean": 0.38203147340000004,
      "stddev": 0.0019365666515231258,
      "median": 0.38231224760000004,
      "user": 0.38051451999999997,
      "system": 0.00128386,
      "min": 0.3794160106,
      "max": 0.38466145360000004,
      "times": [
        0.37972242060000005,
        0.3794160106,
        0.3846251826,
        0.38466145360000004,
        0.38347785360000003,
        0.38030918760000004,
        0.3820967236,
        0.3806308546,
        0.38284727560000004,
        0.3825277716
      ],
      "exit_codes": [
        0,
        0,
        0,
        0,
        0,
        0,
        0,
        0,
        0,
        0
      ]
    }
  ]
}
