{
  "results": [
    {
      "command": "LOGOS (tiered)",
      "mean": 0.3775144745600001,
      "stddev": 0.0016305656698869448,
      "median": 0.37737590716,
      "user": 0.37624867999999995,
      "system": 0.0010152,
      "min": 0.37465969666000004,
      "max": 0.38064074666000003,
      "times": [
        0.37700639666,
        0.37731769066000004,
        0.37741121766,
        0.37737414266,
        0.37597126766000005,
        0.37919310566000003,
        0.37819280966,
        0.38064074666000003,
        0.37465969666000004,
        0.37737767166
      ],
      "exit_codes": [
        0,
        0,
        0,
        0,
        0,
        0,
        0,
        0,
        0,
        0
      ]
    }
  ]
}
