{
  "results": [
    {
      "command": "JavaScript (Node)",
      "mean": 0.2432642379,
      "stddev": 0.00546203140793892,
      "median": 0.2431507785,
      "user": 0.23883829999999998,
      "system": 0.005601,
      "min": 0.23697242300000002,
      "max": 0.250661118,
      "times": [
        0.237856797,
        0.23909116300000002,
        0.24975437400000003,
        0.23697242300000002,
        0.250661118,
        0.24338499400000002,
        0.244966394,
        0.24993268400000002,
        0.23710586900000002,
        0.242916563
      ],
      "exit_codes": [
        0,
        0,
        0,
        0,
        0,
        0,
        0,
        0,
        0,
        0
      ]
    }
  ]
}
