{
  "results": [
    {
      "command": "LOGOS (interpreted)",
      "mean": 0.32703951594,
      "stddev": 0.00785523660460304,
      "median": 0.3254989836400001,
      "user": 0.30894291999999995,
      "system": 0.017758700000000002,
      "min": 0.31605284264000005,
      "max": 0.34063237064,
      "times": [
        0.32883314764000005,
        0.34063237064,
        0.33697141364000005,
        0.33289578464,
        0.32322005364000006,
        0.32777791364000003,
        0.32078272264,
        0.32214870464,
        0.31605284264000005,
        0.32108020564000006
      ],
      "exit_codes": [
        0,
        0,
        0,
        0,
        0,
        0,
        0,
        0,
        0,
        0
      ]
    }
  ]
}
