{
  "results": [
    {
      "command": "Ruby",
      "mean": 3.9342287702,
      "stddev": 0.03964823023574564,
      "median": 3.9240823235000004,
      "user": 3.9218117999999995,
      "system": 0.012100099999999999,
      "min": 3.9039461820000003,
      "max": 4.040674216,
      "times": [
        3.926094586,
        3.905525141,
        3.910843236,
        4.040674216,
        3.9039461820000003,
        3.918709761,
        3.933781327,
        3.940551555,
        3.940091637,
        3.9220700610000003
      ],
      "exit_codes": [
        0,
        0,
        0,
        0,
        0,
        0,
        0,
        0,
        0,
        0
      ]
    }
  ]
}
