{
  "results": [
    {
      "command": "JavaScript (Node)",
      "mean": 0.2462241484,
      "stddev": 0.0043913921493391305,
      "median": 0.24789013050000003,
      "user": 0.2432194,
      "system": 0.011629599999999999,
      "min": 0.23844967400000003,
      "max": 0.251336995,
      "times": [
        0.247908291,
        0.244985893,
        0.241462911,
        0.251336995,
        0.24987662800000002,
        0.24146555400000003,
        0.24787197000000002,
        0.248927111,
        0.23844967400000003,
        0.24995645700000002
      ],
      "exit_codes": [
        0,
        0,
        0,
        0,
        0,
        0,
        0,
        0,
        0,
        0
      ]
    }
  ]
}
