{
  "results": [
    {
      "command": "Python",
      "mean": 3.2074726232,
      "stddev": 0.07958147777386575,
      "median": 3.193396149,
      "user": 3.1873923,
      "system": 0.019698699999999996,
      "min": 3.106978276,
      "max": 3.344138313,
      "times": [
        3.106978276,
        3.145515078,
        3.220690638,
        3.241665553,
        3.344138313,
        3.131673421,
        3.166452352,
        3.192874605,
        3.193917693,
        3.330820303
      ],
      "exit_codes": [
        0,
        0,
        0,
        0,
        0,
        0,
        0,
        0,
        0,
        0
      ]
    }
  ]
}
