{
  "results": [
    {
      "command": "LOGOS (interpreted)",
      "mean": 0.8633672769399998,
      "stddev": 0.006411357056419389,
      "median": 0.86210284314,
      "user": 0.8468174599999999,
      "system": 0.016339700000000002,
      "min": 0.85702988664,
      "max": 0.87695485264,
      "times": [
        0.86752021464,
        0.85702988664,
        0.87695485264,
        0.86152971164,
        0.85950808464,
        0.86929805664,
        0.86448290064,
        0.85726002464,
        0.85741306264,
        0.86267597464
      ],
      "exit_codes": [
        0,
        0,
        0,
        0,
        0,
        0,
        0,
        0,
        0,
        0
      ]
    }
  ]
}
