{
  "results": [
    {
      "command": "Python",
      "mean": 3.2064905825000003,
      "stddev": 0.013677355807608147,
      "median": 3.2057819739999998,
      "user": 3.1865579,
      "system": 0.0196001,
      "min": 3.181254611,
      "max": 3.224828594,
      "times": [
        3.195410578,
        3.220268515,
        3.181254611,
        3.207111886,
        3.203452123,
        3.21973025,
        3.204452062,
        3.194240522,
        3.224828594,
        3.214156684
      ],
      "exit_codes": [
        0,
        0,
        0,
        0,
        0,
        0,
        0,
        0,
        0,
        0
      ]
    }
  ]
}
