{
  "results": [
    {
      "command": "Python",
      "mean": 3.1822804534999998,
      "stddev": 0.04647491882208941,
      "median": 3.1764936905,
      "user": 3.1621089999999996,
      "system": 0.019899999999999994,
      "min": 3.119596233,
      "max": 3.269157868,
      "times": [
        3.234367664,
        3.175292339,
        3.1332605,
        3.119596233,
        3.141929229,
        3.1752856400000002,
        3.215402704,
        3.180817316,
        3.269157868,
        3.177695042
      ],
      "exit_codes": [
        0,
        0,
        0,
        0,
        0,
        0,
        0,
        0,
        0,
        0
      ]
    }
  ]
}
