{
  "results": [
    {
      "command": "LOGOS (tiered)",
      "mean": 0.3244333406,
      "stddev": 0.005659541186953325,
      "median": 0.3257003809,
      "user": 0.3059973399999999,
      "system": 0.01829022,
      "min": 0.3165012249,
      "max": 0.33386360789999997,
      "times": [
        0.3224536669,
        0.3184269939,
        0.3246510909,
        0.3165012249,
        0.3286071249,
        0.33386360789999997,
        0.3274975719,
        0.3267496709,
        0.3282140529,
        0.3173684009
      ],
      "exit_codes": [
        0,
        0,
        0,
        0,
        0,
        0,
        0,
        0,
        0,
        0
      ]
    }
  ]
}
