{
  "results": [
    {
      "command": "LOGOS (interpreted)",
      "mean": 0.31691476806,
      "stddev": 0.004044002457580502,
      "median": 0.31743246666,
      "user": 0.29830534,
      "system": 0.018412019999999998,
      "min": 0.31025832366,
      "max": 0.32312603766,
      "times": [
        0.31025832366,
        0.32312603766,
        0.32273634866,
        0.31229755466,
        0.31738248266,
        0.31760524966,
        0.31789026766,
        0.31748245065999997,
        0.31443253166,
        0.31593643366
      ],
      "exit_codes": [
        0,
        0,
        0,
        0,
        0,
        0,
        0,
        0,
        0,
        0
      ]
    }
  ]
}
