{
  "results": [
    {
      "command": "Ruby",
      "mean": 3.8247627269,
      "stddev": 0.012137823442086724,
      "median": 3.827248075,
      "user": 3.8119110999999988,
      "system": 0.012398999999999999,
      "min": 3.80238782,
      "max": 3.837873054,
      "times": [
        3.809565858,
        3.837753617,
        3.837873054,
        3.824521656,
        3.835050157,
        3.829974494,
        3.832161236,
        3.817873214,
        3.80238782,
        3.820466163
      ],
      "exit_codes": [
        0,
        0,
        0,
        0,
        0,
        0,
        0,
        0,
        0,
        0
      ]
    }
  ]
}
