{
  "results": [
    {
      "command": "LOGOS (tiered)",
      "mean": 0.32226703806,
      "stddev": 0.011255868652016603,
      "median": 0.31843676926,
      "user": 0.30430928,
      "system": 0.01762234,
      "min": 0.31553251176,
      "max": 0.35322633076,
      "times": [
        0.31741607575999997,
        0.31828347276,
        0.31859006576,
        0.32456397876,
        0.32262023176,
        0.35322633076,
        0.31982828476,
        0.31557945576,
        0.31553251176,
        0.31702997276
      ],
      "exit_codes": [
        0,
        0,
        0,
        0,
        0,
        0,
        0,
        0,
        0,
        0
      ]
    }
  ]
}
