{
  "results": [
    {
      "command": "Ruby",
      "mean": 3.9336623396,
      "stddev": 0.029381943203635574,
      "median": 3.924088461,
      "user": 3.9198348000000003,
      "system": 0.013400699999999998,
      "min": 3.8911088190000003,
      "max": 3.979586435,
      "times": [
        3.962860054,
        3.8911088190000003,
        3.902554191,
        3.925681797,
        3.940068981,
        3.918645818,
        3.979586435,
        3.971599425,
        3.922495125,
        3.922022751
      ],
      "exit_codes": [
        0,
        0,
        0,
        0,
        0,
        0,
        0,
        0,
        0,
        0
      ]
    }
  ]
}
