{
  "results": [
    {
      "command": "JavaScript (Node)",
      "mean": 0.2540555768,
      "stddev": 0.004124203797741506,
      "median": 0.25474483800000003,
      "user": 0.2504086,
      "system": 0.013433500000000001,
      "min": 0.24484597600000002,
      "max": 0.258291883,
      "times": [
        0.253935995,
        0.252376296,
        0.24484597600000002,
        0.251631745,
        0.25169186600000004,
        0.257556716,
        0.25555368100000003,
        0.257332938,
        0.257338672,
        0.258291883
      ],
      "exit_codes": [
        0,
        0,
        0,
        0,
        0,
        0,
        0,
        0,
        0,
        0
      ]
    }
  ]
}
