{
  "results": [
    {
      "command": "JavaScript (Node)",
      "mean": 0.2466735611,
      "stddev": 0.005028799700401797,
      "median": 0.24539762250000002,
      "user": 0.2437143,
      "system": 0.0119978,
      "min": 0.239252194,
      "max": 0.254824222,
      "times": [
        0.239252194,
        0.24294595200000002,
        0.254824222,
        0.246429272,
        0.249332291,
        0.24436597300000001,
        0.25147788400000004,
        0.241994225,
        0.24412382800000001,
        0.25198977
      ],
      "exit_codes": [
        0,
        0,
        0,
        0,
        0,
        0,
        0,
        0,
        0,
        0
      ]
    }
  ]
}
