{
  "results": [
    {
      "command": "LOGOS (tiered)",
      "mean": 0.2530189736,
      "stddev": 0.007657786072307098,
      "median": 0.2526668873,
      "user": 0.24115105999999997,
      "system": 0.0115239,
      "min": 0.23882950980000003,
      "max": 0.26561901379999997,
      "times": [
        0.24541833980000002,
        0.2536748188,
        0.24948951480000003,
        0.26561901379999997,
        0.2516589558,
        0.2570465328,
        0.2600739788,
        0.23882950980000003,
        0.2578249198,
        0.2505541518
      ],
      "exit_codes": [
        0,
        0,
        0,
        0,
        0,
        0,
        0,
        0,
        0,
        0
      ]
    }
  ]
}
