{
  "results": [
    {
      "command": "Ruby",
      "mean": 2.472007229,
      "stddev": 0.07792616020404715,
      "median": 2.4789312925,
      "user": 2.388044,
      "system": 0.08349809999999999,
      "min": 2.374868327,
      "max": 2.554879899,
      "times": [
        2.544931468,
        2.374868327,
        2.393293275,
        2.554879899,
        2.554757633,
        2.446894754,
        2.415786157,
        2.376784096,
        2.510967831,
        2.54690885
      ],
      "exit_codes": [
        0,
        0,
        0,
        0,
        0,
        0,
        0,
        0,
        0,
        0
      ]
    }
  ]
}
