{
  "results": [
    {
      "command": "Ruby",
      "mean": 2.4373699229,
      "stddev": 0.08280807381789074,
      "median": 2.4068846775,
      "user": 2.3476948999999996,
      "system": 0.0894034,
      "min": 2.390550279,
      "max": 2.665694829,
      "times": [
        2.665694829,
        2.401485141,
        2.409327993,
        2.458352473,
        2.390550279,
        2.431091646,
        2.421543737,
        2.398181961,
        2.404441362,
        2.393029808
      ],
      "exit_codes": [
        0,
        0,
        0,
        0,
        0,
        0,
        0,
        0,
        0,
        0
      ]
    }
  ]
}
