{
  "results": [
    {
      "command": "JavaScript (Node)",
      "mean": 0.24446386950000001,
      "stddev": 0.005207312127851554,
      "median": 0.24396348750000002,
      "user": 0.2300735,
      "system": 0.0179337,
      "min": 0.234422235,
      "max": 0.252237276,
      "times": [
        0.24440529000000003,
        0.24776826300000002,
        0.245980572,
        0.252237276,
        0.24328132100000002,
        0.234422235,
        0.24352168500000002,
        0.25079338100000004,
        0.239569313,
        0.24265935900000002
      ],
      "exit_codes": [
        0,
        0,
        0,
        0,
        0,
        0,
        0,
        0,
        0,
        0
      ]
    }
  ]
}
