{
  "results": [
    {
      "command": "LOGOS (interpreted)",
      "mean": 0.26029134342000004,
      "stddev": 0.022382852839906625,
      "median": 0.25461573301999996,
      "user": 0.24714563999999997,
      "system": 0.012780840000000002,
      "min": 0.23911282602,
      "max": 0.32132683302,
      "times": [
        0.26213867502,
        0.25733445901999996,
        0.24967203902000004,
        0.25240427502,
        0.25253959502,
        0.32132683302,
        0.25164067602,
        0.25669187101999996,
        0.23911282602,
        0.26005218502
      ],
      "exit_codes": [
        0,
        0,
        0,
        0,
        0,
        0,
        0,
        0,
        0,
        0
      ]
    }
  ]
}
