{
  "results": [
    {
      "command": "Python",
      "mean": 2.5710065739999997,
      "stddev": 0.02221255115919594,
      "median": 2.5619361510000003,
      "user": 2.555312,
      "system": 0.015298999999999998,
      "min": 2.557503643,
      "max": 2.631488348,
      "times": [
        2.559294026,
        2.575751956,
        2.562067147,
        2.564878255,
        2.557503643,
        2.631488348,
        2.561805155,
        2.560841589,
        2.560488541,
        2.57594708
      ],
      "exit_codes": [
        0,
        0,
        0,
        0,
        0,
        0,
        0,
        0,
        0,
        0
      ]
    }
  ]
}
