{
  "results": [
    {
      "command": "JavaScript (Node)",
      "mean": 0.2508531179,
      "stddev": 0.0054753956484376665,
      "median": 0.25243059050000005,
      "user": 0.23696659999999997,
      "system": 0.017407899999999997,
      "min": 0.241298597,
      "max": 0.257340987,
      "times": [
        0.257340987,
        0.253505073,
        0.241298597,
        0.254737704,
        0.255031118,
        0.25527731600000003,
        0.250661116,
        0.245065354,
        0.24425780600000002,
        0.251356108
      ],
      "exit_codes": [
        0,
        0,
        0,
        0,
        0,
        0,
        0,
        0,
        0,
        0
      ]
    }
  ]
}
