{
  "results": [
    {
      "command": "Python",
      "mean": 2.530704043,
      "stddev": 0.014902484115520823,
      "median": 2.532102233,
      "user": 2.5164676999999998,
      "system": 0.0138992,
      "min": 2.515733834,
      "max": 2.563329517,
      "times": [
        2.532795512,
        2.563329517,
        2.520602113,
        2.515733834,
        2.5158512230000003,
        2.5446156220000002,
        2.531979248,
        2.532687169,
        2.5322252179999998,
        2.517220974
      ],
      "exit_codes": [
        0,
        0,
        0,
        0,
        0,
        0,
        0,
        0,
        0,
        0
      ]
    }
  ]
}
