{
  "results": [
    {
      "command": "JavaScript (Node)",
      "mean": 0.25076134580000004,
      "stddev": 0.00836102750760147,
      "median": 0.25433741600000004,
      "user": 0.2390304,
      "system": 0.0152146,
      "min": 0.23818048100000003,
      "max": 0.25941783700000004,
      "times": [
        0.239096158,
        0.25941783700000004,
        0.23818048100000003,
        0.254410097,
        0.254264735,
        0.254910721,
        0.259309893,
        0.240093737,
        0.251766498,
        0.256163301
      ],
      "exit_codes": [
        0,
        0,
        0,
        0,
        0,
        0,
        0,
        0,
        0,
        0
      ]
    }
  ]
}
