{
  "results": [
    {
      "command": "LOGOS (tiered)",
      "mean": 0.23309514287999997,
      "stddev": 0.006647658556457511,
      "median": 0.23013196208,
      "user": 0.22082111999999995,
      "system": 0.01205064,
      "min": 0.22867606458,
      "max": 0.25020470158,
      "times": [
        0.22867606458,
        0.23332896658,
        0.22987544758,
        0.23797997558,
        0.25020470158,
        0.23038847658,
        0.22897803958000001,
        0.22966300558,
        0.23262077258,
        0.22923597858
      ],
      "exit_codes": [
        0,
        0,
        0,
        0,
        0,
        0,
        0,
        0,
        0,
        0
      ]
    }
  ]
}
