{
  "results": [
    {
      "command": "Ruby",
      "mean": 2.4117673193,
      "stddev": 0.021845406099168848,
      "median": 2.407020557,
      "user": 2.3215031999999995,
      "system": 0.0898886,
      "min": 2.381311512,
      "max": 2.462835948,
      "times": [
        2.423877573,
        2.423725348,
        2.462835948,
        2.404295328,
        2.39869974,
        2.405099253,
        2.397983381,
        2.381311512,
        2.410903249,
        2.408941861
      ],
      "exit_codes": [
        0,
        0,
        0,
        0,
        0,
        0,
        0,
        0,
        0,
        0
      ]
    }
  ]
}
