{
  "results": [
    {
      "command": "Python",
      "mean": 2.6105627846,
      "stddev": 0.012979941557276895,
      "median": 2.6077967705000002,
      "user": 2.5948621999999997,
      "system": 0.015400800000000001,
      "min": 2.589956789,
      "max": 2.6358973690000003,
      "times": [
        2.603097339,
        2.6358973690000003,
        2.621053748,
        2.610471727,
        2.620874885,
        2.605069353,
        2.589956789,
        2.613867102,
        2.60021772,
        2.6051218140000003
      ],
      "exit_codes": [
        0,
        0,
        0,
        0,
        0,
        0,
        0,
        0,
        0,
        0
      ]
    }
  ]
}
