{
  "results": [
    {
      "command": "LOGOS (interpreted)",
      "mean": 0.23122176698,
      "stddev": 0.009425758072629254,
      "median": 0.22838847148000002,
      "user": 0.2193876,
      "system": 0.011633860000000001,
      "min": 0.22258625548,
      "max": 0.25460404748,
      "times": [
        0.23620078148,
        0.23565128948,
        0.25460404748,
        0.22665373148,
        0.23078634248,
        0.23012321148,
        0.22577447648,
        0.22380119748,
        0.22258625548,
        0.22603633648
      ],
      "exit_codes": [
        0,
        0,
        0,
        0,
        0,
        0,
        0,
        0,
        0,
        0
      ]
    }
  ]
}
