{
  "results": [
    {
      "command": "LOGOS (interpreted)",
      "mean": 0.6954226053800001,
      "stddev": 0.05010102084455211,
      "median": 0.66400436758,
      "user": 0.68391022,
      "system": 0.01125292,
      "min": 0.64743967558,
      "max": 0.7596425725800001,
      "times": [
        0.7544066815800001,
        0.7596425725800001,
        0.6606750595800001,
        0.75107557958,
        0.64743967558,
        0.6569792095800001,
        0.6558005845800001,
        0.74783699558,
        0.6530360195800001,
        0.6673336755800001
      ],
      "exit_codes": [
        0,
        0,
        0,
        0,
        0,
        0,
        0,
        0,
        0,
        0
      ]
    }
  ]
}
