{
  "results": [
    {
      "command": "LOGOS (tiered)",
      "mean": 1.7122394587999998,
      "stddev": 0.012607437454472965,
      "median": 1.7081880737000001,
      "user": 1.7000214799999998,
      "system": 0.011880459999999999,
      "min": 1.7002231547,
      "max": 1.7385763307000002,
      "times": [
        1.7385763307000002,
        1.7067143477,
        1.7032419537,
        1.7089059967000002,
        1.7125178947000002,
        1.7042769977,
        1.7078318817,
        1.7085442657000003,
        1.7002231547,
        1.7315617647000001
      ],
      "exit_codes": [
        0,
        0,
        0,
        0,
        0,
        0,
        0,
        0,
        0,
        0
      ]
    }
  ]
}
