{
  "results": [
    {
      "command": "LOGOS (interpreted)",
      "mean": 0.31098011602,
      "stddev": 0.0066778779975682255,
      "median": 0.30825441312,
      "user": 0.30930544000000004,
      "system": 0.0015177199999999997,
      "min": 0.30497013062000006,
      "max": 0.32357643262,
      "times": [
        0.31681902362000003,
        0.30766100262,
        0.30543910562000004,
        0.30669565362,
        0.30963382662000005,
        0.32357643262,
        0.32005117262000005,
        0.30884782362,
        0.30610698862,
        0.30497013062000006
      ],
      "exit_codes": [
        0,
        0,
        0,
        0,
        0,
        0,
        0,
        0,
        0,
        0
      ]
    }
  ]
}
