{
  "results": [
    {
      "command": "JavaScript (Node)",
      "mean": 0.24462815449999997,
      "stddev": 0.005719285815409133,
      "median": 0.2441430565,
      "user": 0.24200589999999997,
      "system": 0.007896,
      "min": 0.238014037,
      "max": 0.25613520300000003,
      "times": [
        0.24031626,
        0.243481516,
        0.24092191200000002,
        0.250801694,
        0.23847188200000002,
        0.25613520300000003,
        0.247007004,
        0.238014037,
        0.24632744,
        0.244804597
      ],
      "exit_codes": [
        0,
        0,
        0,
        0,
        0,
        0,
        0,
        0,
        0,
        0
      ]
    }
  ]
}
