{
  "results": [
    {
      "command": "LOGOS (interpreted)",
      "mean": 0.34598301346,
      "stddev": 0.004573898693416421,
      "median": 0.34416754316,
      "user": 0.34392349999999994,
      "system": 0.001751492,
      "min": 0.34178448366,
      "max": 0.35744743766000003,
      "times": [
        0.34348422466,
        0.34368022766,
        0.34529960466000004,
        0.34465485866,
        0.34875415766,
        0.34798399766000004,
        0.35744743766000003,
        0.34313227466,
        0.34178448366,
        0.34360886766000004
      ],
      "exit_codes": [
        0,
        0,
        0,
        0,
        0,
        0,
        0,
        0,
        0,
        0
      ]
    }
  ]
}
