{
  "results": [
    {
      "command": "LOGOS (interpreted)",
      "mean": 1.3141043266599999,
      "stddev": 0.005671029094838389,
      "median": 1.3131366028599998,
      "user": 1.31237636,
      "system": 0.0014977399999999998,
      "min": 1.30742870136,
      "max": 1.3240627453599998,
      "times": [
        1.30800982036,
        1.3100559533599998,
        1.3240627453599998,
        1.30742870136,
        1.3192249383599999,
        1.31876594236,
        1.3091698753599998,
        1.31203641536,
        1.3142367903599999,
        1.3180520843599999
      ],
      "exit_codes": [
        0,
        0,
        0,
        0,
        0,
        0,
        0,
        0,
        0,
        0
      ]
    }
  ]
}
