{
  "results": [
    {
      "command": "JavaScript (Node)",
      "mean": 0.2427241531,
      "stddev": 0.004287766691347307,
      "median": 0.2418802645,
      "user": 0.2429039,
      "system": 0.0052104,
      "min": 0.238258186,
      "max": 0.251511498,
      "times": [
        0.24444544,
        0.241304341,
        0.24527937200000002,
        0.251511498,
        0.24671658500000002,
        0.24245618800000002,
        0.238279752,
        0.239792213,
        0.23919795600000002,
        0.238258186
      ],
      "exit_codes": [
        0,
        0,
        0,
        0,
        0,
        0,
        0,
        0,
        0,
        0
      ]
    }
  ]
}
