{
  "results": [
    {
      "command": "LOGOS (tiered)",
      "mean": 1.66338276826,
      "stddev": 0.007706450092366747,
      "median": 1.6623080294600001,
      "user": 1.6519211999999999,
      "system": 0.01120974,
      "min": 1.6512700549600001,
      "max": 1.6755158139600002,
      "times": [
        1.6619724259600002,
        1.6512700549600001,
        1.66015431496,
        1.6674032069600002,
        1.6755158139600002,
        1.66082853796,
        1.67516957096,
        1.6552618179600003,
        1.6626436329600003,
        1.6636083059600002
      ],
      "exit_codes": [
        0,
        0,
        0,
        0,
        0,
        0,
        0,
        0,
        0,
        0
      ]
    }
  ]
}
