{
  "results": [
    {
      "command": "JavaScript (Node)",
      "mean": 0.24501052639999998,
      "stddev": 0.005281896383742115,
      "median": 0.245722191,
      "user": 0.24176619999999996,
      "system": 0.007618599999999999,
      "min": 0.23761637000000002,
      "max": 0.251231298,
      "times": [
        0.251231298,
        0.239314987,
        0.243886759,
        0.24878602900000002,
        0.249535113,
        0.247557623,
        0.25076001200000003,
        0.238185892,
        0.24323118100000002,
        0.23761637000000002
      ],
      "exit_codes": [
        0,
        0,
        0,
        0,
        0,
        0,
        0,
        0,
        0,
        0
      ]
    }
  ]
}
