{
  "results": [
    {
      "command": "JavaScript (Node)",
      "mean": 0.21339884390000002,
      "stddev": 0.008702592535275137,
      "median": 0.21423971950000004,
      "user": 0.1409039,
      "system": 0.09233530000000001,
      "min": 0.197894164,
      "max": 0.22441991600000002,
      "times": [
        0.222672544,
        0.206929304,
        0.217403795,
        0.205063971,
        0.21411421200000003,
        0.20864958800000002,
        0.197894164,
        0.22247571800000002,
        0.22441991600000002,
        0.21436522700000002
      ],
      "exit_codes": [
        0,
        0,
        0,
        0,
        0,
        0,
        0,
        0,
        0,
        0
      ]
    }
  ]
}
