{
  "results": [
    {
      "command": "LOGOS (tiered)",
      "mean": 0.10012730620000002,
      "stddev": 0.005833866978110343,
      "median": 0.10098401470000001,
      "user": 0.09416258,
      "system": 0.0056898,
      "min": 0.09184544970000001,
      "max": 0.11003156670000001,
      "times": [
        0.10350432270000001,
        0.0957959297,
        0.0937463597,
        0.09184544970000001,
        0.1064477577,
        0.1014145017,
        0.1024497017,
        0.11003156670000001,
        0.1005535277,
        0.0954839447
      ],
      "exit_codes": [
        0,
        0,
        0,
        0,
        0,
        0,
        0,
        0,
        0,
        0
      ]
    }
  ]
}
