{
  "results": [
    {
      "command": "JavaScript (Node)",
      "mean": 0.24389655070000002,
      "stddev": 0.007346726961017314,
      "median": 0.24404943950000002,
      "user": 0.29128029999999994,
      "system": 0.0647998,
      "min": 0.23029315900000003,
      "max": 0.257509566,
      "times": [
        0.257509566,
        0.24647522500000002,
        0.243874591,
        0.24540676900000002,
        0.24166225400000002,
        0.237439418,
        0.244224288,
        0.25106448400000003,
        0.23029315900000003,
        0.24101575300000003
      ],
      "exit_codes": [
        0,
        0,
        0,
        0,
        0,
        0,
        0,
        0,
        0,
        0
      ]
    }
  ]
}
