{
  "results": [
    {
      "command": "Python",
      "mean": 0.2089673687,
      "stddev": 0.01105465877686493,
      "median": 0.2092723955,
      "user": 0.17769519999999997,
      "system": 0.030999000000000006,
      "min": 0.19646512600000002,
      "max": 0.227898385,
      "times": [
        0.21801794900000002,
        0.218609154,
        0.20617996300000002,
        0.215456162,
        0.212364828,
        0.227898385,
        0.197195799,
        0.19795979300000002,
        0.199526528,
        0.19646512600000002
      ],
      "exit_codes": [
        0,
        0,
        0,
        0,
        0,
        0,
        0,
        0,
        0,
        0
      ]
    }
  ]
}
