{
  "results": [
    {
      "command": "Ruby",
      "mean": 0.18080264030000007,
      "stddev": 0.005939476079471373,
      "median": 0.18015584,
      "user": 0.166575,
      "system": 0.0139878,
      "min": 0.17390339700000002,
      "max": 0.190767025,
      "times": [
        0.179500497,
        0.17688435300000002,
        0.174751714,
        0.18304234800000002,
        0.190767025,
        0.188350551,
        0.185189092,
        0.17390339700000002,
        0.18081118300000001,
        0.17482624300000002
      ],
      "exit_codes": [
        0,
        0,
        0,
        0,
        0,
        0,
        0,
        0,
        0,
        0
      ]
    }
  ]
}
