{
  "results": [
    {
      "command": "LOGOS (interpreted)",
      "mean": 0.13073238182,
      "stddev": 0.004092036232969437,
      "median": 0.13158243922,
      "user": 0.125454,
      "system": 0.004929279999999999,
      "min": 0.12428348122,
      "max": 0.13646807222000001,
      "times": [
        0.12499699922000002,
        0.12428348122,
        0.13431649222,
        0.13078643122,
        0.13091878122,
        0.12685970322,
        0.13224609722,
        0.13261801222,
        0.13646807222000001,
        0.13382974822000002
      ],
      "exit_codes": [
        0,
        0,
        0,
        0,
        0,
        0,
        0,
        0,
        0,
        0
      ]
    }
  ]
}
