{
  "results": [
    {
      "command": "LOGOS (interpreted)",
      "mean": 0.10310994710000002,
      "stddev": 0.003715985288362952,
      "median": 0.101897782,
      "user": 0.09817411999999999,
      "system": 0.0047715399999999995,
      "min": 0.09921014500000001,
      "max": 0.10984968300000002,
      "times": [
        0.10342008100000001,
        0.101306323,
        0.09921014500000001,
        0.100381748,
        0.10102860000000001,
        0.10116746200000001,
        0.10974272600000001,
        0.10248924100000001,
        0.102503462,
        0.10984968300000002
      ],
      "exit_codes": [
        0,
        0,
        0,
        0,
        0,
        0,
        0,
        0,
        0,
        0
      ]
    }
  ]
}
