{
  "results": [
    {
      "command": "Ruby",
      "mean": 0.1770516013,
      "stddev": 0.002461435408049043,
      "median": 0.1769420585,
      "user": 0.1642602,
      "system": 0.0126027,
      "min": 0.173280809,
      "max": 0.18274065,
      "times": [
        0.175214729,
        0.17701365400000002,
        0.178321206,
        0.17731579,
        0.176625526,
        0.176870463,
        0.18274065,
        0.173280809,
        0.17551736,
        0.177615826
      ],
      "exit_codes": [
        0,
        0,
        0,
        0,
        0,
        0,
        0,
        0,
        0,
        0
      ]
    }
  ]
}
