{
  "results": [
    {
      "command": "LOGOS (tiered)",
      "mean": 0.09539270136000001,
      "stddev": 0.002772801392156765,
      "median": 0.09423871976,
      "user": 0.09094659999999997,
      "system": 0.0042942399999999995,
      "min": 0.09268129676,
      "max": 0.10018604376000001,
      "times": [
        0.10018604376000001,
        0.09327631976,
        0.09380010276,
        0.09372508676,
        0.09315557676000001,
        0.09467733676000001,
        0.09529772076000001,
        0.09987426876000001,
        0.09725326076,
        0.09268129676
      ],
      "exit_codes": [
        0,
        0,
        0,
        0,
        0,
        0,
        0,
        0,
        0,
        0
      ]
    }
  ]
}
