{
  "results": [
    {
      "command": "JavaScript (Node)",
      "mean": 0.21885333090000003,
      "stddev": 0.009207698868232254,
      "median": 0.219505275,
      "user": 0.1437447,
      "system": 0.0931101,
      "min": 0.206407853,
      "max": 0.23606089500000002,
      "times": [
        0.22337673800000002,
        0.206407853,
        0.22017198000000002,
        0.22582469900000002,
        0.215382916,
        0.21883857,
        0.208615873,
        0.23606089500000002,
        0.224574552,
        0.209279233
      ],
      "exit_codes": [
        0,
        0,
        0,
        0,
        0,
        0,
        0,
        0,
        0,
        0
      ]
    }
  ]
}
