{
  "results": [
    {
      "command": "LOGOS (interpreted)",
      "mean": 5.352248835279999,
      "stddev": 0.014231065279839524,
      "median": 5.35667686678,
      "user": 5.34724438,
      "system": 0.00468116,
      "min": 5.33222988928,
      "max": 5.368384594279999,
      "times": [
        5.36713246128,
        5.342835184279999,
        5.35287684628,
        5.368384594279999,
        5.36047688728,
        5.3616843112799994,
        5.3649849742799995,
        5.33557792128,
        5.33630528328,
        5.33222988928
      ],
      "exit_codes": [
        0,
        0,
        0,
        0,
        0,
        0,
        0,
        0,
        0,
        0
      ]
    }
  ]
}
