{
  "results": [
    {
      "command": "LOGOS (interpreted)",
      "mean": 0.12612181460000002,
      "stddev": 0.005670352392517714,
      "median": 0.1248450384,
      "user": 0.12151704,
      "system": 0.0043843799999999985,
      "min": 0.1181337309,
      "max": 0.1352269409,
      "times": [
        0.1244815019,
        0.1325557749,
        0.1181337309,
        0.12196152390000001,
        0.1218510009,
        0.1252085749,
        0.12106400090000001,
        0.1298379619,
        0.1352269409,
        0.13089713490000002
      ],
      "exit_codes": [
        0,
        0,
        0,
        0,
        0,
        0,
        0,
        0,
        0,
        0
      ]
    }
  ]
}
