{
  "results": [
    {
      "command": "Python",
      "mean": 2.8927780633000006,
      "stddev": 0.1066905903472936,
      "median": 2.8587855925000003,
      "user": 2.8614880000000005,
      "system": 0.0306946,
      "min": 2.7788512030000003,
      "max": 3.097736123,
      "times": [
        2.840062714,
        2.7788512030000003,
        2.85556556,
        2.822288322,
        3.053258736,
        2.92554456,
        2.790471143,
        2.862005625,
        2.901996647,
        3.097736123
      ],
      "exit_codes": [
        0,
        0,
        0,
        0,
        0,
        0,
        0,
        0,
        0,
        0
      ]
    }
  ]
}
