{
  "results": [
    {
      "command": "Ruby",
      "mean": 0.17820579279999998,
      "stddev": 0.004757411249342346,
      "median": 0.178410797,
      "user": 0.16647249999999997,
      "system": 0.0115157,
      "min": 0.17205929,
      "max": 0.18579948300000002,
      "times": [
        0.185528449,
        0.18579948300000002,
        0.17205929,
        0.17938182400000002,
        0.17871313800000002,
        0.17279819000000002,
        0.17888030500000002,
        0.17732788800000002,
        0.173460905,
        0.178108456
      ],
      "exit_codes": [
        0,
        0,
        0,
        0,
        0,
        0,
        0,
        0,
        0,
        0
      ]
    }
  ]
}
