{
  "results": [
    {
      "command": "LOGOS (tiered)",
      "mean": 0.10300131490000002,
      "stddev": 0.0027970058402850893,
      "median": 0.10256623120000001,
      "user": 0.09818288,
      "system": 0.00462992,
      "min": 0.09953783120000001,
      "max": 0.1074031482,
      "times": [
        0.1069014182,
        0.09953783120000001,
        0.0999944522,
        0.10557836120000001,
        0.10265503020000001,
        0.10247743220000001,
        0.1074031482,
        0.10336532520000001,
        0.10101415720000001,
        0.1010859932
      ],
      "exit_codes": [
        0,
        0,
        0,
        0,
        0,
        0,
        0,
        0,
        0,
        0
      ]
    }
  ]
}
