{
  "results": [
    {
      "command": "LOGOS (interpreted)",
      "mean": 0.9313309292600002,
      "stddev": 0.004586895705854053,
      "median": 0.93037068556,
      "user": 0.92584912,
      "system": 0.00522118,
      "min": 0.92628920406,
      "max": 0.94060727206,
      "times": [
        0.9324242930600001,
        0.9276407540600001,
        0.92931916806,
        0.9325363540600001,
        0.9372029470600001,
        0.94060727206,
        0.92628920406,
        0.9279508190600001,
        0.9279162780600001,
        0.9314222030600001
      ],
      "exit_codes": [
        0,
        0,
        0,
        0,
        0,
        0,
        0,
        0,
        0,
        0
      ]
    }
  ]
}
