{
  "results": [
    {
      "command": "Python",
      "mean": 0.2075703663,
      "stddev": 0.006245892358216218,
      "median": 0.20755770500000004,
      "user": 0.17283819999999997,
      "system": 0.034509399999999996,
      "min": 0.1980503,
      "max": 0.217514386,
      "times": [
        0.20820881300000002,
        0.201718149,
        0.20211694700000002,
        0.217514386,
        0.1980503,
        0.204563887,
        0.215383612,
        0.20690659700000003,
        0.208613407,
        0.21262756500000002
      ],
      "exit_codes": [
        0,
        0,
        0,
        0,
        0,
        0,
        0,
        0,
        0,
        0
      ]
    }
  ]
}
