{
  "results": [
    {
      "command": "JavaScript (Node)",
      "mean": 0.2570585368,
      "stddev": 0.010568418640471082,
      "median": 0.257415045,
      "user": 0.29500760000000004,
      "system": 0.0683236,
      "min": 0.24626354900000003,
      "max": 0.283768057,
      "times": [
        0.248072372,
        0.252772323,
        0.257131541,
        0.259300018,
        0.24885463900000002,
        0.25848100100000004,
        0.24626354900000003,
        0.283768057,
        0.257698549,
        0.258243319
      ],
      "exit_codes": [
        0,
        0,
        0,
        0,
        0,
        0,
        0,
        0,
        0,
        0
      ]
    }
  ]
}
