{
  "results": [
    {
      "command": "Ruby",
      "mean": 2.9666115705000005,
      "stddev": 0.045675168482593766,
      "median": 2.9562435675,
      "user": 2.6869091000000003,
      "system": 0.27700179999999996,
      "min": 2.914281883,
      "max": 3.032216071,
      "times": [
        3.009036452,
        3.032216071,
        2.9164432810000003,
        2.956985199,
        2.9271508710000003,
        3.010337379,
        2.929233363,
        3.01492927,
        2.955501936,
        2.914281883
      ],
      "exit_codes": [
        0,
        0,
        0,
        0,
        0,
        0,
        0,
        0,
        0,
        0
      ]
    }
  ]
}
