{
  "results": [
    {
      "command": "Python",
      "mean": 2.8341739351000004,
      "stddev": 0.049380345886288785,
      "median": 2.8340777745,
      "user": 2.8022639,
      "system": 0.031396099999999996,
      "min": 2.735638732,
      "max": 2.927159882,
      "times": [
        2.85973007,
        2.735638732,
        2.812531673,
        2.851071679,
        2.809025811,
        2.829625573,
        2.812191852,
        2.866234103,
        2.8385299760000002,
        2.927159882
      ],
      "exit_codes": [
        0,
        0,
        0,
        0,
        0,
        0,
        0,
        0,
        0,
        0
      ]
    }
  ]
}
