{
  "results": [
    {
      "command": "Ruby",
      "mean": 2.9682016375000004,
      "stddev": 0.05427177066254044,
      "median": 2.981937237,
      "user": 2.6958998999999997,
      "system": 0.2696382,
      "min": 2.8659631340000002,
      "max": 3.029732115,
      "times": [
        3.029732115,
        3.004638032,
        2.985374243,
        3.010231699,
        2.965003093,
        2.892786263,
        2.8659631340000002,
        2.9362431730000003,
        2.978500231,
        3.013544392
      ],
      "exit_codes": [
        0,
        0,
        0,
        0,
        0,
        0,
        0,
        0,
        0,
        0
      ]
    }
  ]
}
