{
  "results": [
    {
      "command": "JavaScript (Node)",
      "mean": 0.24898095369999998,
      "stddev": 0.010797637769184226,
      "median": 0.24456848000000003,
      "user": 0.28531209999999996,
      "system": 0.0660788,
      "min": 0.23720068000000002,
      "max": 0.2675655,
      "times": [
        0.26140102200000004,
        0.260547387,
        0.24205967700000003,
        0.23720068000000002,
        0.24122095200000002,
        0.2675655,
        0.23860017000000003,
        0.24205453500000002,
        0.247077283,
        0.252082331
      ],
      "exit_codes": [
        0,
        0,
        0,
        0,
        0,
        0,
        0,
        0,
        0,
        0
      ]
    }
  ]
}
