{
  "results": [
    {
      "command": "JavaScript (Node)",
      "mean": 0.2148173421,
      "stddev": 0.005071000846269729,
      "median": 0.214427898,
      "user": 0.1377851,
      "system": 0.0949227,
      "min": 0.20589881000000002,
      "max": 0.224852147,
      "times": [
        0.21923081900000002,
        0.215599552,
        0.214007719,
        0.21448058900000003,
        0.21287554,
        0.210072153,
        0.214375207,
        0.224852147,
        0.216780885,
        0.20589881000000002
      ],
      "exit_codes": [
        0,
        0,
        0,
        0,
        0,
        0,
        0,
        0,
        0,
        0
      ]
    }
  ]
}
