{
  "results": [
    {
      "command": "Python",
      "mean": 2.9207073978,
      "stddev": 0.1145583697256064,
      "median": 2.894804186,
      "user": 2.8897839000000003,
      "system": 0.030397399999999998,
      "min": 2.804185226,
      "max": 3.211247592,
      "times": [
        2.950636854,
        2.944053878,
        2.954423949,
        2.870055862,
        2.804185226,
        2.857630799,
        2.878340926,
        2.825231446,
        2.911267446,
        3.211247592
      ],
      "exit_codes": [
        0,
        0,
        0,
        0,
        0,
        0,
        0,
        0,
        0,
        0
      ]
    }
  ]
}
