{
  "results": [
    {
      "command": "Python",
      "mean": 0.21086356300000003,
      "stddev": 0.006493791798154997,
      "median": 0.21128912100000002,
      "user": 0.18004439999999997,
      "system": 0.030590300000000004,
      "min": 0.198582577,
      "max": 0.22032215700000002,
      "times": [
        0.22032215700000002,
        0.218209487,
        0.214799377,
        0.212155266,
        0.21386015000000003,
        0.20909592000000002,
        0.20522177800000002,
        0.210422976,
        0.205965942,
        0.198582577
      ],
      "exit_codes": [
        0,
        0,
        0,
        0,
        0,
        0,
        0,
        0,
        0,
        0
      ]
    }
  ]
}
