{
  "results": [
    {
      "command": "LOGOS (interpreted)",
      "mean": 0.10905376666,
      "stddev": 0.004229310142109421,
      "median": 0.10882559656000002,
      "user": 0.10406056,
      "system": 0.0047458199999999996,
      "min": 0.10417012806,
      "max": 0.11691531106000001,
      "times": [
        0.10417012806,
        0.11691531106000001,
        0.10437234306000001,
        0.11228824706000001,
        0.11369688706,
        0.10974910006000001,
        0.10615837906,
        0.10553607806000001,
        0.10898148206000001,
        0.10866971106000001
      ],
      "exit_codes": [
        0,
        0,
        0,
        0,
        0,
        0,
        0,
        0,
        0,
        0
      ]
    }
  ]
}
