{
  "results": [
    {
      "command": "LOGOS (tiered)",
      "mean": 0.1100135313,
      "stddev": 0.005135732539322209,
      "median": 0.11064476470000001,
      "user": 0.10435412,
      "system": 0.00543444,
      "min": 0.10159282270000002,
      "max": 0.11812963170000002,
      "times": [
        0.10555154770000001,
        0.11142087570000002,
        0.1060242437,
        0.10159282270000002,
        0.11314059870000001,
        0.10986865370000001,
        0.11335165170000001,
        0.11812963170000002,
        0.11507334370000001,
        0.10598194370000001
      ],
      "exit_codes": [
        0,
        0,
        0,
        0,
        0,
        0,
        0,
        0,
        0,
        0
      ]
    }
  ]
}
