{
  "results": [
    {
      "command": "Ruby",
      "mean": 2.9458791794,
      "stddev": 0.043587801519084174,
      "median": 2.9366609705,
      "user": 2.6681625,
      "system": 0.27459240000000007,
      "min": 2.885727169,
      "max": 3.002437509,
      "times": [
        2.915131419,
        2.9919168430000003,
        2.925110108,
        3.002100786,
        3.002437509,
        2.897982605,
        2.919356765,
        2.885727169,
        2.9482118330000002,
        2.970816757
      ],
      "exit_codes": [
        0,
        0,
        0,
        0,
        0,
        0,
        0,
        0,
        0,
        0
      ]
    }
  ]
}
