{
  "results": [
    {
      "command": "JavaScript (Node)",
      "mean": 0.23923749360000005,
      "stddev": 0.0033127319238762335,
      "median": 0.23931384300000003,
      "user": 0.2231937,
      "system": 0.019000399999999997,
      "min": 0.234926929,
      "max": 0.244756557,
      "times": [
        0.237416489,
        0.236830703,
        0.24360720500000002,
        0.2390819,
        0.244756557,
        0.234926929,
        0.23510755700000002,
        0.239545786,
        0.23988086700000003,
        0.24122094300000002
      ],
      "exit_codes": [
        0,
        0,
        0,
        0,
        0,
        0,
        0,
        0,
        0,
        0
      ]
    }
  ]
}
