{
  "results": [
    {
      "command": "JavaScript (Node)",
      "mean": 0.2476117892,
      "stddev": 0.005003009153667734,
      "median": 0.2463763605,
      "user": 0.230176,
      "system": 0.020451499999999997,
      "min": 0.240553965,
      "max": 0.25452639800000004,
      "times": [
        0.244377532,
        0.25230889500000003,
        0.240553965,
        0.250295425,
        0.24648630600000002,
        0.241809829,
        0.24626641500000002,
        0.24516033,
        0.25452639800000004,
        0.254332797
      ],
      "exit_codes": [
        0,
        0,
        0,
        0,
        0,
        0,
        0,
        0,
        0,
        0
      ]
    }
  ]
}
