{
  "results": [
    {
      "command": "Ruby",
      "mean": 0.6008330515,
      "stddev": 0.010454607080996362,
      "median": 0.6000498795,
      "user": 0.5822604,
      "system": 0.018295099999999998,
      "min": 0.588254783,
      "max": 0.6174478880000001,
      "times": [
        0.603852758,
        0.6174478880000001,
        0.591246413,
        0.6119424760000001,
        0.610766664,
        0.5931501770000001,
        0.588254783,
        0.6056721700000001,
        0.596247001,
        0.589750185
      ],
      "exit_codes": [
        0,
        0,
        0,
        0,
        0,
        0,
        0,
        0,
        0,
        0
      ]
    }
  ]
}
