{
  "results": [
    {
      "command": "JavaScript (Node)",
      "mean": 0.24708888540000004,
      "stddev": 0.005785585344918877,
      "median": 0.246073645,
      "user": 0.22985919999999993,
      "system": 0.020334899999999996,
      "min": 0.239481353,
      "max": 0.256723329,
      "times": [
        0.24790313500000002,
        0.241910637,
        0.24885314600000003,
        0.24424415500000002,
        0.256723329,
        0.243157859,
        0.24231402600000002,
        0.252889481,
        0.239481353,
        0.25341173300000003
      ],
      "exit_codes": [
        0,
        0,
        0,
        0,
        0,
        0,
        0,
        0,
        0,
        0
      ]
    }
  ]
}
