{
  "results": [
    {
      "command": "LOGOS (tiered)",
      "mean": 0.13432837028,
      "stddev": 0.0034897525625243574,
      "median": 0.13348997508,
      "user": 0.12510614,
      "system": 0.00902012,
      "min": 0.13089621308,
      "max": 0.14363966408,
      "times": [
        0.13359544208,
        0.13089621308,
        0.13329631508,
        0.13173597207999999,
        0.13310067208,
        0.14363966408,
        0.13414142708,
        0.13464807707999998,
        0.13484541208,
        0.13338450808
      ],
      "exit_codes": [
        0,
        0,
        0,
        0,
        0,
        0,
        0,
        0,
        0,
        0
      ]
    }
  ]
}
