{
  "results": [
    {
      "command": "Python",
      "mean": 1.2061061453000002,
      "stddev": 0.037239768603176786,
      "median": 1.2070556725000001,
      "user": 1.1535467,
      "system": 0.052298,
      "min": 1.145183649,
      "max": 1.269231303,
      "times": [
        1.247562362,
        1.204165453,
        1.156017322,
        1.221737804,
        1.213497319,
        1.202729373,
        1.269231303,
        1.190990976,
        1.145183649,
        1.209945892
      ],
      "exit_codes": [
        0,
        0,
        0,
        0,
        0,
        0,
        0,
        0,
        0,
        0
      ]
    }
  ]
}
