{
  "results": [
    {
      "command": "LOGOS (interpreted)",
      "mean": 0.21842213686000003,
      "stddev": 0.004351070164319485,
      "median": 0.21872883146,
      "user": 0.20690352,
      "system": 0.011356279999999998,
      "min": 0.21249925546,
      "max": 0.22419089746,
      "times": [
        0.22085691546,
        0.21672508546,
        0.21323768546,
        0.21681495346,
        0.22419089746,
        0.22153577146,
        0.22064270946,
        0.21249925546,
        0.21392194146,
        0.22379615346
      ],
      "exit_codes": [
        0,
        0,
        0,
        0,
        0,
        0,
        0,
        0,
        0,
        0
      ]
    }
  ]
}
