{
  "results": [
    {
      "command": "Python",
      "mean": 1.2394265340000001,
      "stddev": 0.03068524859937226,
      "median": 1.233866984,
      "user": 1.1854999999999998,
      "system": 0.053704299999999996,
      "min": 1.209231803,
      "max": 1.3191986770000002,
      "times": [
        1.236286249,
        1.235042359,
        1.219451782,
        1.225801026,
        1.220163314,
        1.209231803,
        1.250925418,
        1.2454731030000001,
        1.232691609,
        1.3191986770000002
      ],
      "exit_codes": [
        0,
        0,
        0,
        0,
        0,
        0,
        0,
        0,
        0,
        0
      ]
    }
  ]
}
