{
  "results": [
    {
      "command": "Ruby",
      "mean": 0.6139790936,
      "stddev": 0.005089439631850618,
      "median": 0.6137623535000001,
      "user": 0.594439,
      "system": 0.019300900000000003,
      "min": 0.6057100400000001,
      "max": 0.622303267,
      "times": [
        0.6087375150000001,
        0.612044389,
        0.610805204,
        0.613117533,
        0.614407174,
        0.622303267,
        0.619421238,
        0.6057100400000001,
        0.61442613,
        0.618818446
      ],
      "exit_codes": [
        0,
        0,
        0,
        0,
        0,
        0,
        0,
        0,
        0,
        0
      ]
    }
  ]
}
