{
  "results": [
    {
      "command": "LOGOS (tiered)",
      "mean": 0.16287825402,
      "stddev": 0.0030552688278414797,
      "median": 0.16321992862,
      "user": 0.15403229999999998,
      "system": 0.008544699999999999,
      "min": 0.15675414962,
      "max": 0.16839888262000002,
      "times": [
        0.16839888262000002,
        0.16318338762,
        0.16462095562,
        0.16354089962,
        0.16325646962,
        0.15675414962,
        0.16316890662000003,
        0.16043069062,
        0.16447319162000001,
        0.16095500662
      ],
      "exit_codes": [
        0,
        0,
        0,
        0,
        0,
        0,
        0,
        0,
        0,
        0
      ]
    }
  ]
}
