{
  "results": [
    {
      "command": "Python",
      "mean": 1.3030320832000002,
      "stddev": 0.046830397374153926,
      "median": 1.2880063355,
      "user": 1.2466928,
      "system": 0.0561,
      "min": 1.252123428,
      "max": 1.4075681310000001,
      "times": [
        1.306121525,
        1.4075681310000001,
        1.282622472,
        1.293390199,
        1.273047636,
        1.252123428,
        1.27498303,
        1.358921881,
        1.2736088859999999,
        1.307933644
      ],
      "exit_codes": [
        0,
        0,
        0,
        0,
        0,
        0,
        0,
        0,
        0,
        0
      ]
    }
  ]
}
