{
  "results": [
    {
      "command": "Ruby",
      "mean": 0.6133306987,
      "stddev": 0.0045819015136237635,
      "median": 0.615089403,
      "user": 0.5943119,
      "system": 0.018804300000000003,
      "min": 0.605656017,
      "max": 0.619969396,
      "times": [
        0.607369123,
        0.605656017,
        0.619969396,
        0.6130158330000001,
        0.6150635010000001,
        0.616489787,
        0.615115305,
        0.616624042,
        0.615147427,
        0.608856556
      ],
      "exit_codes": [
        0,
        0,
        0,
        0,
        0,
        0,
        0,
        0,
        0,
        0
      ]
    }
  ]
}
