{
  "results": [
    {
      "command": "LOGOS (interpreted)",
      "mean": 0.13542422922000003,
      "stddev": 0.004994831790811065,
      "median": 0.13572664522000003,
      "user": 0.12487067999999998,
      "system": 0.01030606,
      "min": 0.12880784822000002,
      "max": 0.14236098822,
      "times": [
        0.12953658722000003,
        0.14236098822,
        0.13816074222000002,
        0.13274688622000003,
        0.13329254822000003,
        0.13989693822000002,
        0.12880784822000002,
        0.13040767422000002,
        0.13927299522000003,
        0.13975908422000002
      ],
      "exit_codes": [
        0,
        0,
        0,
        0,
        0,
        0,
        0,
        0,
        0,
        0
      ]
    }
  ]
}
