{
  "results": [
    {
      "command": "LOGOS (interpreted)",
      "mean": 0.16827113840000002,
      "stddev": 0.003328798889081532,
      "median": 0.16835605360000003,
      "user": 0.15764468,
      "system": 0.010317539999999998,
      "min": 0.1611801046,
      "max": 0.17459660660000004,
      "times": [
        0.16700975660000003,
        0.16867686260000003,
        0.1676152606,
        0.16701408660000003,
        0.16803524460000002,
        0.16959149360000003,
        0.1611801046,
        0.16883709060000002,
        0.17015487760000003,
        0.17459660660000004
      ],
      "exit_codes": [
        0,
        0,
        0,
        0,
        0,
        0,
        0,
        0,
        0,
        0
      ]
    }
  ]
}
