{
  "results": [
    {
      "command": "LOGOS (interpreted)",
      "mean": 0.17532424984,
      "stddev": 0.0036512597249374447,
      "median": 0.17421992704,
      "user": 0.17440319999999998,
      "system": 0.000815992,
      "min": 0.17107916454,
      "max": 0.18407809554000001,
      "times": [
        0.17424524154,
        0.17312256654,
        0.17107916454,
        0.17390873054,
        0.17473335154,
        0.17744365754,
        0.17758284354,
        0.17419461254,
        0.18407809554000001,
        0.17285423454
      ],
      "exit_codes": [
        0,
        0,
        0,
        0,
        0,
        0,
        0,
        0,
        0,
        0
      ]
    }
  ]
}
