{
  "results": [
    {
      "command": "LOGOS (compiled)",
      "mean": 0.017140506500000003,
      "stddev": 0.004226216289254051,
      "median": 0.015727183500000002,
      "user": 0.0164562,
      "system": 0.0005916,
      "min": 0.012825604,
      "max": 0.025974924,
      "times": [
        0.020280551,
        0.025974924,
        0.016409108000000002,
        0.021570124000000003,
        0.015045259000000002,
        0.014680099,
        0.012825604,
        0.016876636,
        0.012827633000000001,
        0.014915127
      ],
      "exit_codes": [
        0,
        0,
        0,
        0,
        0,
        0,
        0,
        0,
        0,
        0
      ]
    }
  ]
}
