{
  "results": [
    {
      "command": "LOGOS (interpreted)",
      "mean": 0.027304791120000005,
      "stddev": 0.004568819561232133,
      "median": 0.02689926502,
      "user": 0.020812080000000004,
      "system": 0.006434960000000001,
      "min": 0.022080840520000002,
      "max": 0.03745325052,
      "times": [
        0.02482596452,
        0.029199404520000003,
        0.02334543952,
        0.022080840520000002,
        0.027571213520000002,
        0.03010726052,
        0.026227316520000002,
        0.03745325052,
        0.022934611520000002,
        0.02930260952
      ],
      "exit_codes": [
        0,
        0,
        0,
        0,
        0,
        0,
        0,
        0,
        0,
        0
      ]
    },
    {
      "command": "LOGOS (tiered)",
      "mean": 0.019580545120000004,
      "stddev": 0.004864921600056835,
      "median": 0.018212208620000003,
      "user": 0.01292082,
      "system": 0.00664496,
      "min": 0.013663510120000001,
      "max": 0.02915313312,
      "times": [
        0.013663510120000001,
        0.01863136512,
        0.016283244120000002,
        0.017092546120000003,
        0.015168030120000002,
        0.017793052120000003,
        0.02265222412,
        0.02915313312,
        0.019765912120000003,
        0.025602434120000003
      ],
      "exit_codes": [
        0,
        0,
        0,
        0,
        0,
        0,
        0,
        0,
        0,
        0
      ]
    },
    {
      "command": "JavaScript (Node)",
      "mean": 0.027004308900000003,
      "stddev": 0.008987671033818168,
      "median": 0.024967491,
      "user": 0.022039,
      "system": 0.0058459,
      "min": 0.018758756,
      "max": 0.049658735,
      "times": [
        0.049658735,
        0.018758756,
        0.024147114,
        0.020838346,
        0.021735901000000002,
        0.026073816000000003,
        0.033214072000000004,
        0.028246631,
        0.025787868000000002,
        0.02158185
      ],
      "exit_codes": [
        0,
        0,
        0,
        0,
        0,
        0,
        0,
        0,
        0,
        0
      ]
    },
    {
      "command": "Python",
      "mean": 0.1443719945,
      "stddev": 0.004870327348205831,
      "median": 0.142401542,
      "user": 0.075803,
      "system": 0.06714869999999999,
      "min": 0.139235453,
      "max": 0.15357985400000002,
      "times": [
        0.14204612900000002,
        0.144370212,
        0.139826629,
        0.146879971,
        0.15163663000000002,
        0.139235453,
        0.15357985400000002,
        0.141341983,
        0.14206180000000002,
        0.142741284
      ],
      "exit_codes": [
        0,
        0,
        0,
        0,
        0,
        0,
        0,
        0,
        0,
        0
      ]
    },
    {
      "command": "Ruby",
      "mean": 0.06710374160000002,
      "stddev": 0.0038666003452100237,
      "median": 0.064963096,
      "user": 0.059030099999999995,
      "system": 0.007897099999999999,
      "min": 0.062763856,
      "max": 0.07350735600000001,
      "times": [
        0.06988319500000001,
        0.07350735600000001,
        0.065067607,
        0.064073167,
        0.064729488,
        0.06485858500000001,
        0.070539452,
        0.071692381,
        0.062763856,
        0.063922329
      ],
      "exit_codes": [
        0,
        0,
        0,
        0,
        0,
        0,
        0,
        0,
        0,
        0
      ]
    }
  ]
}
