{
  "results": [
    {
      "command": "LOGOS (interpreted)",
      "mean": 0.0029219869400000003,
      "stddev": 0.00022292601466595248,
      "median": 0.00293006124,
      "user": 0.0017347799999999996,
      "system": 0.0011803039999999996,
      "min": 0.0024540037400000003,
      "max": 0.0032750457400000004,
      "times": [
        0.00288417174,
        0.00315532574,
        0.0030291337400000003,
        0.0032750457400000004,
        0.00273977274,
        0.0029303297400000003,
        0.0029477547400000004,
        0.00292979274,
        0.0028745387400000003,
        0.0024540037400000003
      ],
      "exit_codes": [
        0,
        0,
        0,
        0,
        0,
        0,
        0,
        0,
        0,
        0
      ]
    },
    {
      "command": "LOGOS (tiered)",
      "mean": 0.01679647558,
      "stddev": 0.0029973584532947233,
      "median": 0.015991849580000002,
      "user": 0.01120908,
      "system": 0.00554614,
      "min": 0.014437124580000002,
      "max": 0.024639239580000003,
      "times": [
        0.014499141580000001,
        0.014437124580000002,
        0.015607743580000003,
        0.01660072358,
        0.015365992580000001,
        0.018468714580000004,
        0.024639239580000003,
        0.01637595558,
        0.015386521580000003,
        0.01658359858
      ],
      "exit_codes": [
        0,
        0,
        0,
        0,
        0,
        0,
        0,
        0,
        0,
        0
      ]
    },
    {
      "command": "JavaScript (Node)",
      "mean": 0.020942479300000004,
      "stddev": 0.001949452839669295,
      "median": 0.020232821,
      "user": 0.0161301,
      "system": 0.005542699999999999,
      "min": 0.01854201,
      "max": 0.024040587000000002,
      "times": [
        0.019915178000000002,
        0.02401872,
        0.021772907,
        0.02007545,
        0.019652675,
        0.01854201,
        0.019002285,
        0.020390192,
        0.024040587000000002,
        0.022014789
      ],
      "exit_codes": [
        0,
        0,
        0,
        0,
        0,
        0,
        0,
        0,
        0,
        0
      ]
    },
    {
      "command": "Python",
      "mean": 0.13867688020000002,
      "stddev": 0.002371036779115449,
      "median": 0.1380450875,
      "user": 0.07430079999999999,
      "system": 0.0632934,
      "min": 0.136353473,
      "max": 0.144431066,
      "times": [
        0.136353473,
        0.13879296000000002,
        0.138656373,
        0.137429135,
        0.13743380200000002,
        0.13722214600000002,
        0.13922059,
        0.14042457800000002,
        0.144431066,
        0.136804679
      ],
      "exit_codes": [
        0,
        0,
        0,
        0,
        0,
        0,
        0,
        0,
        0,
        0
      ]
    },
    {
      "command": "Ruby",
      "mean": 0.06693550170000001,
      "stddev": 0.00437255609848712,
      "median": 0.0655632445,
      "user": 0.0584513,
      "system": 0.0083078,
      "min": 0.062373865,
      "max": 0.074504576,
      "times": [
        0.06634326900000001,
        0.069729524,
        0.072198195,
        0.062916148,
        0.062373865,
        0.06478322,
        0.063109488,
        0.070058589,
        0.074504576,
        0.063338143
      ],
      "exit_codes": [
        0,
        0,
        0,
        0,
        0,
        0,
        0,
        0,
        0,
        0
      ]
    }
  ]
}
