{
  "results": [
    {
      "command": "LOGOS (interpreted)",
      "mean": 0.10927621777999999,
      "stddev": 0.0036531230589398143,
      "median": 0.11037171258,
      "user": 0.08247131999999999,
      "system": 0.02659742,
      "min": 0.10356810708000001,
      "max": 0.11410300908000001,
      "times": [
        0.10566614508000001,
        0.10356810708000001,
        0.11163162608000002,
        0.10997734508000001,
        0.10838910608,
        0.11076608008000001,
        0.11165146508000001,
        0.11270679408,
        0.10430250008000001,
        0.11410300908000001
      ],
      "exit_codes": [
        0,
        0,
        0,
        0,
        0,
        0,
        0,
        0,
        0,
        0
      ]
    },
    {
      "command": "LOGOS (tiered)",
      "mean": 0.11179662658,
      "stddev": 0.0046658450284750505,
      "median": 0.11166323678000001,
      "user": 0.08473268000000002,
      "system": 0.02685068,
      "min": 0.10414441428000001,
      "max": 0.11788734728000001,
      "times": [
        0.11067712428000001,
        0.11788734728000001,
        0.11264934928,
        0.10414441428000001,
        0.10678211628,
        0.11513737528000001,
        0.10787855528000001,
        0.11000299828000001,
        0.11710227828000001,
        0.11570470728000001
      ],
      "exit_codes": [
        0,
        0,
        0,
        0,
        0,
        0,
        0,
        0,
        0,
        0
      ]
    },
    {
      "command": "JavaScript (Node)",
      "mean": 0.2528886615,
      "stddev": 0.0074053520061507045,
      "median": 0.2517807125,
      "user": 0.1953333,
      "system": 0.0606569,
      "min": 0.24072528,
      "max": 0.268170892,
      "times": [
        0.24926821700000001,
        0.258511986,
        0.268170892,
        0.251266791,
        0.25673572100000003,
        0.251565284,
        0.251996141,
        0.246188699,
        0.24072528,
        0.254457604
      ],
      "exit_codes": [
        0,
        0,
        0,
        0,
        0,
        0,
        0,
        0,
        0,
        0
      ]
    },
    {
      "command": "Python",
      "mean": 2.1740133567,
      "stddev": 0.02976751798631315,
      "median": 2.1803519825,
      "user": 1.921109,
      "system": 0.2525614,
      "min": 2.138894166,
      "max": 2.226038416,
      "times": [
        2.226038416,
        2.192203046,
        2.192956551,
        2.190992661,
        2.138894166,
        2.140199578,
        2.140683657,
        2.169711304,
        2.194027802,
        2.154426386
      ],
      "exit_codes": [
        0,
        0,
        0,
        0,
        0,
        0,
        0,
        0,
        0,
        0
      ]
    },
    {
      "command": "Ruby",
      "mean": 1.3791497155,
      "stddev": 0.009420019667646985,
      "median": 1.3803179185,
      "user": 1.3228804000000003,
      "system": 0.056020199999999985,
      "min": 1.361727479,
      "max": 1.392011362,
      "times": [
        1.383902271,
        1.379928053,
        1.3807077840000002,
        1.384494239,
        1.390616735,
        1.392011362,
        1.3699691550000002,
        1.376083629,
        1.361727479,
        1.372056448
      ],
      "exit_codes": [
        0,
        0,
        0,
        0,
        0,
        0,
        0,
        0,
        0,
        0
      ]
    }
  ]
}
