{
  "results": [
    {
      "command": "LOGOS (interpreted)",
      "mean": 0.42144096928,
      "stddev": 0.021807037771197878,
      "median": 0.41188920198,
      "user": 0.3619775799999999,
      "system": 0.059242059999999985,
      "min": 0.40339063798,
      "max": 0.46407397398000005,
      "times": [
        0.41253720298,
        0.41124120098000005,
        0.40929093998000005,
        0.42251539898000007,
        0.41464594598000004,
        0.40339063798,
        0.40953772798000004,
        0.40788358298000005,
        0.46407397398000005,
        0.45929308098000005
      ],
      "exit_codes": [
        0,
        0,
        0,
        0,
        0,
        0,
        0,
        0,
        0,
        0
      ]
    },
    {
      "command": "JavaScript (Node)",
      "mean": 0.19107077620000004,
      "stddev": 0.006817561633062838,
      "median": 0.19157666900000003,
      "user": 0.11989109999999999,
      "system": 0.0738539,
      "min": 0.180511688,
      "max": 0.200262622,
      "times": [
        0.18984748,
        0.19455386100000002,
        0.181017603,
        0.180511688,
        0.19006678500000002,
        0.186688702,
        0.19308655300000002,
        0.19577939900000002,
        0.200262622,
        0.198893069
      ],
      "exit_codes": [
        0,
        0,
        0,
        0,
        0,
        0,
        0,
        0,
        0,
        0
      ]
    },
    {
      "command": "Python",
      "mean": 5.4885109281,
      "stddev": 0.11313486791829991,
      "median": 5.4910002285,
      "user": 5.171570999999999,
      "system": 0.31651170000000006,
      "min": 5.346938558,
      "max": 5.7446709160000005,
      "times": [
        5.7446709160000005,
        5.510851262,
        5.412738609,
        5.471149195,
        5.360026323,
        5.346938558,
        5.513848535,
        5.457879051,
        5.512820124,
        5.554186708
      ],
      "exit_codes": [
        0,
        0,
        0,
        0,
        0,
        0,
        0,
        0,
        0,
        0
      ]
    },
    {
      "command": "Ruby",
      "mean": 1.8375718537,
      "stddev": 0.010172358305589081,
      "median": 1.838772057,
      "user": 1.7691377,
      "system": 0.0682091,
      "min": 1.820384379,
      "max": 1.853620945,
      "times": [
        1.839266561,
        1.826821871,
        1.836501922,
        1.853620945,
        1.843997396,
        1.838468024,
        1.828509482,
        1.820384379,
        1.83907609,
        1.8490718670000001
      ],
      "exit_codes": [
        0,
        0,
        0,
        0,
        0,
        0,
        0,
        0,
        0,
        0
      ]
    }
  ]
}
