{
  "results": [
    {
      "command": "LOGOS (interpreted)",
      "mean": 0.14701506970000003,
      "stddev": 0.004349350748796507,
      "median": 0.1476205452,
      "user": 0.08708534,
      "system": 0.05977314,
      "min": 0.13957774120000002,
      "max": 0.15390279320000003,
      "times": [
        0.14824902820000002,
        0.1498436462,
        0.14551442920000002,
        0.13957774120000002,
        0.14699206220000002,
        0.1498243482,
        0.1490342192,
        0.15390279320000003,
        0.1404037522,
        0.14680867720000002
      ],
      "exit_codes": [
        0,
        0,
        0,
        0,
        0,
        0,
        0,
        0,
        0,
        0
      ]
    },
    {
      "command": "LOGOS (tiered)",
      "mean": 0.14292214988000002,
      "stddev": 0.005038814655346657,
      "median": 0.14194045828000001,
      "user": 0.08122152,
      "system": 0.061462699999999995,
      "min": 0.13501220628000002,
      "max": 0.15176132928,
      "times": [
        0.14335174528,
        0.14262182028,
        0.14125909628,
        0.14093364628000002,
        0.15176132928,
        0.13501220628000002,
        0.13888385728,
        0.13947125328,
        0.14890444428000002,
        0.14702210028
      ],
      "exit_codes": [
        0,
        0,
        0,
        0,
        0,
        0,
        0,
        0,
        0,
        0
      ]
    },
    {
      "command": "JavaScript (Node)",
      "mean": 0.18894729580000003,
      "stddev": 0.00528593894806377,
      "median": 0.18935035650000004,
      "user": 0.1197964,
      "system": 0.0716699,
      "min": 0.17912380900000002,
      "max": 0.19486862300000002,
      "times": [
        0.1945423,
        0.182308421,
        0.186259746,
        0.18993989600000002,
        0.19486862300000002,
        0.188322977,
        0.190656827,
        0.19468954200000002,
        0.17912380900000002,
        0.18876081700000003
      ],
      "exit_codes": [
        0,
        0,
        0,
        0,
        0,
        0,
        0,
        0,
        0,
        0
      ]
    },
    {
      "command": "Python",
      "mean": 5.4613164902,
      "stddev": 0.09402165065828619,
      "median": 5.4338204445,
      "user": 5.1335578,
      "system": 0.3271851,
      "min": 5.355896723,
      "max": 5.64596808,
      "times": [
        5.385471463,
        5.363837773,
        5.406967699,
        5.64596808,
        5.5308060480000005,
        5.548078311,
        5.355896723,
        5.428912469,
        5.43872842,
        5.508497916
      ],
      "exit_codes": [
        0,
        0,
        0,
        0,
        0,
        0,
        0,
        0,
        0,
        0
      ]
    },
    {
      "command": "Ruby",
      "mean": 1.8680837991,
      "stddev": 0.015406607702433362,
      "median": 1.869026328,
      "user": 1.7979664999999998,
      "system": 0.06980259999999999,
      "min": 1.843760051,
      "max": 1.8949310750000001,
      "times": [
        1.868191825,
        1.846277516,
        1.8710318620000002,
        1.843760051,
        1.866228097,
        1.871570137,
        1.869860831,
        1.8635682130000002,
        1.8949310750000001,
        1.885418384
      ],
      "exit_codes": [
        0,
        0,
        0,
        0,
        0,
        0,
        0,
        0,
        0,
        0
      ]
    }
  ]
}
