{
  "results": [
    {
      "command": "LOGOS (interpreted)",
      "mean": 0.15115135438,
      "stddev": 0.00580022546341999,
      "median": 0.14939671948000002,
      "user": 0.0922035,
      "system": 0.0586634,
      "min": 0.14323739748000003,
      "max": 0.15988928748000003,
      "times": [
        0.14954003848000003,
        0.15487641248000003,
        0.14446510248000002,
        0.14763591648000002,
        0.14323739748000003,
        0.15938263548,
        0.15465603648,
        0.15988928748000003,
        0.14925340048000002,
        0.14857731648000003
      ],
      "exit_codes": [
        0,
        0,
        0,
        0,
        0,
        0,
        0,
        0,
        0,
        0
      ]
    },
    {
      "command": "LOGOS (tiered)",
      "mean": 0.15035675625999997,
      "stddev": 0.004296960696149749,
      "median": 0.15033774356000001,
      "user": 0.08985914,
      "system": 0.060257539999999984,
      "min": 0.14255085506,
      "max": 0.15740836806,
      "times": [
        0.15740836806,
        0.14255085506,
        0.14939985606,
        0.15127563106,
        0.15263833406,
        0.14681075506,
        0.15397492506000002,
        0.14763340306,
        0.15365755006,
        0.14821788506
      ],
      "exit_codes": [
        0,
        0,
        0,
        0,
        0,
        0,
        0,
        0,
        0,
        0
      ]
    },
    {
      "command": "JavaScript (Node)",
      "mean": 0.18939758610000001,
      "stddev": 0.006904621601299368,
      "median": 0.18902376,
      "user": 0.1202437,
      "system": 0.07191460000000001,
      "min": 0.17937935600000002,
      "max": 0.200792723,
      "times": [
        0.17948445100000002,
        0.17937935600000002,
        0.200792723,
        0.193041336,
        0.18678150400000001,
        0.187384515,
        0.186514954,
        0.193473886,
        0.196460131,
        0.19066300500000002
      ],
      "exit_codes": [
        0,
        0,
        0,
        0,
        0,
        0,
        0,
        0,
        0,
        0
      ]
    },
    {
      "command": "Python",
      "mean": 5.6144061362,
      "stddev": 0.10989764556076194,
      "median": 5.609009573,
      "user": 5.3002682,
      "system": 0.31359889999999996,
      "min": 5.451309506,
      "max": 5.8374434310000005,
      "times": [
        5.451309506,
        5.601214892,
        5.567812023,
        5.8374434310000005,
        5.532686127,
        5.73511765,
        5.616804254,
        5.626023046,
        5.527812539,
        5.647837894
      ],
      "exit_codes": [
        0,
        0,
        0,
        0,
        0,
        0,
        0,
        0,
        0,
        0
      ]
    },
    {
      "command": "Ruby",
      "mean": 1.8494721817000002,
      "stddev": 0.016591061475729137,
      "median": 1.8432657675,
      "user": 1.7858828,
      "system": 0.0632997,
      "min": 1.826499519,
      "max": 1.8799415860000002,
      "times": [
        1.8799415860000002,
        1.843390151,
        1.834641949,
        1.8409287870000002,
        1.86515698,
        1.849880213,
        1.843141384,
        1.826499519,
        1.842712063,
        1.868429185
      ],
      "exit_codes": [
        0,
        0,
        0,
        0,
        0,
        0,
        0,
        0,
        0,
        0
      ]
    }
  ]
}
