{
  "results": [
    {
      "command": "LOGOS (interpreted)",
      "mean": 0.11247174156000002,
      "stddev": 0.003106499658698482,
      "median": 0.11323840026000001,
      "user": 0.08597353999999999,
      "system": 0.02622048,
      "min": 0.10802100926000001,
      "max": 0.11777272926,
      "times": [
        0.11272615226,
        0.11497934326,
        0.11389147826000001,
        0.11147102026000001,
        0.10815598926,
        0.11375064826,
        0.10802100926000001,
        0.11407427426000001,
        0.11777272926,
        0.10987477126
      ],
      "exit_codes": [
        0,
        0,
        0,
        0,
        0,
        0,
        0,
        0,
        0,
        0
      ]
    },
    {
      "command": "LOGOS (tiered)",
      "mean": 0.11147648868,
      "stddev": 0.0026445848627414913,
      "median": 0.11073118308,
      "user": 0.08497111999999998,
      "system": 0.02623092,
      "min": 0.10752235058000001,
      "max": 0.11732567858000001,
      "times": [
        0.11005305258,
        0.10993722558,
        0.11091177158,
        0.11029808158,
        0.10752235058000001,
        0.11220211558,
        0.11224845858,
        0.11055059458000001,
        0.11371555758,
        0.11732567858000001
      ],
      "exit_codes": [
        0,
        0,
        0,
        0,
        0,
        0,
        0,
        0,
        0,
        0
      ]
    },
    {
      "command": "JavaScript (Node)",
      "mean": 0.24447448170000002,
      "stddev": 0.005482808996072203,
      "median": 0.24326494950000002,
      "user": 0.1901331,
      "system": 0.05745279999999999,
      "min": 0.23544624,
      "max": 0.253492681,
      "times": [
        0.24452031600000002,
        0.24296584300000001,
        0.25146544600000004,
        0.24929160900000003,
        0.253492681,
        0.24204070700000002,
        0.242020067,
        0.239937852,
        0.23544624,
        0.24356405600000003
      ],
      "exit_codes": [
        0,
        0,
        0,
        0,
        0,
        0,
        0,
        0,
        0,
        0
      ]
    },
    {
      "command": "Python",
      "mean": 2.1407298973,
      "stddev": 0.06485024317752734,
      "median": 2.118379451,
      "user": 1.9072445999999998,
      "system": 0.2331912,
      "min": 2.065343827,
      "max": 2.263231308,
      "times": [
        2.153437206,
        2.104763727,
        2.166200735,
        2.235951707,
        2.089993278,
        2.116948834,
        2.065343827,
        2.263231308,
        2.091618283,
        2.119810068
      ],
      "exit_codes": [
        0,
        0,
        0,
        0,
        0,
        0,
        0,
        0,
        0,
        0
      ]
    },
    {
      "command": "Ruby",
      "mean": 1.3385870327,
      "stddev": 0.012958516018100564,
      "median": 1.3323466335,
      "user": 1.2884821,
      "system": 0.04979979999999999,
      "min": 1.32470837,
      "max": 1.36435353,
      "times": [
        1.333623038,
        1.345400197,
        1.348614889,
        1.32470837,
        1.36435353,
        1.330263158,
        1.3508167150000001,
        1.330045799,
        1.331070229,
        1.326974402
      ],
      "exit_codes": [
        0,
        0,
        0,
        0,
        0,
        0,
        0,
        0,
        0,
        0
      ]
    }
  ]
}
