{
  "results": [
    {
      "command": "LOGOS (interpreted)",
      "mean": 0.33957618066000006,
      "stddev": 0.005910963833757851,
      "median": 0.33765360376000003,
      "user": 0.29327578,
      "system": 0.04616185999999999,
      "min": 0.33216649026000006,
      "max": 0.34831003026,
      "times": [
        0.34514709026000007,
        0.33614290626000004,
        0.33793640526,
        0.33590814226000004,
        0.33226672126000006,
        0.33737080226000005,
        0.34611672426000006,
        0.34831003026,
        0.33216649026000006,
        0.34439649426
      ],
      "exit_codes": [
        0,
        0,
        0,
        0,
        0,
        0,
        0,
        0,
        0,
        0
      ]
    },
    {
      "command": "JavaScript (Node)",
      "mean": 0.2469777896,
      "stddev": 0.005988938961448387,
      "median": 0.2454422025,
      "user": 0.1883549,
      "system": 0.0614498,
      "min": 0.23972548700000001,
      "max": 0.255743351,
      "times": [
        0.244014897,
        0.255505295,
        0.24015022300000002,
        0.24425511700000002,
        0.246629288,
        0.241908953,
        0.255743351,
        0.250247524,
        0.25159776100000003,
        0.23972548700000001
      ],
      "exit_codes": [
        0,
        0,
        0,
        0,
        0,
        0,
        0,
        0,
        0,
        0
      ]
    },
    {
      "command": "Python",
      "mean": 2.1618767872999998,
      "stddev": 0.04400305712278017,
      "median": 2.1542622165000003,
      "user": 1.9032380999999998,
      "system": 0.25826360000000004,
      "min": 2.111229434,
      "max": 2.234710727,
      "times": [
        2.172202704,
        2.143961415,
        2.234710727,
        2.226757902,
        2.137208387,
        2.188321941,
        2.126277319,
        2.164563018,
        2.111229434,
        2.113535026
      ],
      "exit_codes": [
        0,
        0,
        0,
        0,
        0,
        0,
        0,
        0,
        0,
        0
      ]
    },
    {
      "command": "Ruby",
      "mean": 1.3513775908,
      "stddev": 0.010574409977100751,
      "median": 1.348706998,
      "user": 1.299947,
      "system": 0.05119729999999999,
      "min": 1.339344442,
      "max": 1.376656936,
      "times": [
        1.347360518,
        1.339344442,
        1.347378368,
        1.358491167,
        1.344356343,
        1.353394916,
        1.376656936,
        1.3426067160000001,
        1.3541508740000001,
        1.350035628
      ],
      "exit_codes": [
        0,
        0,
        0,
        0,
        0,
        0,
        0,
        0,
        0,
        0
      ]
    }
  ]
}
