{
  "results": [
    {
      "command": "LOGOS (interpreted)",
      "mean": 0.18690992632000003,
      "stddev": 0.005207044894510853,
      "median": 0.18566964751999998,
      "user": 0.17518004,
      "system": 0.011588739999999998,
      "min": 0.17891844702,
      "max": 0.19740021502,
      "times": [
        0.18270104602,
        0.18698717202,
        0.18532404202,
        0.19238659202,
        0.18447549902,
        0.18493752502,
        0.19740021502,
        0.18601525302,
        0.18995347202,
        0.17891844702
      ],
      "exit_codes": [
        0,
        0,
        0,
        0,
        0,
        0,
        0,
        0,
        0,
        0
      ]
    },
    {
      "command": "LOGOS (tiered)",
      "mean": 0.3957688487,
      "stddev": 0.0033520696917353435,
      "median": 0.3954825025,
      "user": 0.38453002,
      "system": 0.010988139999999999,
      "min": 0.39143734,
      "max": 0.40188526,
      "times": [
        0.39192936500000003,
        0.40040605700000004,
        0.40188526,
        0.396938558,
        0.39143734,
        0.395870759,
        0.39580379,
        0.395015823,
        0.395161215,
        0.39324032000000003
      ],
      "exit_codes": [
        0,
        0,
        0,
        0,
        0,
        0,
        0,
        0,
        0,
        0
      ]
    },
    {
      "command": "JavaScript (Node)",
      "mean": 0.2208859828,
      "stddev": 0.0052246105801823425,
      "median": 0.2195808555,
      "user": 0.217061,
      "system": 0.0080094,
      "min": 0.21688493800000003,
      "max": 0.233730235,
      "times": [
        0.21736112800000001,
        0.217026713,
        0.221537327,
        0.219057212,
        0.217224677,
        0.21688493800000003,
        0.220104499,
        0.225303772,
        0.22062932700000001,
        0.233730235
      ],
      "exit_codes": [
        0,
        0,
        0,
        0,
        0,
        0,
        0,
        0,
        0,
        0
      ]
    },
    {
      "command": "Python",
      "mean": 2.3140906461,
      "stddev": 0.012239811207529532,
      "median": 2.3118779849999997,
      "user": 2.3106465,
      "system": 0.0030998999999999996,
      "min": 2.294483773,
      "max": 2.338945709,
      "times": [
        2.321054005,
        2.309878516,
        2.312583867,
        2.309390053,
        2.294483773,
        2.338945709,
        2.321606015,
        2.320118718,
        2.311172103,
        2.301673702
      ],
      "exit_codes": [
        0,
        0,
        0,
        0,
        0,
        0,
        0,
        0,
        0,
        0
      ]
    },
    {
      "command": "Ruby",
      "mean": 1.8108674172,
      "stddev": 0.014032651057316351,
      "median": 1.8128407895,
      "user": 1.8002946999999998,
      "system": 0.0102993,
      "min": 1.7874981920000002,
      "max": 1.828749777,
      "times": [
        1.828749777,
        1.8216438560000001,
        1.80517767,
        1.792079506,
        1.7874981920000002,
        1.8037467930000002,
        1.8197218140000002,
        1.822951258,
        1.805959765,
        1.821145541
      ],
      "exit_codes": [
        0,
        0,
        0,
        0,
        0,
        0,
        0,
        0,
        0,
        0
      ]
    }
  ]
}
