{
  "results": [
    {
      "command": "LOGOS (interpreted)",
      "mean": 0.8198372553000001,
      "stddev": 0.05577089804436253,
      "median": 0.8024757166,
      "user": 0.80809496,
      "system": 0.011476260000000002,
      "min": 0.7913261996000001,
      "max": 0.9774191646000001,
      "times": [
        0.8029596646000001,
        0.7913261996000001,
        0.8120071096000001,
        0.8128527796000001,
        0.8019917686000001,
        0.8005289016000001,
        0.8056926266000001,
        0.7962419896000001,
        0.7973523486000001,
        0.9774191646000001
      ],
      "exit_codes": [
        0,
        0,
        0,
        0,
        0,
        0,
        0,
        0,
        0,
        0
      ]
    },
    {
      "command": "JavaScript (Node)",
      "mean": 0.21930467890000002,
      "stddev": 0.006918341822308862,
      "median": 0.21864265300000002,
      "user": 0.21833159999999996,
      "system": 0.0049118,
      "min": 0.210563197,
      "max": 0.23388123800000002,
      "times": [
        0.216176466,
        0.22323895700000002,
        0.21184386500000002,
        0.217972993,
        0.223620699,
        0.210563197,
        0.22258846100000002,
        0.219312313,
        0.2138486,
        0.23388123800000002
      ],
      "exit_codes": [
        0,
        0,
        0,
        0,
        0,
        0,
        0,
        0,
        0,
        0
      ]
    },
    {
      "command": "Python",
      "mean": 2.2940473239,
      "stddev": 0.00457468751399773,
      "median": 2.2943506659999997,
      "user": 2.2913632,
      "system": 0.0024001,
      "min": 2.287800063,
      "max": 2.300360922,
      "times": [
        2.28998063,
        2.292383632,
        2.289032658,
        2.296338715,
        2.290809417,
        2.298299552,
        2.300360922,
        2.287800063,
        2.2963177,
        2.29914995
      ],
      "exit_codes": [
        0,
        0,
        0,
        0,
        0,
        0,
        0,
        0,
        0,
        0
      ]
    },
    {
      "command": "Ruby",
      "mean": 1.7953802335,
      "stddev": 0.016090053468150612,
      "median": 1.792681357,
      "user": 1.7861998999999997,
      "system": 0.008900599999999998,
      "min": 1.773197692,
      "max": 1.835872922,
      "times": [
        1.792892353,
        1.7913869930000001,
        1.773197692,
        1.835872922,
        1.792470361,
        1.7867241470000002,
        1.7984561650000002,
        1.7957809820000001,
        1.799680445,
        1.787340275
      ],
      "exit_codes": [
        0,
        0,
        0,
        0,
        0,
        0,
        0,
        0,
        0,
        0
      ]
    }
  ]
}
