{
  "results": [
    {
      "command": "LOGOS (interpreted)",
      "mean": 0.19509534979999998,
      "stddev": 0.004727191524807963,
      "median": 0.1945270536,
      "user": 0.18378615999999998,
      "system": 0.011012420000000002,
      "min": 0.1881010091,
      "max": 0.2069833931,
      "times": [
        0.1962578871,
        0.1951410701,
        0.2069833931,
        0.1950747501,
        0.19337323110000001,
        0.1939793571,
        0.1935869951,
        0.1951012521,
        0.1881010091,
        0.1933545531
      ],
      "exit_codes": [
        0,
        0,
        0,
        0,
        0,
        0,
        0,
        0,
        0,
        0
      ]
    },
    {
      "command": "LOGOS (tiered)",
      "mean": 0.4046853908000001,
      "stddev": 0.0048224627636211876,
      "median": 0.4047714719,
      "user": 0.39442924,
      "system": 0.009947580000000001,
      "min": 0.3949419934,
      "max": 0.41265535740000003,
      "times": [
        0.3949419934,
        0.4053285224,
        0.40661099040000004,
        0.4073467334,
        0.4042144214,
        0.40329908140000004,
        0.40057091440000003,
        0.41265535740000003,
        0.40299240540000003,
        0.4088934884
      ],
      "exit_codes": [
        0,
        0,
        0,
        0,
        0,
        0,
        0,
        0,
        0,
        0
      ]
    },
    {
      "command": "JavaScript (Node)",
      "mean": 0.21963098090000002,
      "stddev": 0.006226742559746157,
      "median": 0.21980203450000002,
      "user": 0.21723809999999996,
      "system": 0.0067122,
      "min": 0.21175861,
      "max": 0.23294408600000002,
      "times": [
        0.22070709000000002,
        0.217148468,
        0.23294408600000002,
        0.22109578200000002,
        0.22004626800000002,
        0.21378854500000002,
        0.21175861,
        0.22537438,
        0.21955780100000002,
        0.213888779
      ],
      "exit_codes": [
        0,
        0,
        0,
        0,
        0,
        0,
        0,
        0,
        0,
        0
      ]
    },
    {
      "command": "Python",
      "mean": 2.3342620279000004,
      "stddev": 0.007983935037869339,
      "median": 2.333264105,
      "user": 2.3322060999999996,
      "system": 0.0018000000000000002,
      "min": 2.322164161,
      "max": 2.350368046,
      "times": [
        2.330597751,
        2.338306388,
        2.3386535840000002,
        2.329066993,
        2.322164161,
        2.350368046,
        2.340113772,
        2.326821374,
        2.33289607,
        2.33363214
      ],
      "exit_codes": [
        0,
        0,
        0,
        0,
        0,
        0,
        0,
        0,
        0,
        0
      ]
    },
    {
      "command": "Ruby",
      "mean": 1.8056630132999998,
      "stddev": 0.023243983897225456,
      "median": 1.797971616,
      "user": 1.7966649999999997,
      "system": 0.008699799999999999,
      "min": 1.7821548360000001,
      "max": 1.859752389,
      "times": [
        1.7821548360000001,
        1.8014365730000002,
        1.7899525330000001,
        1.859752389,
        1.787145451,
        1.8085349220000002,
        1.794506659,
        1.793268233,
        1.826369759,
        1.813508778
      ],
      "exit_codes": [
        0,
        0,
        0,
        0,
        0,
        0,
        0,
        0,
        0,
        0
      ]
    }
  ]
}
