{
  "results": [
    {
      "command": "LOGOS (interpreted)",
      "mean": 0.32331955269999996,
      "stddev": 0.004485829594701832,
      "median": 0.3229584613,
      "user": 0.3218444,
      "system": 0.001315728,
      "min": 0.3173120668,
      "max": 0.3332510598,
      "times": [
        0.3332510598,
        0.3173120668,
        0.3194376808,
        0.3222029138,
        0.32477076180000003,
        0.3204182378,
        0.3237140088,
        0.3209838688,
        0.3241458668,
        0.3269590618
      ],
      "exit_codes": [
        0,
        0,
        0,
        0,
        0,
        0,
        0,
        0,
        0,
        0
      ]
    },
    {
      "command": "LOGOS (tiered)",
      "mean": 0.32233994190000004,
      "stddev": 0.0056705466251251654,
      "median": 0.32347495870000004,
      "user": 0.32049890000000003,
      "system": 0.00162612,
      "min": 0.31421565170000004,
      "max": 0.32970582870000004,
      "times": [
        0.3280015377,
        0.32970582870000004,
        0.32170424870000003,
        0.32561777470000003,
        0.31556042970000003,
        0.32291092270000005,
        0.31421565170000004,
        0.3240389947,
        0.32682829370000005,
        0.3148157367
      ],
      "exit_codes": [
        0,
        0,
        0,
        0,
        0,
        0,
        0,
        0,
        0,
        0
      ]
    },
    {
      "command": "JavaScript (Node)",
      "mean": 0.2610617009,
      "stddev": 0.016984706042935692,
      "median": 0.2615409495,
      "user": 0.2595875,
      "system": 0.005207,
      "min": 0.24005999100000003,
      "max": 0.28213013000000003,
      "times": [
        0.24005999100000003,
        0.24389428600000002,
        0.275007738,
        0.27616854900000004,
        0.24750902200000002,
        0.275144137,
        0.24642912600000003,
        0.24807416100000002,
        0.28213013000000003,
        0.27619986900000004
      ],
      "exit_codes": [
        0,
        0,
        0,
        0,
        0,
        0,
        0,
        0,
        0,
        0
      ]
    }
  ]
}
