{
  "results": [
    {
      "command": "LOGOS (interpreted)",
      "mean": 0.32153366670000005,
      "stddev": 0.009067227221133867,
      "median": 0.31657191240000004,
      "user": 0.31879412,
      "system": 0.0024395,
      "min": 0.3154434394,
      "max": 0.34319957840000004,
      "times": [
        0.32347376640000003,
        0.34319957840000004,
        0.3219816104,
        0.3154434394,
        0.31661548040000004,
        0.31565444340000004,
        0.3155193204,
        0.3165283444,
        0.3163167904,
        0.3306038934
      ],
      "exit_codes": [
        0,
        0,
        0,
        0,
        0,
        0,
        0,
        0,
        0,
        0
      ]
    },
    {
      "command": "LOGOS (tiered)",
      "mean": 0.32722690228,
      "stddev": 0.00584334479536124,
      "median": 0.32719836608,
      "user": 0.32502275999999997,
      "system": 0.0018654999999999998,
      "min": 0.31828065808,
      "max": 0.33556746508,
      "times": [
        0.32179328708000005,
        0.32754066008000005,
        0.33175045308,
        0.32349191408000005,
        0.33290430708,
        0.33556746508,
        0.32150911908,
        0.32685607208,
        0.31828065808,
        0.33257508708000005
      ],
      "exit_codes": [
        0,
        0,
        0,
        0,
        0,
        0,
        0,
        0,
        0,
        0
      ]
    },
    {
      "command": "JavaScript (Node)",
      "mean": 0.2637727273,
      "stddev": 0.018398417125649043,
      "median": 0.268028623,
      "user": 0.2602382,
      "system": 0.0071070000000000005,
      "min": 0.23817622500000002,
      "max": 0.283999775,
      "times": [
        0.280805544,
        0.24450018,
        0.27975581,
        0.283999775,
        0.278668988,
        0.25395692200000003,
        0.27869304,
        0.24178253100000002,
        0.25738825800000004,
        0.23817622500000002
      ],
      "exit_codes": [
        0,
        0,
        0,
        0,
        0,
        0,
        0,
        0,
        0,
        0
      ]
    }
  ]
}
