{
  "results": [
    {
      "command": "LOGOS (interpreted)",
      "mean": 0.29365778538000004,
      "stddev": 0.0056575558753147156,
      "median": 0.29347323228000005,
      "user": 0.20846766,
      "system": 0.08489519999999999,
      "min": 0.28427063928000007,
      "max": 0.30276253128,
      "times": [
        0.29345566528000006,
        0.29349079928000005,
        0.29420023728000005,
        0.29773929628000007,
        0.28789696728,
        0.28427063928000007,
        0.30276253128,
        0.29032980728,
        0.30083568928000004,
        0.29159622128000007
      ],
      "exit_codes": [
        0,
        0,
        0,
        0,
        0,
        0,
        0,
        0,
        0,
        0
      ]
    },
    {
      "command": "LOGOS (tiered)",
      "mean": 0.28823266465999997,
      "stddev": 0.004117395460319281,
      "median": 0.28695300706,
      "user": 0.20327821999999998,
      "system": 0.08467172,
      "min": 0.28411532806,
      "max": 0.29729791006,
      "times": [
        0.28492410806,
        0.29257867106,
        0.28606300006,
        0.29043978106,
        0.29729791006,
        0.28769757906,
        0.28514989406,
        0.28620843506,
        0.28411532806,
        0.28785194006
      ],
      "exit_codes": [
        0,
        0,
        0,
        0,
        0,
        0,
        0,
        0,
        0,
        0
      ]
    },
    {
      "command": "JavaScript (Node)",
      "mean": 0.2504111219,
      "stddev": 0.011091435148861442,
      "median": 0.249026142,
      "user": 0.21923240000000002,
      "system": 0.0348517,
      "min": 0.22905198300000001,
      "max": 0.272185871,
      "times": [
        0.25070151900000004,
        0.25027872300000004,
        0.247254938,
        0.272185871,
        0.26148023400000003,
        0.24702815400000003,
        0.22905198300000001,
        0.252554247,
        0.247773561,
        0.24580198900000003
      ],
      "exit_codes": [
        0,
        0,
        0,
        0,
        0,
        0,
        0,
        0,
        0,
        0
      ]
    },
    {
      "command": "Python",
      "mean": 5.4666342294,
      "stddev": 0.23912306519237753,
      "median": 5.407325097499999,
      "user": 5.3439637,
      "system": 0.12218980000000002,
      "min": 5.250088933,
      "max": 5.921538133,
      "times": [
        5.536439122,
        5.278211073,
        5.5897098540000005,
        5.921538133,
        5.268163415,
        5.546402424,
        5.250088933,
        5.272899315,
        5.256950544,
        5.745939481
      ],
      "exit_codes": [
        0,
        0,
        0,
        0,
        0,
        0,
        0,
        0,
        0,
        0
      ]
    },
    {
      "command": "Ruby",
      "mean": 2.4834558974,
      "stddev": 0.01821954543459456,
      "median": 2.4872045425,
      "user": 2.4500871999999996,
      "system": 0.0329971,
      "min": 2.448853358,
      "max": 2.516086058,
      "times": [
        2.448853358,
        2.488016633,
        2.459271818,
        2.486392452,
        2.489857372,
        2.484977903,
        2.516086058,
        2.488065651,
        2.482783807,
        2.490253922
      ],
      "exit_codes": [
        0,
        0,
        0,
        0,
        0,
        0,
        0,
        0,
        0,
        0
      ]
    }
  ]
}
