{
  "results": [
    {
      "command": "LOGOS (interpreted)",
      "mean": 0.82855486794,
      "stddev": 0.00965590582783172,
      "median": 0.82746359894,
      "user": 0.64804408,
      "system": 0.18023883999999998,
      "min": 0.81244332894,
      "max": 0.84641852294,
      "times": [
        0.82621427194,
        0.82585595994,
        0.81244332894,
        0.83705797794,
        0.82258721794,
        0.83195520394,
        0.84641852294,
        0.81927022694,
        0.83503304294,
        0.82871292594
      ],
      "exit_codes": [
        0,
        0,
        0,
        0,
        0,
        0,
        0,
        0,
        0,
        0
      ]
    },
    {
      "command": "JavaScript (Node)",
      "mean": 0.24797600560000005,
      "stddev": 0.009348398412797852,
      "median": 0.24514642550000001,
      "user": 0.2152345,
      "system": 0.036386299999999996,
      "min": 0.23957955900000003,
      "max": 0.266879517,
      "times": [
        0.25944314700000004,
        0.25079882400000003,
        0.241107217,
        0.250864703,
        0.23983377400000003,
        0.24113552500000002,
        0.240960464,
        0.266879517,
        0.249157326,
        0.23957955900000003
      ],
      "exit_codes": [
        0,
        0,
        0,
        0,
        0,
        0,
        0,
        0,
        0,
        0
      ]
    },
    {
      "command": "Python",
      "mean": 5.7212252704,
      "stddev": 0.275247013635585,
      "median": 5.6508627975,
      "user": 5.5806313,
      "system": 0.1400882,
      "min": 5.492986703,
      "max": 6.339801388,
      "times": [
        5.69911009,
        5.642733623,
        6.071597886,
        5.5304238990000005,
        5.492986703,
        5.512616246,
        5.658991972,
        5.726832746,
        5.537158151,
        6.339801388
      ],
      "exit_codes": [
        0,
        0,
        0,
        0,
        0,
        0,
        0,
        0,
        0,
        0
      ]
    },
    {
      "command": "Ruby",
      "mean": 2.5864762811,
      "stddev": 0.007869434515911277,
      "median": 2.588928965,
      "user": 2.5483263999999997,
      "system": 0.03759139999999999,
      "min": 2.572370395,
      "max": 2.594898755,
      "times": [
        2.593773132,
        2.594898755,
        2.588226396,
        2.590721879,
        2.588346458,
        2.590681868,
        2.582749153,
        2.573483303,
        2.589511472,
        2.572370395
      ],
      "exit_codes": [
        0,
        0,
        0,
        0,
        0,
        0,
        0,
        0,
        0,
        0
      ]
    }
  ]
}
