{
  "results": [
    {
      "command": "LOGOS (interpreted)",
      "mean": 0.2751274132,
      "stddev": 0.005873816938076651,
      "median": 0.2766639266,
      "user": 0.18877134,
      "system": 0.08619072,
      "min": 0.2627397241,
      "max": 0.2815610001,
      "times": [
        0.2764798451,
        0.2795982711,
        0.27362681110000003,
        0.27885614410000004,
        0.2672059911,
        0.2785148311,
        0.2758435061,
        0.2815610001,
        0.2627397241,
        0.2768480081
      ],
      "exit_codes": [
        0,
        0,
        0,
        0,
        0,
        0,
        0,
        0,
        0,
        0
      ]
    },
    {
      "command": "LOGOS (tiered)",
      "mean": 0.27932711554,
      "stddev": 0.007937323105726073,
      "median": 0.27859506104000004,
      "user": 0.19381105999999998,
      "system": 0.08531823999999999,
      "min": 0.26553991554,
      "max": 0.29225453354,
      "times": [
        0.29225453354,
        0.28053864554,
        0.26974211454,
        0.27864634054000004,
        0.27768075254,
        0.27767272254,
        0.26553991554,
        0.28388009954000004,
        0.27854378154000003,
        0.28877224954
      ],
      "exit_codes": [
        0,
        0,
        0,
        0,
        0,
        0,
        0,
        0,
        0,
        0
      ]
    },
    {
      "command": "JavaScript (Node)",
      "mean": 0.24215193350000003,
      "stddev": 0.007809254704783563,
      "median": 0.241667752,
      "user": 0.2079334,
      "system": 0.0379411,
      "min": 0.22651831200000003,
      "max": 0.254423263,
      "times": [
        0.251676624,
        0.254423263,
        0.24504856600000002,
        0.24074524500000002,
        0.22651831200000003,
        0.242590259,
        0.24506371500000002,
        0.23704070000000002,
        0.23976622700000003,
        0.23864642400000002
      ],
      "exit_codes": [
        0,
        0,
        0,
        0,
        0,
        0,
        0,
        0,
        0,
        0
      ]
    },
    {
      "command": "Python",
      "mean": 5.4941842665,
      "stddev": 0.5234242276986886,
      "median": 5.2884648665,
      "user": 5.3662534,
      "system": 0.1275963,
      "min": 5.202976404,
      "max": 6.921434154,
      "times": [
        5.212775246,
        5.218104416,
        5.643915165,
        5.545156943,
        5.23576554,
        5.202976404,
        6.921434154,
        5.295320359,
        5.281609374,
        5.384785064
      ],
      "exit_codes": [
        0,
        0,
        0,
        0,
        0,
        0,
        0,
        0,
        0,
        0
      ]
    },
    {
      "command": "Ruby",
      "mean": 2.4706625847,
      "stddev": 0.020446346913671004,
      "median": 2.468476303,
      "user": 2.4364811,
      "system": 0.033799800000000005,
      "min": 2.443171697,
      "max": 2.506998117,
      "times": [
        2.443171697,
        2.482368407,
        2.453804703,
        2.464102815,
        2.506998117,
        2.457839062,
        2.449529755,
        2.486170739,
        2.489790761,
        2.472849791
      ],
      "exit_codes": [
        0,
        0,
        0,
        0,
        0,
        0,
        0,
        0,
        0,
        0
      ]
    }
  ]
}
