{
  "results": [
    {
      "command": "LOGOS (interpreted)",
      "mean": 0.27686079367999994,
      "stddev": 0.005640071652514547,
      "median": 0.27675591258,
      "user": 0.27553288,
      "system": 0.00116438,
      "min": 0.26956134657999997,
      "max": 0.28406739258,
      "times": [
        0.28406739258,
        0.26984365258,
        0.28309142258,
        0.27259081058,
        0.27305478558,
        0.27374390458,
        0.27976792058,
        0.28169945558,
        0.28118724558,
        0.26956134657999997
      ],
      "exit_codes": [
        0,
        0,
        0,
        0,
        0,
        0,
        0,
        0,
        0,
        0
      ]
    },
    {
      "command": "JavaScript (Node)",
      "mean": 0.2431024952,
      "stddev": 0.003337402192314417,
      "median": 0.2422706845,
      "user": 0.23995819999999995,
      "system": 0.005208099999999999,
      "min": 0.239599535,
      "max": 0.24797681500000002,
      "times": [
        0.241525595,
        0.247188222,
        0.24301577400000002,
        0.24079144200000002,
        0.23960767600000002,
        0.24797681500000002,
        0.239599535,
        0.247196818,
        0.239994914,
        0.244128161
      ],
      "exit_codes": [
        0,
        0,
        0,
        0,
        0,
        0,
        0,
        0,
        0,
        0
      ]
    },
    {
      "command": "Python",
      "mean": 2.3989523465999993,
      "stddev": 0.05974596392675399,
      "median": 2.3647949070000003,
      "user": 2.3963946999999997,
      "system": 0.0023,
      "min": 2.3472239679999998,
      "max": 2.499272313,
      "times": [
        2.348800623,
        2.3472239679999998,
        2.450857478,
        2.369859824,
        2.348704422,
        2.350434683,
        2.464383795,
        2.35972999,
        2.499272313,
        2.45025637
      ],
      "exit_codes": [
        0,
        0,
        0,
        0,
        0,
        0,
        0,
        0,
        0,
        0
      ]
    },
    {
      "command": "Ruby",
      "mean": 0.8416851633,
      "stddev": 0.01482944179890484,
      "median": 0.8399450805,
      "user": 0.832864,
      "system": 0.0085998,
      "min": 0.8247580160000001,
      "max": 0.879349417,
      "times": [
        0.834918672,
        0.841808373,
        0.8429207790000001,
        0.839592803,
        0.8247580160000001,
        0.830893972,
        0.840297358,
        0.833964255,
        0.8483479880000001,
        0.879349417
      ],
      "exit_codes": [
        0,
        0,
        0,
        0,
        0,
        0,
        0,
        0,
        0,
        0
      ]
    }
  ]
}
