{
  "results": [
    {
      "command": "LOGOS (interpreted)",
      "mean": 0.21678777534,
      "stddev": 0.005486000816377453,
      "median": 0.21592356194,
      "user": 0.15876575999999998,
      "system": 0.05778137999999999,
      "min": 0.20953929844000002,
      "max": 0.22698066344,
      "times": [
        0.22355771644,
        0.21691807744,
        0.21313537844,
        0.21442546044000002,
        0.22698066344,
        0.21085811244,
        0.21750003344000002,
        0.20953929844000002,
        0.21492904644000002,
        0.22003396644
      ],
      "exit_codes": [
        0,
        0,
        0,
        0,
        0,
        0,
        0,
        0,
        0,
        0
      ]
    },
    {
      "command": "JavaScript (Node)",
      "mean": 0.2156533596,
      "stddev": 0.004702887215883667,
      "median": 0.214638546,
      "user": 0.18204049999999997,
      "system": 0.0358707,
      "min": 0.21033663000000002,
      "max": 0.224521573,
      "times": [
        0.22176938100000002,
        0.224521573,
        0.214918203,
        0.21033663000000002,
        0.212763269,
        0.21435888900000002,
        0.21890182100000002,
        0.21583053700000002,
        0.211266048,
        0.211867245
      ],
      "exit_codes": [
        0,
        0,
        0,
        0,
        0,
        0,
        0,
        0,
        0,
        0
      ]
    },
    {
      "command": "Python",
      "mean": 0.2927448971,
      "stddev": 0.006003330453129127,
      "median": 0.2924135375,
      "user": 0.2244687,
      "system": 0.06801959999999999,
      "min": 0.28159905500000004,
      "max": 0.303414304,
      "times": [
        0.29003548300000004,
        0.290919696,
        0.29230281,
        0.28159905500000004,
        0.292524265,
        0.299525441,
        0.303414304,
        0.293123532,
        0.295754191,
        0.288250194
      ],
      "exit_codes": [
        0,
        0,
        0,
        0,
        0,
        0,
        0,
        0,
        0,
        0
      ]
    },
    {
      "command": "Ruby",
      "mean": 0.37003734039999997,
      "stddev": 0.006029509890402481,
      "median": 0.36844153300000004,
      "user": 0.3343769,
      "system": 0.0354293,
      "min": 0.36247183600000005,
      "max": 0.384133596,
      "times": [
        0.36884528800000005,
        0.367911794,
        0.36247183600000005,
        0.37346088400000005,
        0.36537482800000004,
        0.36821022200000003,
        0.384133596,
        0.36704649100000003,
        0.37424562100000003,
        0.368672844
      ],
      "exit_codes": [
        0,
        0,
        0,
        0,
        0,
        0,
        0,
        0,
        0,
        0
      ]
    }
  ]
}
