{
  "results": [
    {
      "command": "LOGOS (interpreted)",
      "mean": 0.23499482766000002,
      "stddev": 0.014979823253319162,
      "median": 0.23687347876,
      "user": 0.17145090000000002,
      "system": 0.06328895999999999,
      "min": 0.21137073176,
      "max": 0.25365531176,
      "times": [
        0.24222916576,
        0.25365531176,
        0.24848441376000002,
        0.25059305876,
        0.22966617076,
        0.23151779176,
        0.21671925576,
        0.22163107076000002,
        0.21137073176,
        0.24408130576
      ],
      "exit_codes": [
        0,
        0,
        0,
        0,
        0,
        0,
        0,
        0,
        0,
        0
      ]
    },
    {
      "command": "LOGOS (tiered)",
      "mean": 0.24449940338,
      "stddev": 0.0074421686088017155,
      "median": 0.24602593748,
      "user": 0.18319622,
      "system": 0.06109372,
      "min": 0.22438298698,
      "max": 0.25143163398,
      "times": [
        0.24621833498,
        0.24763008698000002,
        0.24583353998000002,
        0.25143163398,
        0.22438298698,
        0.24457885298,
        0.24546815098000002,
        0.24350980998000002,
        0.24635904198000003,
        0.24958159498000002
      ],
      "exit_codes": [
        0,
        0,
        0,
        0,
        0,
        0,
        0,
        0,
        0,
        0
      ]
    },
    {
      "command": "JavaScript (Node)",
      "mean": 0.229279235,
      "stddev": 0.011209072606932328,
      "median": 0.22818713950000002,
      "user": 0.1949039,
      "system": 0.0367326,
      "min": 0.21544252700000002,
      "max": 0.24881106200000003,
      "times": [
        0.231675244,
        0.22621510400000003,
        0.23015917500000002,
        0.218791692,
        0.24881106200000003,
        0.246384134,
        0.23123184700000002,
        0.218118426,
        0.225963139,
        0.21544252700000002
      ],
      "exit_codes": [
        0,
        0,
        0,
        0,
        0,
        0,
        0,
        0,
        0,
        0
      ]
    },
    {
      "command": "Python",
      "mean": 0.30675731510000004,
      "stddev": 0.009784056412396375,
      "median": 0.3078384015,
      "user": 0.23541689999999998,
      "system": 0.07113689999999999,
      "min": 0.29721614100000004,
      "max": 0.32986466200000003,
      "times": [
        0.30994022200000004,
        0.307352985,
        0.29721614100000004,
        0.297761355,
        0.29940118200000004,
        0.308323818,
        0.298332402,
        0.309240738,
        0.31013964600000005,
        0.32986466200000003
      ],
      "exit_codes": [
        0,
        0,
        0,
        0,
        0,
        0,
        0,
        0,
        0,
        0
      ]
    },
    {
      "command": "Ruby",
      "mean": 0.4296185255,
      "stddev": 0.03093134354902952,
      "median": 0.4254724825,
      "user": 0.39236299999999996,
      "system": 0.0370041,
      "min": 0.38329790300000005,
      "max": 0.475656273,
      "times": [
        0.38329790300000005,
        0.475656273,
        0.45366515500000004,
        0.431689146,
        0.395879119,
        0.437393904,
        0.411968691,
        0.473265221,
        0.414114024,
        0.41925581900000003
      ],
      "exit_codes": [
        0,
        0,
        0,
        0,
        0,
        0,
        0,
        0,
        0,
        0
      ]
    }
  ]
}
