{
  "results": [
    {
      "command": "LOGOS (interpreted)",
      "mean": 0.07258715484000003,
      "stddev": 0.007227669877845408,
      "median": 0.07135556894,
      "user": 0.0711187,
      "system": 0.0012234379999999999,
      "min": 0.06520544544000001,
      "max": 0.09007515044000002,
      "times": [
        0.07555493644000001,
        0.09007515044000002,
        0.06520544544000001,
        0.06831090944000001,
        0.07543842844000001,
        0.07343978544,
        0.06671085944,
        0.07431467144000001,
        0.06927135244,
        0.06755000944
      ],
      "exit_codes": [
        0,
        0,
        0,
        0,
        0,
        0,
        0,
        0,
        0,
        0
      ]
    },
    {
      "command": "LOGOS (tiered)",
      "mean": 0.07137138528,
      "stddev": 0.00464288412248225,
      "median": 0.07080066658,
      "user": 0.06990857999999998,
      "system": 0.001195548,
      "min": 0.06544923058,
      "max": 0.07829406858,
      "times": [
        0.07829406858,
        0.07108091458,
        0.06612128858,
        0.07761884858,
        0.06782491658,
        0.06791014058,
        0.06544923058,
        0.07418968258,
        0.07052041858,
        0.07470434358
      ],
      "exit_codes": [
        0,
        0,
        0,
        0,
        0,
        0,
        0,
        0,
        0,
        0
      ]
    },
    {
      "command": "JavaScript (Node)",
      "mean": 0.24849551560000002,
      "stddev": 0.003832739502977131,
      "median": 0.2489406805,
      "user": 0.24469709999999995,
      "system": 0.005797,
      "min": 0.24273896700000003,
      "max": 0.254058066,
      "times": [
        0.252007782,
        0.24273896700000003,
        0.24842613700000002,
        0.24479887600000003,
        0.24983163500000002,
        0.243229827,
        0.24877468800000002,
        0.254058066,
        0.24910667300000003,
        0.251982505
      ],
      "exit_codes": [
        0,
        0,
        0,
        0,
        0,
        0,
        0,
        0,
        0,
        0
      ]
    },
    {
      "command": "Python",
      "mean": 2.4195174935,
      "stddev": 0.0480340895110173,
      "median": 2.4032986465,
      "user": 2.4166342000000003,
      "system": 0.0025999,
      "min": 2.38693397,
      "max": 2.548430559,
      "times": [
        2.396292684,
        2.394178594,
        2.38693397,
        2.406330769,
        2.548430559,
        2.390130307,
        2.433323912,
        2.400266524,
        2.407294671,
        2.431992945
      ],
      "exit_codes": [
        0,
        0,
        0,
        0,
        0,
        0,
        0,
        0,
        0,
        0
      ]
    },
    {
      "command": "Ruby",
      "mean": 0.847451808,
      "stddev": 0.006169066742884547,
      "median": 0.8481625370000001,
      "user": 0.8376142999999999,
      "system": 0.009598400000000002,
      "min": 0.8389524260000001,
      "max": 0.853964193,
      "times": [
        0.844661363,
        0.8389524260000001,
        0.842004062,
        0.853964193,
        0.851663711,
        0.853928409,
        0.844625307,
        0.851696262,
        0.839336889,
        0.8536854580000001
      ],
      "exit_codes": [
        0,
        0,
        0,
        0,
        0,
        0,
        0,
        0,
        0,
        0
      ]
    }
  ]
}
