{
  "results": [
    {
      "command": "LOGOS (interpreted)",
      "mean": 0.25689624278,
      "stddev": 0.0059359880491916634,
      "median": 0.25771335458,
      "user": 0.21945403999999996,
      "system": 0.03718288,
      "min": 0.24719464758,
      "max": 0.26527114558000003,
      "times": [
        0.25682585658,
        0.26123779858,
        0.24832760958000002,
        0.26527114558000003,
        0.25353956658,
        0.26109827358000004,
        0.24719464758,
        0.25860085258000004,
        0.25496687458,
        0.26189980258
      ],
      "exit_codes": [
        0,
        0,
        0,
        0,
        0,
        0,
        0,
        0,
        0,
        0
      ]
    },
    {
      "command": "LOGOS (tiered)",
      "mean": 0.25272209906000004,
      "stddev": 0.006892637690566085,
      "median": 0.25156650335999997,
      "user": 0.21195979999999998,
      "system": 0.04050081999999999,
      "min": 0.24500222336000002,
      "max": 0.26285332736,
      "times": [
        0.24554152736,
        0.25590052136,
        0.26161909336,
        0.25101051036,
        0.25972541436,
        0.24640435336000002,
        0.26285332736,
        0.24500222336000002,
        0.24704152336000001,
        0.25212249636
      ],
      "exit_codes": [
        0,
        0,
        0,
        0,
        0,
        0,
        0,
        0,
        0,
        0
      ]
    },
    {
      "command": "JavaScript (Node)",
      "mean": 0.22048799020000004,
      "stddev": 0.005689083141971448,
      "median": 0.2191080625,
      "user": 0.18592649999999997,
      "system": 0.0367268,
      "min": 0.21419779300000003,
      "max": 0.23383794400000002,
      "times": [
        0.21419779300000003,
        0.222024763,
        0.21717936000000002,
        0.21588531700000002,
        0.220458171,
        0.23383794400000002,
        0.225596967,
        0.21748346200000002,
        0.218918686,
        0.219297439
      ],
      "exit_codes": [
        0,
        0,
        0,
        0,
        0,
        0,
        0,
        0,
        0,
        0
      ]
    },
    {
      "command": "Python",
      "mean": 0.3028157464,
      "stddev": 0.014732206909695835,
      "median": 0.300124106,
      "user": 0.2367738,
      "system": 0.06581839999999999,
      "min": 0.288409589,
      "max": 0.329581257,
      "times": [
        0.288783288,
        0.329581257,
        0.288667709,
        0.31458967200000004,
        0.31720286000000003,
        0.295008504,
        0.310525851,
        0.305239708,
        0.288409589,
        0.29014902600000003
      ],
      "exit_codes": [
        0,
        0,
        0,
        0,
        0,
        0,
        0,
        0,
        0,
        0
      ]
    },
    {
      "command": "Ruby",
      "mean": 0.40433226730000005,
      "stddev": 0.023898639872584518,
      "median": 0.396036453,
      "user": 0.3678684,
      "system": 0.036194500000000004,
      "min": 0.37518710000000005,
      "max": 0.440647063,
      "times": [
        0.39846927800000004,
        0.425923009,
        0.38162995600000005,
        0.37518710000000005,
        0.39161898300000003,
        0.380465822,
        0.39360362800000004,
        0.440647063,
        0.427891811,
        0.427886023
      ],
      "exit_codes": [
        0,
        0,
        0,
        0,
        0,
        0,
        0,
        0,
        0,
        0
      ]
    }
  ]
}
