{
  "results": [
    {
      "command": "LOGOS (interpreted)",
      "mean": 0.07956303858,
      "stddev": 0.0039149210027497,
      "median": 0.07824183818000001,
      "user": 0.07832826,
      "system": 0.0010416059999999998,
      "min": 0.07541730418,
      "max": 0.08825783118000001,
      "times": [
        0.08189182418,
        0.07722158418000001,
        0.07867239518000001,
        0.08326746118,
        0.07541730418,
        0.07756102518,
        0.07952375018,
        0.08825783118000001,
        0.07600592918,
        0.07781128118000001
      ],
      "exit_codes": [
        0,
        0,
        0,
        0,
        0,
        0,
        0,
        0,
        0,
        0
      ]
    },
    {
      "command": "LOGOS (tiered)",
      "mean": 0.06120359398000001,
      "stddev": 0.001751038338312331,
      "median": 0.06049215698,
      "user": 0.05937089999999999,
      "system": 0.00166754,
      "min": 0.059480785480000006,
      "max": 0.06383548448000001,
      "times": [
        0.060676131480000006,
        0.06383548448000001,
        0.059858952480000005,
        0.06152542348000001,
        0.059857122480000004,
        0.059480785480000006,
        0.06339786048,
        0.059567636480000005,
        0.06352836048,
        0.06030818248000001
      ],
      "exit_codes": [
        0,
        0,
        0,
        0,
        0,
        0,
        0,
        0,
        0,
        0
      ]
    },
    {
      "command": "JavaScript (Node)",
      "mean": 0.25099112570000004,
      "stddev": 0.0028142773361387887,
      "median": 0.2497096305,
      "user": 0.2478313,
      "system": 0.0052128999999999995,
      "min": 0.24771842300000002,
      "max": 0.255801306,
      "times": [
        0.25391335800000003,
        0.24771842300000002,
        0.24791827300000002,
        0.255801306,
        0.24940235700000002,
        0.253733472,
        0.24968308200000003,
        0.249736179,
        0.24925306700000002,
        0.25275174
      ],
      "exit_codes": [
        0,
        0,
        0,
        0,
        0,
        0,
        0,
        0,
        0,
        0
      ]
    },
    {
      "command": "Python",
      "mean": 2.4723027199999996,
      "stddev": 0.05735453121562903,
      "median": 2.4656032354999997,
      "user": 2.4695015999999996,
      "system": 0.0025999,
      "min": 2.410832316,
      "max": 2.575825367,
      "times": [
        2.575825367,
        2.422778555,
        2.421255468,
        2.494878997,
        2.540204602,
        2.410832316,
        2.492875202,
        2.438331269,
        2.4231354400000003,
        2.502909984
      ],
      "exit_codes": [
        0,
        0,
        0,
        0,
        0,
        0,
        0,
        0,
        0,
        0
      ]
    },
    {
      "command": "Ruby",
      "mean": 0.8515492491,
      "stddev": 0.004633779660699348,
      "median": 0.8512021165000001,
      "user": 0.8434433,
      "system": 0.0079005,
      "min": 0.846404826,
      "max": 0.860832911,
      "times": [
        0.853991987,
        0.860832911,
        0.846404826,
        0.8523834060000001,
        0.8500600020000001,
        0.8488052570000001,
        0.8476915650000001,
        0.8564219350000001,
        0.846556371,
        0.852344231
      ],
      "exit_codes": [
        0,
        0,
        0,
        0,
        0,
        0,
        0,
        0,
        0,
        0
      ]
    }
  ]
}
