{
  "results": [
    {
      "command": "LOGOS (interpreted)",
      "mean": 0.07939529424,
      "stddev": 0.007342933728130199,
      "median": 0.07947165464000001,
      "user": 0.05401598,
      "system": 0.025189540000000003,
      "min": 0.07122750264000001,
      "max": 0.09491195764000002,
      "times": [
        0.08080700764000001,
        0.08424841064000001,
        0.08204724864000001,
        0.07813630164000002,
        0.09491195764000002,
        0.07138386964000001,
        0.07690141964000001,
        0.08276116564000001,
        0.07152805864,
        0.07122750264000001
      ],
      "exit_codes": [
        0,
        0,
        0,
        0,
        0,
        0,
        0,
        0,
        0,
        0
      ]
    },
    {
      "command": "LOGOS (tiered)",
      "mean": 0.07398466532,
      "stddev": 0.003072797100762494,
      "median": 0.07395838802,
      "user": 0.05144156,
      "system": 0.022349920000000002,
      "min": 0.07027395652,
      "max": 0.08023767752,
      "times": [
        0.07483213952,
        0.07133132552,
        0.07567196552,
        0.07027395652,
        0.07670189952,
        0.07447428852,
        0.07344248752,
        0.07200647952,
        0.07087443352,
        0.08023767752
      ],
      "exit_codes": [
        0,
        0,
        0,
        0,
        0,
        0,
        0,
        0,
        0,
        0
      ]
    },
    {
      "command": "JavaScript (Node)",
      "mean": 0.2548724837,
      "stddev": 0.004231672417609616,
      "median": 0.25412627600000004,
      "user": 0.17992059999999999,
      "system": 0.09043209999999999,
      "min": 0.24998861300000003,
      "max": 0.262476878,
      "times": [
        0.252373569,
        0.25021061,
        0.261108803,
        0.25607793100000004,
        0.252341813,
        0.252986001,
        0.262476878,
        0.255266551,
        0.25589406800000003,
        0.24998861300000003
      ],
      "exit_codes": [
        0,
        0,
        0,
        0,
        0,
        0,
        0,
        0,
        0,
        0
      ]
    },
    {
      "command": "Python",
      "mean": 1.6129175366,
      "stddev": 0.019260838966735562,
      "median": 1.606406105,
      "user": 1.5360942,
      "system": 0.07659,
      "min": 1.5938250310000002,
      "max": 1.657102595,
      "times": [
        1.606291905,
        1.622152307,
        1.6045659190000001,
        1.5938250310000002,
        1.606520305,
        1.597908426,
        1.60732828,
        1.600986223,
        1.657102595,
        1.632494375
      ],
      "exit_codes": [
        0,
        0,
        0,
        0,
        0,
        0,
        0,
        0,
        0,
        0
      ]
    },
    {
      "command": "Ruby",
      "mean": 0.8653889389,
      "stddev": 0.0065668698798627455,
      "median": 0.8661070195,
      "user": 0.8260031,
      "system": 0.0391999,
      "min": 0.853787257,
      "max": 0.874906956,
      "times": [
        0.8732323150000001,
        0.874906956,
        0.8585560010000001,
        0.8602926860000001,
        0.866583198,
        0.8698045090000001,
        0.853787257,
        0.8656308410000001,
        0.867511286,
        0.8635843400000001
      ],
      "exit_codes": [
        0,
        0,
        0,
        0,
        0,
        0,
        0,
        0,
        0,
        0
      ]
    }
  ]
}
