{
  "results": [
    {
      "command": "LOGOS (interpreted)",
      "mean": 0.21385683539999997,
      "stddev": 0.004302627347327544,
      "median": 0.21177368359999998,
      "user": 0.18644909999999998,
      "system": 0.027213220000000003,
      "min": 0.2094895356,
      "max": 0.2199777156,
      "times": [
        0.2094895356,
        0.2110953956,
        0.2122554556,
        0.2198184456,
        0.2184269436,
        0.2095813826,
        0.2199777156,
        0.2112919116,
        0.2163169906,
        0.2103145776
      ],
      "exit_codes": [
        0,
        0,
        0,
        0,
        0,
        0,
        0,
        0,
        0,
        0
      ]
    },
    {
      "command": "JavaScript (Node)",
      "mean": 0.2421316597,
      "stddev": 0.0064367297005471545,
      "median": 0.24266415750000003,
      "user": 0.1691245,
      "system": 0.0918247,
      "min": 0.23140369600000002,
      "max": 0.25648263800000004,
      "times": [
        0.23924456000000002,
        0.24403411400000002,
        0.23140369600000002,
        0.24235450200000003,
        0.24329882500000002,
        0.25648263800000004,
        0.244949207,
        0.237916173,
        0.242973813,
        0.238659069
      ],
      "exit_codes": [
        0,
        0,
        0,
        0,
        0,
        0,
        0,
        0,
        0,
        0
      ]
    },
    {
      "command": "Python",
      "mean": 1.5069009243999998,
      "stddev": 0.027997246969570413,
      "median": 1.501063356,
      "user": 1.4382196999999999,
      "system": 0.0684008,
      "min": 1.4674206170000001,
      "max": 1.567096303,
      "times": [
        1.527173773,
        1.506662252,
        1.4996809770000001,
        1.502445735,
        1.4674206170000001,
        1.5285200140000001,
        1.494472936,
        1.491978984,
        1.483557653,
        1.567096303
      ],
      "exit_codes": [
        0,
        0,
        0,
        0,
        0,
        0,
        0,
        0,
        0,
        0
      ]
    },
    {
      "command": "Ruby",
      "mean": 0.8046608090999999,
      "stddev": 0.0035689872635264823,
      "median": 0.8034827815000001,
      "user": 0.7693570999999999,
      "system": 0.035094200000000006,
      "min": 0.8000260770000001,
      "max": 0.810268133,
      "times": [
        0.8060972230000001,
        0.806947084,
        0.804051175,
        0.8000260770000001,
        0.810268133,
        0.810130396,
        0.8026647520000001,
        0.802078116,
        0.801430747,
        0.802914388
      ],
      "exit_codes": [
        0,
        0,
        0,
        0,
        0,
        0,
        0,
        0,
        0,
        0
      ]
    }
  ]
}
