{
  "results": [
    {
      "command": "LOGOS (interpreted)",
      "mean": 0.07712014394000001,
      "stddev": 0.002990375004304736,
      "median": 0.07689578834,
      "user": 0.05327613999999999,
      "system": 0.0235825,
      "min": 0.07214373684,
      "max": 0.08319038784,
      "times": [
        0.07849962284,
        0.07609770184,
        0.07214373684,
        0.07769387484,
        0.07505984184,
        0.07903912284,
        0.07848455284,
        0.08319038784,
        0.07498229684,
        0.07601030084
      ],
      "exit_codes": [
        0,
        0,
        0,
        0,
        0,
        0,
        0,
        0,
        0,
        0
      ]
    },
    {
      "command": "LOGOS (tiered)",
      "mean": 0.07641692928000002,
      "stddev": 0.0023604923075303316,
      "median": 0.07563963068000001,
      "user": 0.054335079999999994,
      "system": 0.021837799999999997,
      "min": 0.07418144218,
      "max": 0.08179709118,
      "times": [
        0.07602543718,
        0.07461334718000001,
        0.07525382418000001,
        0.07660076418,
        0.07503604618000001,
        0.07418144218,
        0.07851724118,
        0.07763008618,
        0.08179709118,
        0.07451401318
      ],
      "exit_codes": [
        0,
        0,
        0,
        0,
        0,
        0,
        0,
        0,
        0,
        0
      ]
    },
    {
      "command": "JavaScript (Node)",
      "mean": 0.2371974303,
      "stddev": 0.00475816451560149,
      "median": 0.2368472405,
      "user": 0.16683359999999997,
      "system": 0.0864597,
      "min": 0.229759223,
      "max": 0.24630267500000003,
      "times": [
        0.23724640800000002,
        0.233342703,
        0.24630267500000003,
        0.240369623,
        0.23957798000000002,
        0.23236479100000001,
        0.23619915100000002,
        0.24036367600000003,
        0.236448073,
        0.229759223
      ],
      "exit_codes": [
        0,
        0,
        0,
        0,
        0,
        0,
        0,
        0,
        0,
        0
      ]
    },
    {
      "command": "Python",
      "mean": 1.5611049640999999,
      "stddev": 0.01967150634153287,
      "median": 1.5563586185,
      "user": 1.4922688999999998,
      "system": 0.06849340000000001,
      "min": 1.5377315390000001,
      "max": 1.599593492,
      "times": [
        1.585713731,
        1.552772852,
        1.599593492,
        1.5566648920000001,
        1.5377315390000001,
        1.569724235,
        1.556052345,
        1.545425617,
        1.5660252300000002,
        1.5413457080000001
      ],
      "exit_codes": [
        0,
        0,
        0,
        0,
        0,
        0,
        0,
        0,
        0,
        0
      ]
    },
    {
      "command": "Ruby",
      "mean": 0.8271837167000001,
      "stddev": 0.0061951998549463335,
      "median": 0.8267026125000001,
      "user": 0.7908752,
      "system": 0.036101999999999995,
      "min": 0.819168534,
      "max": 0.841042041,
      "times": [
        0.823255657,
        0.82762716,
        0.833577988,
        0.8228828210000001,
        0.841042041,
        0.823516054,
        0.819168534,
        0.826995149,
        0.826410076,
        0.827361687
      ],
      "exit_codes": [
        0,
        0,
        0,
        0,
        0,
        0,
        0,
        0,
        0,
        0
      ]
    }
  ]
}
