{
  "results": [
    {
      "command": "LOGOS (interpreted)",
      "mean": 0.2723482583400001,
      "stddev": 0.00678745845777334,
      "median": 0.27396001814000004,
      "user": 0.27076957999999995,
      "system": 0.0013674159999999998,
      "min": 0.26199598514000005,
      "max": 0.28318448314000005,
      "times": [
        0.27245702114000003,
        0.27629727114,
        0.26199598514000005,
        0.27708725814,
        0.26597541914,
        0.28318448314000005,
        0.27012199814000004,
        0.27546301514000004,
        0.27713927614000006,
        0.26376085614000006
      ],
      "exit_codes": [
        0,
        0,
        0,
        0,
        0,
        0,
        0,
        0,
        0,
        0
      ]
    },
    {
      "command": "LOGOS (tiered)",
      "mean": 0.27104202482,
      "stddev": 0.005948288593942902,
      "median": 0.27187117612,
      "user": 0.26908998,
      "system": 0.0017519399999999998,
      "min": 0.26317846362,
      "max": 0.27901524062,
      "times": [
        0.27391999362,
        0.26916005662,
        0.27510976362,
        0.27529634762,
        0.27734666162,
        0.26982235862,
        0.26317846362,
        0.26387546162000003,
        0.27901524062,
        0.26369590062
      ],
      "exit_codes": [
        0,
        0,
        0,
        0,
        0,
        0,
        0,
        0,
        0,
        0
      ]
    },
    {
      "command": "JavaScript (Node)",
      "mean": 0.2066713635,
      "stddev": 0.0039043418358003595,
      "median": 0.20610870400000003,
      "user": 0.2021351,
      "system": 0.007316399999999999,
      "min": 0.201815566,
      "max": 0.213112411,
      "times": [
        0.207023284,
        0.201815566,
        0.20657138400000002,
        0.20232090300000002,
        0.20366288000000002,
        0.212987787,
        0.205646024,
        0.213112411,
        0.205553278,
        0.208020118
      ],
      "exit_codes": [
        0,
        0,
        0,
        0,
        0,
        0,
        0,
        0,
        0,
        0
      ]
    },
    {
      "command": "Python",
      "mean": 4.6019330244,
      "stddev": 0.22220754921001787,
      "median": 4.5255049255,
      "user": 4.5985756,
      "system": 0.0026001,
      "min": 4.38963607,
      "max": 4.984539535,
      "times": [
        4.391793019,
        4.401389022,
        4.465848521,
        4.546614702,
        4.5043951490000005,
        4.6403553980000005,
        4.759361201,
        4.984539535,
        4.935397627,
        4.38963607
      ],
      "exit_codes": [
        0,
        0,
        0,
        0,
        0,
        0,
        0,
        0,
        0,
        0
      ]
    },
    {
      "command": "Ruby",
      "mean": 5.5203416628,
      "stddev": 0.026582168496587826,
      "median": 5.5255118535,
      "user": 5.506255299999999,
      "system": 0.013699800000000002,
      "min": 5.480489738,
      "max": 5.563634238,
      "times": [
        5.519932446,
        5.49387918,
        5.5279788100000005,
        5.480489738,
        5.526204068,
        5.487085605,
        5.550390481,
        5.529002423,
        5.563634238,
        5.524819639
      ],
      "exit_codes": [
        0,
        0,
        0,
        0,
        0,
        0,
        0,
        0,
        0,
        0
      ]
    }
  ]
}
