{
  "results": [
    {
      "command": "LOGOS (interpreted)",
      "mean": 5.007574159000001,
      "stddev": 0.1877878086211354,
      "median": 4.9619746736,
      "user": 5.00545372,
      "system": 0.0017589799999999996,
      "min": 4.784590174100001,
      "max": 5.5062461771,
      "times": [
        4.9594102231,
        5.0147744931,
        4.784590174100001,
        4.9135405401000005,
        4.964539124100001,
        4.9527996471,
        5.5062461771,
        4.9966711861,
        5.0253957921,
        4.9577742331
      ],
      "exit_codes": [
        0,
        0,
        0,
        0,
        0,
        0,
        0,
        0,
        0,
        0
      ]
    },
    {
      "command": "JavaScript (Node)",
      "mean": 0.2032432844,
      "stddev": 0.0055899751705941565,
      "median": 0.203871603,
      "user": 0.19959539999999998,
      "system": 0.0062929,
      "min": 0.196289137,
      "max": 0.209680479,
      "times": [
        0.20863835300000003,
        0.19788318100000002,
        0.20776591300000002,
        0.208502989,
        0.196289137,
        0.209680479,
        0.200227702,
        0.19906162600000002,
        0.20751550400000002,
        0.19686796
      ],
      "exit_codes": [
        0,
        0,
        0,
        0,
        0,
        0,
        0,
        0,
        0,
        0
      ]
    },
    {
      "command": "Python",
      "mean": 4.4395237212,
      "stddev": 0.17084311863342386,
      "median": 4.3795678005,
      "user": 4.4370387000000004,
      "system": 0.0021998,
      "min": 4.213279818,
      "max": 4.751474368,
      "times": [
        4.336867271,
        4.35747959,
        4.5254534379999996,
        4.667324118,
        4.509041717,
        4.401656011,
        4.338918309,
        4.213279818,
        4.751474368,
        4.293742572
      ],
      "exit_codes": [
        0,
        0,
        0,
        0,
        0,
        0,
        0,
        0,
        0,
        0
      ]
    },
    {
      "command": "Ruby",
      "mean": 5.4959451201,
      "stddev": 0.049732108019732664,
      "median": 5.485893944,
      "user": 5.4819289,
      "system": 0.013600300000000001,
      "min": 5.445089857,
      "max": 5.6174235370000005,
      "times": [
        5.6174235370000005,
        5.478085814,
        5.5202709930000005,
        5.508527751,
        5.48803487,
        5.508316976,
        5.447045195,
        5.483753018,
        5.4629031900000005,
        5.445089857
      ],
      "exit_codes": [
        0,
        0,
        0,
        0,
        0,
        0,
        0,
        0,
        0,
        0
      ]
    }
  ]
}
