{
  "results": [
    {
      "command": "LOGOS (interpreted)",
      "mean": 5.48344322374,
      "stddev": 0.06704119056252818,
      "median": 5.50709535684,
      "user": 5.481384139999999,
      "system": 0.0016195,
      "min": 5.32526845734,
      "max": 5.5493905973399995,
      "times": [
        5.5493905973399995,
        5.32526845734,
        5.50630484234,
        5.45525213234,
        5.50788587134,
        5.5202627583399995,
        5.52274064634,
        5.53096931334,
        5.42121755934,
        5.49514005934
      ],
      "exit_codes": [
        0,
        0,
        0,
        0,
        0,
        0,
        0,
        0,
        0,
        0
      ]
    },
    {
      "command": "LOGOS (tiered)",
      "mean": 5.49766062064,
      "stddev": 0.0657820562366225,
      "median": 5.5073412288400005,
      "user": 5.4947190599999995,
      "system": 0.00251086,
      "min": 5.32141337184,
      "max": 5.5476529258400005,
      "times": [
        5.32141337184,
        5.5057985168400005,
        5.5476529258400005,
        5.54579633484,
        5.5112756778400005,
        5.50494933484,
        5.547607016840001,
        5.4974327918400006,
        5.48579629484,
        5.5088839408400005
      ],
      "exit_codes": [
        0,
        0,
        0,
        0,
        0,
        0,
        0,
        0,
        0,
        0
      ]
    },
    {
      "command": "JavaScript (Node)",
      "mean": 0.20328613420000002,
      "stddev": 0.005111556549429224,
      "median": 0.20160159,
      "user": 0.20000999999999997,
      "system": 0.005917499999999998,
      "min": 0.197777422,
      "max": 0.212842845,
      "times": [
        0.197777422,
        0.19877201500000002,
        0.201493729,
        0.211602339,
        0.212842845,
        0.199690837,
        0.20316318500000002,
        0.20132233900000002,
        0.20448718000000002,
        0.201709451
      ],
      "exit_codes": [
        0,
        0,
        0,
        0,
        0,
        0,
        0,
        0,
        0,
        0
      ]
    },
    {
      "command": "Python",
      "mean": 4.429453839300001,
      "stddev": 0.1543854780192979,
      "median": 4.3908532099999995,
      "user": 4.4271622,
      "system": 0.0020000000000000005,
      "min": 4.281482858,
      "max": 4.838217928,
      "times": [
        4.334263563,
        4.402921932,
        4.485862314,
        4.281482858,
        4.378784488,
        4.358629043,
        4.838217928,
        4.440545478,
        4.411992736,
        4.361838053
      ],
      "exit_codes": [
        0,
        0,
        0,
        0,
        0,
        0,
        0,
        0,
        0,
        0
      ]
    },
    {
      "command": "Ruby",
      "mean": 5.520527706,
      "stddev": 0.015648975285779583,
      "median": 5.5186870325,
      "user": 5.507724299999999,
      "system": 0.012399699999999996,
      "min": 5.502177329,
      "max": 5.547196029,
      "times": [
        5.524456636,
        5.535787512,
        5.502177329,
        5.547196029,
        5.507642862,
        5.537870223,
        5.508974109,
        5.503798295,
        5.521916803,
        5.515457262
      ],
      "exit_codes": [
        0,
        0,
        0,
        0,
        0,
        0,
        0,
        0,
        0,
        0
      ]
    }
  ]
}
