{
  "results": [
    {
      "command": "LOGOS (interpreted)",
      "mean": 0.18532585084,
      "stddev": 0.006630059612265777,
      "median": 0.18694542264000003,
      "user": 0.18397174,
      "system": 0.001199102,
      "min": 0.17706352614,
      "max": 0.19646682114000003,
      "times": [
        0.17838761214,
        0.18590330114,
        0.19218584514,
        0.18881860214,
        0.19646682114000003,
        0.17772626914,
        0.18798754414000002,
        0.18056511614,
        0.17706352614,
        0.18815387114
      ],
      "exit_codes": [
        0,
        0,
        0,
        0,
        0,
        0,
        0,
        0,
        0,
        0
      ]
    },
    {
      "command": "LOGOS (tiered)",
      "mean": 0.18343646274,
      "stddev": 0.007605995355034692,
      "median": 0.18041079344,
      "user": 0.18215888,
      "system": 0.001107314,
      "min": 0.17720444644000002,
      "max": 0.20200270044000002,
      "times": [
        0.18674471044000002,
        0.17806398244000002,
        0.17795989144000002,
        0.17984944444,
        0.17929667844000002,
        0.17720444644000002,
        0.18097214244,
        0.20200270044000002,
        0.18902247644,
        0.18324815444
      ],
      "exit_codes": [
        0,
        0,
        0,
        0,
        0,
        0,
        0,
        0,
        0,
        0
      ]
    },
    {
      "command": "JavaScript (Node)",
      "mean": 0.2454780436,
      "stddev": 0.002970092829064444,
      "median": 0.24514991000000003,
      "user": 0.2414529,
      "system": 0.0051138,
      "min": 0.24041909800000003,
      "max": 0.24986653700000003,
      "times": [
        0.248936713,
        0.245612292,
        0.24986653700000003,
        0.24468752800000002,
        0.24406086800000001,
        0.24041909800000003,
        0.24841436400000003,
        0.24296666000000003,
        0.24343356200000002,
        0.246382814
      ],
      "exit_codes": [
        0,
        0,
        0,
        0,
        0,
        0,
        0,
        0,
        0,
        0
      ]
    },
    {
      "command": "Python",
      "mean": 5.604207615999999,
      "stddev": 0.12231499713132868,
      "median": 5.5979621875,
      "user": 5.6012525,
      "system": 0.0025998,
      "min": 5.414828096,
      "max": 5.800054223,
      "times": [
        5.61014856,
        5.5487009,
        5.720196744,
        5.584384048,
        5.644886133,
        5.414828096,
        5.800054223,
        5.585775815,
        5.7055379550000005,
        5.427563686
      ],
      "exit_codes": [
        0,
        0,
        0,
        0,
        0,
        0,
        0,
        0,
        0,
        0
      ]
    },
    {
      "command": "Ruby",
      "mean": 3.74675975,
      "stddev": 0.01542984214637903,
      "median": 3.7471496675,
      "user": 3.7306091,
      "system": 0.0157994,
      "min": 3.721434104,
      "max": 3.768170951,
      "times": [
        3.745550349,
        3.75773944,
        3.763086469,
        3.725322421,
        3.768170951,
        3.756920343,
        3.748748986,
        3.721434104,
        3.738825733,
        3.741798704
      ],
      "exit_codes": [
        0,
        0,
        0,
        0,
        0,
        0,
        0,
        0,
        0,
        0
      ]
    }
  ]
}
