{
  "results": [
    {
      "command": "LOGOS (interpreted)",
      "mean": 0.18603261071999996,
      "stddev": 0.005845704831947381,
      "median": 0.18239951721999997,
      "user": 0.18448573999999998,
      "system": 0.0013055879999999999,
      "min": 0.18172597922,
      "max": 0.19762392622,
      "times": [
        0.18544631522,
        0.18227999922,
        0.18178391922,
        0.19257833522,
        0.18204257822,
        0.19762392622,
        0.18172597922,
        0.18251903522,
        0.18223859022,
        0.19208742922
      ],
      "exit_codes": [
        0,
        0,
        0,
        0,
        0,
        0,
        0,
        0,
        0,
        0
      ]
    },
    {
      "command": "LOGOS (tiered)",
      "mean": 0.18622197344,
      "stddev": 0.005177862792247041,
      "median": 0.18431916534000004,
      "user": 0.18406943999999997,
      "system": 0.00187574,
      "min": 0.17990668534,
      "max": 0.19537303534000003,
      "times": [
        0.19189821834,
        0.18482098134000002,
        0.19537303534000003,
        0.18201021934000003,
        0.18664829534000002,
        0.18198970434000003,
        0.18381734934000002,
        0.19214305034,
        0.18361219534,
        0.17990668534
      ],
      "exit_codes": [
        0,
        0,
        0,
        0,
        0,
        0,
        0,
        0,
        0,
        0
      ]
    },
    {
      "command": "JavaScript (Node)",
      "mean": 0.24715574990000003,
      "stddev": 0.0053052309080008995,
      "median": 0.2454203465,
      "user": 0.242292,
      "system": 0.0058069,
      "min": 0.24234933200000003,
      "max": 0.259063722,
      "times": [
        0.245526459,
        0.246241333,
        0.24234933200000003,
        0.24259054300000002,
        0.25421061300000003,
        0.259063722,
        0.246493451,
        0.24531423400000002,
        0.24516003800000002,
        0.24460777400000003
      ],
      "exit_codes": [
        0,
        0,
        0,
        0,
        0,
        0,
        0,
        0,
        0,
        0
      ]
    },
    {
      "command": "Python",
      "mean": 5.7052971014,
      "stddev": 0.1808943731412534,
      "median": 5.756037073,
      "user": 5.702617399999999,
      "system": 0.0023,
      "min": 5.39087974,
      "max": 5.941387744,
      "times": [
        5.764475949,
        5.747598197,
        5.648342301,
        5.941387744,
        5.403047873,
        5.838194712,
        5.708345594,
        5.39087974,
        5.839451662,
        5.771247242
      ],
      "exit_codes": [
        0,
        0,
        0,
        0,
        0,
        0,
        0,
        0,
        0,
        0
      ]
    },
    {
      "command": "Ruby",
      "mean": 3.7554287824,
      "stddev": 0.028022953109069854,
      "median": 3.7553732440000003,
      "user": 3.7400670999999996,
      "system": 0.014999099999999998,
      "min": 3.713584179,
      "max": 3.789091618,
      "times": [
        3.780334479,
        3.713584179,
        3.74267875,
        3.768067738,
        3.7252805440000003,
        3.785968456,
        3.778524001,
        3.729817857,
        3.789091618,
        3.740940202
      ],
      "exit_codes": [
        0,
        0,
        0,
        0,
        0,
        0,
        0,
        0,
        0,
        0
      ]
    }
  ]
}
