{
  "results": [
    {
      "command": "LOGOS (interpreted)",
      "mean": 0.46662821260000004,
      "stddev": 0.004688503923571799,
      "median": 0.4647229346,
      "user": 0.4654466599999999,
      "system": 0.0009842739999999998,
      "min": 0.46207856760000005,
      "max": 0.4760761706,
      "times": [
        0.47181642160000004,
        0.46207856760000005,
        0.4640835676,
        0.4760761706,
        0.46228359760000004,
        0.46543241460000007,
        0.4643443366,
        0.46399765960000006,
        0.46510153260000003,
        0.47106785760000003
      ],
      "exit_codes": [
        0,
        0,
        0,
        0,
        0,
        0,
        0,
        0,
        0,
        0
      ]
    },
    {
      "command": "JavaScript (Node)",
      "mean": 0.24802599630000005,
      "stddev": 0.00449176631630577,
      "median": 0.24700718850000003,
      "user": 0.24361850000000002,
      "system": 0.0054101999999999996,
      "min": 0.243079606,
      "max": 0.25564026900000003,
      "times": [
        0.244972511,
        0.24695946700000002,
        0.25246847,
        0.24705491000000002,
        0.24451313900000002,
        0.253659064,
        0.24872760900000002,
        0.243079606,
        0.24318491800000003,
        0.25564026900000003
      ],
      "exit_codes": [
        0,
        0,
        0,
        0,
        0,
        0,
        0,
        0,
        0,
        0
      ]
    },
    {
      "command": "Python",
      "mean": 5.7465352382,
      "stddev": 0.21889617923767996,
      "median": 5.7127204,
      "user": 5.743242999999999,
      "system": 0.0029998,
      "min": 5.498545382,
      "max": 6.166373402,
      "times": [
        5.680416172,
        5.502394119,
        5.632505261,
        5.498545382,
        5.560536792,
        5.833084984,
        5.845897034,
        5.745024628,
        6.000574608,
        6.166373402
      ],
      "exit_codes": [
        0,
        0,
        0,
        0,
        0,
        0,
        0,
        0,
        0,
        0
      ]
    },
    {
      "command": "Ruby",
      "mean": 3.794479413,
      "stddev": 0.017170513799371706,
      "median": 3.7965954140000004,
      "user": 3.7790405,
      "system": 0.015099499999999998,
      "min": 3.7672983330000003,
      "max": 3.820047291,
      "times": [
        3.774843555,
        3.792495523,
        3.820047291,
        3.776934201,
        3.7672983330000003,
        3.814834752,
        3.802608174,
        3.7944499670000003,
        3.798740861,
        3.802541473
      ],
      "exit_codes": [
        0,
        0,
        0,
        0,
        0,
        0,
        0,
        0,
        0,
        0
      ]
    }
  ]
}
