{
  "results": [
    {
      "command": "LOGOS (interpreted)",
      "mean": 0.18731444456,
      "stddev": 0.005535569706761212,
      "median": 0.18525104536000003,
      "user": 0.18033775999999996,
      "system": 0.0066941200000000005,
      "min": 0.18143092836000002,
      "max": 0.19781923036000001,
      "times": [
        0.18143092836000002,
        0.18536509936,
        0.18450943536000003,
        0.19513179136000003,
        0.18241828036000002,
        0.18882402436,
        0.19781923036000001,
        0.18513699136000003,
        0.18273315836,
        0.18977550636
      ],
      "exit_codes": [
        0,
        0,
        0,
        0,
        0,
        0,
        0,
        0,
        0,
        0
      ]
    },
    {
      "command": "LOGOS (tiered)",
      "mean": 0.35819516196000006,
      "stddev": 0.00698537109704207,
      "median": 0.35614690126000004,
      "user": 0.35097535999999996,
      "system": 0.00688906,
      "min": 0.35152441026000003,
      "max": 0.37515831526000004,
      "times": [
        0.35820864826000004,
        0.37515831526000004,
        0.35428392626000005,
        0.36463730926000004,
        0.35739909626000005,
        0.35819414526000004,
        0.35489470626,
        0.35152441026000003,
        0.35337949126,
        0.35427157126000003
      ],
      "exit_codes": [
        0,
        0,
        0,
        0,
        0,
        0,
        0,
        0,
        0,
        0
      ]
    },
    {
      "command": "JavaScript (Node)",
      "mean": 0.20663741870000002,
      "stddev": 0.0030236553337438733,
      "median": 0.20550756550000002,
      "user": 0.20235879999999998,
      "system": 0.005004300000000001,
      "min": 0.203223695,
      "max": 0.212151115,
      "times": [
        0.211064364,
        0.205352629,
        0.208838977,
        0.203223695,
        0.204828475,
        0.206411336,
        0.212151115,
        0.20566250200000002,
        0.20429851000000002,
        0.204542584
      ],
      "exit_codes": [
        0,
        0,
        0,
        0,
        0,
        0,
        0,
        0,
        0,
        0
      ]
    },
    {
      "command": "Python",
      "mean": 1.9634603891000002,
      "stddev": 0.0046875265734076105,
      "median": 1.9624880345,
      "user": 1.9609908,
      "system": 0.0021001000000000006,
      "min": 1.9552975510000001,
      "max": 1.9714810580000002,
      "times": [
        1.965784007,
        1.958909051,
        1.9714810580000002,
        1.962669971,
        1.967114449,
        1.96775257,
        1.9552975510000001,
        1.961224638,
        1.9620644980000002,
        1.962306098
      ],
      "exit_codes": [
        0,
        0,
        0,
        0,
        0,
        0,
        0,
        0,
        0,
        0
      ]
    },
    {
      "command": "Ruby",
      "mean": 1.4491345096000001,
      "stddev": 0.004347025689124068,
      "median": 1.448231588,
      "user": 1.4393998999999997,
      "system": 0.0095005,
      "min": 1.44392391,
      "max": 1.457142506,
      "times": [
        1.457142506,
        1.454275831,
        1.449182919,
        1.446771376,
        1.444847597,
        1.445719611,
        1.45301817,
        1.448134372,
        1.448328804,
        1.44392391
      ],
      "exit_codes": [
        0,
        0,
        0,
        0,
        0,
        0,
        0,
        0,
        0,
        0
      ]
    }
  ]
}
