{
  "results": [
    {
      "command": "LOGOS (interpreted)",
      "mean": 0.17273827804000003,
      "stddev": 0.0026816540826970535,
      "median": 0.17190899684,
      "user": 0.16633122,
      "system": 0.006211279999999999,
      "min": 0.16977382834000002,
      "max": 0.17819083534000002,
      "times": [
        0.17366401834,
        0.17200767034,
        0.17125903334,
        0.16977382834000002,
        0.17231648934000002,
        0.17181032334000002,
        0.17158915134000002,
        0.17819083534000002,
        0.17026912434000002,
        0.17650230634
      ],
      "exit_codes": [
        0,
        0,
        0,
        0,
        0,
        0,
        0,
        0,
        0,
        0
      ]
    },
    {
      "command": "LOGOS (tiered)",
      "mean": 0.3604269144,
      "stddev": 0.010410536622215898,
      "median": 0.35880255470000005,
      "user": 0.3547071,
      "system": 0.0054598599999999995,
      "min": 0.34758137320000004,
      "max": 0.37904168320000003,
      "times": [
        0.36152751220000007,
        0.35655623920000007,
        0.37904168320000003,
        0.37642162520000005,
        0.34849570820000003,
        0.34758137320000004,
        0.36104887020000004,
        0.36228622520000003,
        0.35591081320000006,
        0.35539909420000004
      ],
      "exit_codes": [
        0,
        0,
        0,
        0,
        0,
        0,
        0,
        0,
        0,
        0
      ]
    },
    {
      "command": "JavaScript (Node)",
      "mean": 0.21387367080000003,
      "stddev": 0.0056040874655316165,
      "median": 0.21272933500000002,
      "user": 0.2083434,
      "system": 0.006392500000000001,
      "min": 0.20768972400000002,
      "max": 0.227387642,
      "times": [
        0.212647454,
        0.21785230100000003,
        0.21509528500000002,
        0.20871650800000002,
        0.21077814800000003,
        0.211524073,
        0.21423435700000001,
        0.20768972400000002,
        0.21281121600000003,
        0.227387642
      ],
      "exit_codes": [
        0,
        0,
        0,
        0,
        0,
        0,
        0,
        0,
        0,
        0
      ]
    },
    {
      "command": "Python",
      "mean": 1.9714776781,
      "stddev": 0.008956220864695502,
      "median": 1.9725756800000003,
      "user": 1.968789,
      "system": 0.0022998000000000003,
      "min": 1.957505977,
      "max": 1.981603131,
      "times": [
        1.980780068,
        1.97037403,
        1.98011617,
        1.9667258040000002,
        1.981603131,
        1.9747773300000002,
        1.957505977,
        1.958138614,
        1.967438366,
        1.977317291
      ],
      "exit_codes": [
        0,
        0,
        0,
        0,
        0,
        0,
        0,
        0,
        0,
        0
      ]
    },
    {
      "command": "Ruby",
      "mean": 1.4856079944,
      "stddev": 0.08866506451969262,
      "median": 1.4569398735,
      "user": 1.4760423,
      "system": 0.0092993,
      "min": 1.448936119,
      "max": 1.737608768,
      "times": [
        1.448936119,
        1.456891015,
        1.4654919720000001,
        1.462555035,
        1.4569887320000001,
        1.453838457,
        1.456690435,
        1.455942303,
        1.737608768,
        1.461137108
      ],
      "exit_codes": [
        0,
        0,
        0,
        0,
        0,
        0,
        0,
        0,
        0,
        0
      ]
    }
  ]
}
