{
  "results": [
    {
      "command": "LOGOS (interpreted)",
      "mean": 0.63697885284,
      "stddev": 0.013011221803908629,
      "median": 0.63272578734,
      "user": 0.62952748,
      "system": 0.007140820000000001,
      "min": 0.62413189784,
      "max": 0.66806933884,
      "times": [
        0.63220878184,
        0.63643541984,
        0.62413189784,
        0.62920736384,
        0.62703752684,
        0.66806933884,
        0.63324279284,
        0.64723319384,
        0.64278470884,
        0.62943750384
      ],
      "exit_codes": [
        0,
        0,
        0,
        0,
        0,
        0,
        0,
        0,
        0,
        0
      ]
    },
    {
      "command": "JavaScript (Node)",
      "mean": 0.20888422240000004,
      "stddev": 0.0037676068137376677,
      "median": 0.20904029600000001,
      "user": 0.2037337,
      "system": 0.005888900000000001,
      "min": 0.203696397,
      "max": 0.216345528,
      "times": [
        0.203696397,
        0.21118799300000002,
        0.216345528,
        0.20536020400000002,
        0.20723607700000002,
        0.21132165400000003,
        0.204943276,
        0.208953576,
        0.20912701600000003,
        0.210670503
      ],
      "exit_codes": [
        0,
        0,
        0,
        0,
        0,
        0,
        0,
        0,
        0,
        0
      ]
    },
    {
      "command": "Python",
      "mean": 1.9621967015,
      "stddev": 0.009726485406289074,
      "median": 1.9596106995,
      "user": 1.9594837999999999,
      "system": 0.0024000000000000002,
      "min": 1.9522824010000002,
      "max": 1.9821821370000001,
      "times": [
        1.9821821370000001,
        1.9522824010000002,
        1.968765144,
        1.9704345970000001,
        1.955039581,
        1.96192199,
        1.952871368,
        1.957299409,
        1.954449917,
        1.966720471
      ],
      "exit_codes": [
        0,
        0,
        0,
        0,
        0,
        0,
        0,
        0,
        0,
        0
      ]
    },
    {
      "command": "Ruby",
      "mean": 1.4526112678999998,
      "stddev": 0.014967524681040761,
      "median": 1.4490326995,
      "user": 1.4430996,
      "system": 0.0092998,
      "min": 1.434542243,
      "max": 1.483381143,
      "times": [
        1.483381143,
        1.4517692960000002,
        1.47177229,
        1.434542243,
        1.44314446,
        1.458557216,
        1.44810672,
        1.449958679,
        1.439619488,
        1.445261144
      ],
      "exit_codes": [
        0,
        0,
        0,
        0,
        0,
        0,
        0,
        0,
        0,
        0
      ]
    }
  ]
}
