{
  "results": [
    {
      "command": "LOGOS (interpreted)",
      "mean": 0.25672293170000005,
      "stddev": 0.004595858316633827,
      "median": 0.25583832530000006,
      "user": 0.25519349999999996,
      "system": 0.00137982,
      "min": 0.2520437258,
      "max": 0.2645788498,
      "times": [
        0.25790936480000004,
        0.2645788498,
        0.2528168638,
        0.2531092878,
        0.2520437258,
        0.25907936680000004,
        0.25258732780000004,
        0.2580007958,
        0.2633364488,
        0.2537672858
      ],
      "exit_codes": [
        0,
        0,
        0,
        0,
        0,
        0,
        0,
        0,
        0,
        0
      ]
    },
    {
      "command": "LOGOS (tiered)",
      "mean": 0.32647906536000004,
      "stddev": 0.024787699885009538,
      "median": 0.31817245506,
      "user": 0.31508464,
      "system": 0.0112096,
      "min": 0.31433606206,
      "max": 0.39620590406,
      "times": [
        0.31776099406,
        0.31825041906,
        0.32804693906,
        0.31940343706,
        0.31433606206,
        0.31809449106,
        0.31509323606,
        0.32059692806,
        0.31700224306,
        0.39620590406
      ],
      "exit_codes": [
        0,
        0,
        0,
        0,
        0,
        0,
        0,
        0,
        0,
        0
      ]
    },
    {
      "command": "JavaScript (Node)",
      "mean": 0.2397465532,
      "stddev": 0.003978840848618126,
      "median": 0.23827956500000003,
      "user": 0.23645619999999998,
      "system": 0.0057983,
      "min": 0.23667863300000003,
      "max": 0.25015041800000004,
      "times": [
        0.23667863300000003,
        0.23919055900000002,
        0.23761519900000003,
        0.24227751,
        0.238098575,
        0.23970242500000002,
        0.238398713,
        0.238160417,
        0.23719308300000003,
        0.25015041800000004
      ],
      "exit_codes": [
        0,
        0,
        0,
        0,
        0,
        0,
        0,
        0,
        0,
        0
      ]
    },
    {
      "command": "Python",
      "mean": 1.5550429574,
      "stddev": 0.041887831755790216,
      "median": 1.5439780105,
      "user": 1.5524067000000001,
      "system": 0.0024000000000000002,
      "min": 1.51991735,
      "max": 1.660927905,
      "times": [
        1.556685549,
        1.573464962,
        1.660927905,
        1.5424537919999999,
        1.523552041,
        1.526722296,
        1.545502229,
        1.572062339,
        1.529141111,
        1.51991735
      ],
      "exit_codes": [
        0,
        0,
        0,
        0,
        0,
        0,
        0,
        0,
        0,
        0
      ]
    },
    {
      "command": "Ruby",
      "mean": 1.2503671227,
      "stddev": 0.012638943768087583,
      "median": 1.2517467245,
      "user": 1.2418359,
      "system": 0.008301300000000001,
      "min": 1.225502014,
      "max": 1.268111209,
      "times": [
        1.237956443,
        1.258232443,
        1.225502014,
        1.252724347,
        1.250769102,
        1.256134169,
        1.268111209,
        1.264197135,
        1.244219467,
        1.245824898
      ],
      "exit_codes": [
        0,
        0,
        0,
        0,
        0,
        0,
        0,
        0,
        0,
        0
      ]
    }
  ]
}
