{
  "results": [
    {
      "command": "LOGOS (interpreted)",
      "mean": 0.50379172246,
      "stddev": 0.003903288699292274,
      "median": 0.5025943176600001,
      "user": 0.5024818999999999,
      "system": 0.00113624,
      "min": 0.49952694966000005,
      "max": 0.51021892166,
      "times": [
        0.50135972066,
        0.50219981966,
        0.51021892166,
        0.49952694966000005,
        0.5002846726600001,
        0.50636893266,
        0.49961330566000006,
        0.50865854966,
        0.5066975366600001,
        0.5029888156600001
      ],
      "exit_codes": [
        0,
        0,
        0,
        0,
        0,
        0,
        0,
        0,
        0,
        0
      ]
    },
    {
      "command": "JavaScript (Node)",
      "mean": 0.24447719839999998,
      "stddev": 0.005568342701778835,
      "median": 0.24255723250000003,
      "user": 0.24137550000000002,
      "system": 0.0050977999999999996,
      "min": 0.23880525700000002,
      "max": 0.25403451600000004,
      "times": [
        0.23983700400000002,
        0.23880525700000002,
        0.24435085,
        0.24220447900000003,
        0.239594875,
        0.24290998600000002,
        0.25403451600000004,
        0.252184348,
        0.24087886400000003,
        0.24997180500000002
      ],
      "exit_codes": [
        0,
        0,
        0,
        0,
        0,
        0,
        0,
        0,
        0,
        0
      ]
    },
    {
      "command": "Python",
      "mean": 1.5774766010999999,
      "stddev": 0.022116721996555625,
      "median": 1.5762994385,
      "user": 1.5746762,
      "system": 0.0025997999999999998,
      "min": 1.546303973,
      "max": 1.620937487,
      "times": [
        1.546303973,
        1.577789922,
        1.592459266,
        1.558892487,
        1.5707021220000001,
        1.5529809509999999,
        1.591923504,
        1.620937487,
        1.587967344,
        1.574808955
      ],
      "exit_codes": [
        0,
        0,
        0,
        0,
        0,
        0,
        0,
        0,
        0,
        0
      ]
    },
    {
      "command": "Ruby",
      "mean": 1.2579308863,
      "stddev": 0.01391336572226197,
      "median": 1.255590536,
      "user": 1.2482035,
      "system": 0.009499699999999998,
      "min": 1.246389823,
      "max": 1.294303544,
      "times": [
        1.259186757,
        1.263019328,
        1.294303544,
        1.257319027,
        1.248271959,
        1.256363086,
        1.246565478,
        1.254817986,
        1.253071875,
        1.246389823
      ],
      "exit_codes": [
        0,
        0,
        0,
        0,
        0,
        0,
        0,
        0,
        0,
        0
      ]
    }
  ]
}
