{
  "results": [
    {
      "command": "LOGOS (interpreted)",
      "mean": 0.26789599937999997,
      "stddev": 0.0036207946380622286,
      "median": 0.26836863018,
      "user": 0.2657524,
      "system": 0.00184122,
      "min": 0.26298065018,
      "max": 0.27399973918,
      "times": [
        0.26964230418,
        0.26868384618,
        0.26813960718,
        0.26859765318,
        0.27399973918,
        0.26418128018,
        0.26298065018,
        0.26394099317999997,
        0.26636330218,
        0.27243061818
      ],
      "exit_codes": [
        0,
        0,
        0,
        0,
        0,
        0,
        0,
        0,
        0,
        0
      ]
    },
    {
      "command": "LOGOS (tiered)",
      "mean": 0.32765390366,
      "stddev": 0.004650202131433929,
      "median": 0.32762246976,
      "user": 0.3161885000000001,
      "system": 0.011203880000000001,
      "min": 0.32163336926,
      "max": 0.33531475526,
      "times": [
        0.33119602826,
        0.33531475526,
        0.32491259426,
        0.32398899926,
        0.32163336926,
        0.33033234526,
        0.32300899326,
        0.33053469226,
        0.32399451626,
        0.33162274326
      ],
      "exit_codes": [
        0,
        0,
        0,
        0,
        0,
        0,
        0,
        0,
        0,
        0
      ]
    },
    {
      "command": "JavaScript (Node)",
      "mean": 0.242298685,
      "stddev": 0.004825467794505295,
      "median": 0.24140771700000002,
      "user": 0.2388982,
      "system": 0.005202399999999999,
      "min": 0.23729799000000001,
      "max": 0.253387815,
      "times": [
        0.240150839,
        0.239978137,
        0.23729799000000001,
        0.253387815,
        0.24480474100000002,
        0.24532272200000002,
        0.23770485500000002,
        0.238528859,
        0.243146297,
        0.242664595
      ],
      "exit_codes": [
        0,
        0,
        0,
        0,
        0,
        0,
        0,
        0,
        0,
        0
      ]
    },
    {
      "command": "Python",
      "mean": 1.5943553073,
      "stddev": 0.020639848159659167,
      "median": 1.597308533,
      "user": 1.5918444999999999,
      "system": 0.0022998000000000003,
      "min": 1.567660208,
      "max": 1.621222156,
      "times": [
        1.605399361,
        1.5914992950000002,
        1.603117771,
        1.576991396,
        1.567660208,
        1.621222156,
        1.610762798,
        1.569996985,
        1.6207570210000002,
        1.5761460820000002
      ],
      "exit_codes": [
        0,
        0,
        0,
        0,
        0,
        0,
        0,
        0,
        0,
        0
      ]
    },
    {
      "command": "Ruby",
      "mean": 1.2580710939000002,
      "stddev": 0.014715538656731041,
      "median": 1.256875387,
      "user": 1.2484213,
      "system": 0.009399,
      "min": 1.238361334,
      "max": 1.278920568,
      "times": [
        1.260717329,
        1.264899851,
        1.243417101,
        1.249211031,
        1.253033445,
        1.269809054,
        1.27844056,
        1.278920568,
        1.243900666,
        1.238361334
      ],
      "exit_codes": [
        0,
        0,
        0,
        0,
        0,
        0,
        0,
        0,
        0,
        0
      ]
    }
  ]
}
