{
  "results": [
    {
      "command": "LOGOS (interpreted)",
      "mean": 0.45058381868,
      "stddev": 0.01871015802832786,
      "median": 0.44647987078,
      "user": 0.36485264000000006,
      "system": 0.08536906000000001,
      "min": 0.43466441228,
      "max": 0.50046405728,
      "times": [
        0.50046405728,
        0.45259739328,
        0.44574929728,
        0.44809737428,
        0.43829158428,
        0.44721044428,
        0.44089349628,
        0.43466441228,
        0.45647618828000003,
        0.44139393928
      ],
      "exit_codes": [
        0,
        0,
        0,
        0,
        0,
        0,
        0,
        0,
        0,
        0
      ]
    },
    {
      "command": "LOGOS (tiered)",
      "mean": 0.62377169914,
      "stddev": 0.014475169366676581,
      "median": 0.6238228537399999,
      "user": 0.5320316199999999,
      "system": 0.09141194,
      "min": 0.59899475424,
      "max": 0.64278759924,
      "times": [
        0.63705556424,
        0.63225052024,
        0.62033897024,
        0.61756228724,
        0.60336629224,
        0.59899475424,
        0.62320171324,
        0.64278759924,
        0.62444399424,
        0.63771529624
      ],
      "exit_codes": [
        0,
        0,
        0,
        0,
        0,
        0,
        0,
        0,
        0,
        0
      ]
    },
    {
      "command": "JavaScript (Node)",
      "mean": 0.25549470440000005,
      "stddev": 0.014618668006765248,
      "median": 0.25302709050000005,
      "user": 0.23731010000000002,
      "system": 0.027593799999999995,
      "min": 0.23791604800000002,
      "max": 0.278592295,
      "times": [
        0.265919458,
        0.258334192,
        0.278592295,
        0.274943918,
        0.261672775,
        0.246338888,
        0.23816209500000002,
        0.24771998900000003,
        0.24534738600000003,
        0.23791604800000002
      ],
      "exit_codes": [
        0,
        0,
        0,
        0,
        0,
        0,
        0,
        0,
        0,
        0
      ]
    },
    {
      "command": "Python",
      "mean": 6.4239600319,
      "stddev": 0.13907231453182822,
      "median": 6.374789293999999,
      "user": 6.293928899999999,
      "system": 0.1294901,
      "min": 6.269451846,
      "max": 6.7119145,
      "times": [
        6.328872444,
        6.378894653,
        6.344947301,
        6.51133792,
        6.294002902,
        6.370683935,
        6.459443321,
        6.570051497,
        6.7119145,
        6.269451846
      ],
      "exit_codes": [
        0,
        0,
        0,
        0,
        0,
        0,
        0,
        0,
        0,
        0
      ]
    },
    {
      "command": "Ruby",
      "mean": 2.3056687118,
      "stddev": 0.039663163953887436,
      "median": 2.3129919465,
      "user": 2.2611020999999996,
      "system": 0.0441942,
      "min": 2.248876336,
      "max": 2.362080714,
      "times": [
        2.343160368,
        2.26157454,
        2.248876336,
        2.2842900200000003,
        2.326911165,
        2.314719911,
        2.311263982,
        2.260971931,
        2.362080714,
        2.342838151
      ],
      "exit_codes": [
        0,
        0,
        0,
        0,
        0,
        0,
        0,
        0,
        0,
        0
      ]
    }
  ]
}
