{
  "results": [
    {
      "command": "LOGOS (interpreted)",
      "mean": 0.4263597439200001,
      "stddev": 0.007645630586464045,
      "median": 0.42828385412000003,
      "user": 0.33743132,
      "system": 0.08876577999999999,
      "min": 0.41438786462000005,
      "max": 0.43602963062,
      "times": [
        0.43263725462,
        0.42085699562,
        0.43075306662,
        0.43075633562000004,
        0.41487153462000004,
        0.41438786462000005,
        0.42442682962,
        0.43602963062,
        0.43306328562,
        0.42581464162000005
      ],
      "exit_codes": [
        0,
        0,
        0,
        0,
        0,
        0,
        0,
        0,
        0,
        0
      ]
    },
    {
      "command": "LOGOS (tiered)",
      "mean": 0.58434883262,
      "stddev": 0.014184984874341914,
      "median": 0.58343184882,
      "user": 0.48945986,
      "system": 0.09464956,
      "min": 0.57011670482,
      "max": 0.61622870382,
      "times": [
        0.58383879482,
        0.58320180182,
        0.58453131282,
        0.5836618958199999,
        0.59933098982,
        0.61622870382,
        0.5803059028199999,
        0.57011670482,
        0.57115967682,
        0.57111254282
      ],
      "exit_codes": [
        0,
        0,
        0,
        0,
        0,
        0,
        0,
        0,
        0,
        0
      ]
    },
    {
      "command": "JavaScript (Node)",
      "mean": 0.24628265,
      "stddev": 0.0030219717384738177,
      "median": 0.2466987465,
      "user": 0.22776760000000001,
      "system": 0.028409500000000004,
      "min": 0.24077972400000003,
      "max": 0.25173015200000004,
      "times": [
        0.24708726500000003,
        0.25173015200000004,
        0.24705320700000002,
        0.24634428600000002,
        0.245220248,
        0.24831622800000003,
        0.24250153000000002,
        0.24631697400000002,
        0.24077972400000003,
        0.247476886
      ],
      "exit_codes": [
        0,
        0,
        0,
        0,
        0,
        0,
        0,
        0,
        0,
        0
      ]
    },
    {
      "command": "Python",
      "mean": 6.3559727492,
      "stddev": 0.18905559691716267,
      "median": 6.3330222805,
      "user": 6.2158065,
      "system": 0.13959360000000004,
      "min": 5.996208652,
      "max": 6.673975295,
      "times": [
        6.272796504,
        6.295355251,
        6.460198603,
        6.533605764,
        6.200146342,
        6.361862961,
        6.673975295,
        5.996208652,
        6.3041816,
        6.46139652
      ],
      "exit_codes": [
        0,
        0,
        0,
        0,
        0,
        0,
        0,
        0,
        0,
        0
      ]
    },
    {
      "command": "Ruby",
      "mean": 2.2843398304,
      "stddev": 0.04447853001430417,
      "median": 2.293425405,
      "user": 2.2400632,
      "system": 0.044002999999999994,
      "min": 2.20986773,
      "max": 2.347522999,
      "times": [
        2.23308032,
        2.260642459,
        2.20986773,
        2.292243716,
        2.295803259,
        2.324863424,
        2.294607094,
        2.331157878,
        2.347522999,
        2.253609425
      ],
      "exit_codes": [
        0,
        0,
        0,
        0,
        0,
        0,
        0,
        0,
        0,
        0
      ]
    }
  ]
}
