{
  "results": [
    {
      "command": "LOGOS (interpreted)",
      "mean": 1.3548348805600001,
      "stddev": 0.009318793644348816,
      "median": 1.35414978936,
      "user": 1.1848714399999998,
      "system": 0.16975858000000002,
      "min": 1.33944167836,
      "max": 1.3711224033600002,
      "times": [
        1.34997670036,
        1.34840820136,
        1.35863097936,
        1.36365599336,
        1.3711224033600002,
        1.33944167836,
        1.34671159936,
        1.35526019436,
        1.36210167136,
        1.3530393843600002
      ],
      "exit_codes": [
        0,
        0,
        0,
        0,
        0,
        0,
        0,
        0,
        0,
        0
      ]
    },
    {
      "command": "JavaScript (Node)",
      "mean": 0.24850696,
      "stddev": 0.0038257425804382045,
      "median": 0.249243869,
      "user": 0.23098199999999997,
      "system": 0.026984,
      "min": 0.241160066,
      "max": 0.252729928,
      "times": [
        0.252405887,
        0.252729928,
        0.24876745200000003,
        0.24287022400000002,
        0.241160066,
        0.250231301,
        0.248610396,
        0.25118452,
        0.249720286,
        0.24738954000000002
      ],
      "exit_codes": [
        0,
        0,
        0,
        0,
        0,
        0,
        0,
        0,
        0,
        0
      ]
    },
    {
      "command": "Python",
      "mean": 6.150179132700001,
      "stddev": 0.13576303114249186,
      "median": 6.1516773215,
      "user": 6.009578299999999,
      "system": 0.1399897,
      "min": 5.948942177,
      "max": 6.34376972,
      "times": [
        6.245399359,
        6.34376972,
        6.078542644,
        6.066210896,
        5.948942177,
        6.280455274,
        6.152514068,
        6.150840575,
        6.27175856,
        5.963358054
      ],
      "exit_codes": [
        0,
        0,
        0,
        0,
        0,
        0,
        0,
        0,
        0,
        0
      ]
    },
    {
      "command": "Ruby",
      "mean": 2.1777807733,
      "stddev": 0.022403412753690188,
      "median": 2.17754205,
      "user": 2.1304673999999997,
      "system": 0.046899699999999996,
      "min": 2.152276518,
      "max": 2.215562352,
      "times": [
        2.189030633,
        2.154975492,
        2.152276518,
        2.1660534670000002,
        2.162018034,
        2.202539032,
        2.190283834,
        2.189597542,
        2.155470829,
        2.215562352
      ],
      "exit_codes": [
        0,
        0,
        0,
        0,
        0,
        0,
        0,
        0,
        0,
        0
      ]
    }
  ]
}
