{
  "results": [
    {
      "command": "LOGOS (interpreted)",
      "mean": 0.04732126618,
      "stddev": 0.0019666927890088187,
      "median": 0.04761083598,
      "user": 0.03689545999999999,
      "system": 0.01022888,
      "min": 0.044664230980000004,
      "max": 0.049459559980000005,
      "times": [
        0.04680845998,
        0.044664230980000004,
        0.04917183998,
        0.044829595980000005,
        0.044868048980000005,
        0.048206633980000003,
        0.04887413798,
        0.04701503798,
        0.049315115980000004,
        0.049459559980000005
      ],
      "exit_codes": [
        0,
        0,
        0,
        0,
        0,
        0,
        0,
        0,
        0,
        0
      ]
    },
    {
      "command": "LOGOS (tiered)",
      "mean": 0.04872517002,
      "stddev": 0.0029483135913369743,
      "median": 0.04807818542,
      "user": 0.03876998,
      "system": 0.00971474,
      "min": 0.04444318692,
      "max": 0.054200015920000004,
      "times": [
        0.04699873492,
        0.05007475192,
        0.054200015920000004,
        0.04565402292,
        0.04830345092,
        0.04785291992,
        0.05029295192,
        0.04744313192,
        0.051988532920000004,
        0.04444318692
      ],
      "exit_codes": [
        0,
        0,
        0,
        0,
        0,
        0,
        0,
        0,
        0,
        0
      ]
    },
    {
      "command": "JavaScript (Node)",
      "mean": 0.0245682194,
      "stddev": 0.001982082305662642,
      "median": 0.0241879785,
      "user": 0.026377199999999996,
      "system": 0.0072744,
      "min": 0.021849464000000002,
      "max": 0.028377000000000003,
      "times": [
        0.028377000000000003,
        0.025644504000000002,
        0.024295601,
        0.023467503,
        0.026104805000000002,
        0.022133926,
        0.024080356,
        0.023788727000000003,
        0.025940308000000002,
        0.021849464000000002
      ],
      "exit_codes": [
        0,
        0,
        0,
        0,
        0,
        0,
        0,
        0,
        0,
        0
      ]
    },
    {
      "command": "Python",
      "mean": 0.0553472335,
      "stddev": 0.0014600633228693467,
      "median": 0.054804614,
      "user": 0.0535412,
      "system": 0.001689,
      "min": 0.053970034,
      "max": 0.058667421000000004,
      "times": [
        0.053970034,
        0.054476522000000006,
        0.054568830000000006,
        0.057244241,
        0.055049405,
        0.054588316000000005,
        0.054651101,
        0.055298338,
        0.054958127,
        0.058667421000000004
      ],
      "exit_codes": [
        0,
        0,
        0,
        0,
        0,
        0,
        0,
        0,
        0,
        0
      ]
    },
    {
      "command": "Ruby",
      "mean": 0.0784751109,
      "stddev": 0.003243912359037856,
      "median": 0.079382124,
      "user": 0.069184,
      "system": 0.0091039,
      "min": 0.073660534,
      "max": 0.082767504,
      "times": [
        0.076182567,
        0.073660534,
        0.08121325800000001,
        0.080612086,
        0.07815216200000001,
        0.077007009,
        0.08084727200000001,
        0.080647674,
        0.082767504,
        0.07366104300000001
      ],
      "exit_codes": [
        0,
        0,
        0,
        0,
        0,
        0,
        0,
        0,
        0,
        0
      ]
    }
  ]
}
