{
  "results": [
    {
      "command": "LOGOS (interpreted)",
      "mean": 0.33629972764000005,
      "stddev": 0.009555456121054774,
      "median": 0.33236732844000005,
      "user": 0.31391282,
      "system": 0.022184439999999996,
      "min": 0.32713311394000005,
      "max": 0.35837518894000003,
      "times": [
        0.33062436294,
        0.33930455694000006,
        0.33608010994000004,
        0.35837518894000003,
        0.34631657394000004,
        0.33352535294,
        0.33120930394000003,
        0.33095954694,
        0.32713311394000005,
        0.32946916594000003
      ],
      "exit_codes": [
        0,
        0,
        0,
        0,
        0,
        0,
        0,
        0,
        0,
        0
      ]
    },
    {
      "command": "LOGOS (tiered)",
      "mean": 0.32796449936000005,
      "stddev": 0.006774978802588962,
      "median": 0.32623725096000006,
      "user": 0.30475528,
      "system": 0.02298656,
      "min": 0.32014852046000003,
      "max": 0.34447282146,
      "times": [
        0.33227714046,
        0.32835493846,
        0.32517447746000006,
        0.32483666346,
        0.34447282146,
        0.32228731746000006,
        0.32014852046000003,
        0.32961861246,
        0.32517973946000006,
        0.32729476246000005
      ],
      "exit_codes": [
        0,
        0,
        0,
        0,
        0,
        0,
        0,
        0,
        0,
        0
      ]
    },
    {
      "command": "JavaScript (Node)",
      "mean": 0.24716230710000003,
      "stddev": 0.004102290467527986,
      "median": 0.246440501,
      "user": 0.24290049999999996,
      "system": 0.014136799999999996,
      "min": 0.24115012600000002,
      "max": 0.253647146,
      "times": [
        0.24995186800000002,
        0.253647146,
        0.24599097,
        0.245872728,
        0.24115012600000002,
        0.25207392300000003,
        0.24261749700000002,
        0.243782815,
        0.246890032,
        0.24964596600000002
      ],
      "exit_codes": [
        0,
        0,
        0,
        0,
        0,
        0,
        0,
        0,
        0,
        0
      ]
    },
    {
      "command": "Python",
      "mean": 4.0023448939,
      "stddev": 0.040360113021056306,
      "median": 3.9950225405,
      "user": 3.9837108999999997,
      "system": 0.018298699999999998,
      "min": 3.946205239,
      "max": 4.075166346,
      "times": [
        4.012471323,
        4.019314493,
        4.058395444,
        4.075166346,
        3.99999316,
        3.990051921,
        3.946205239,
        3.980203115,
        3.975273758,
        3.96637414
      ],
      "exit_codes": [
        0,
        0,
        0,
        0,
        0,
        0,
        0,
        0,
        0,
        0
      ]
    },
    {
      "command": "Ruby",
      "mean": 3.0167352045000007,
      "stddev": 0.01737898525754141,
      "median": 3.013689649,
      "user": 3.0026558000000003,
      "system": 0.013799,
      "min": 2.993538953,
      "max": 3.04742706,
      "times": [
        3.00733393,
        2.9953857690000003,
        3.013804744,
        3.006907632,
        3.013574554,
        3.023094758,
        2.993538953,
        3.033011428,
        3.033273217,
        3.04742706
      ],
      "exit_codes": [
        0,
        0,
        0,
        0,
        0,
        0,
        0,
        0,
        0,
        0
      ]
    }
  ]
}
