{
  "results": [
    {
      "command": "LOGOS (interpreted)",
      "mean": 1.17969804744,
      "stddev": 0.006656726862523714,
      "median": 1.18013116824,
      "user": 1.1594887,
      "system": 0.01998834,
      "min": 1.17162831474,
      "max": 1.1904808897399999,
      "times": [
        1.1762562187399999,
        1.1724430937399999,
        1.18760210774,
        1.17212655974,
        1.18098087674,
        1.1794821147399999,
        1.1904808897399999,
        1.18520007674,
        1.18078022174,
        1.17162831474
      ],
      "exit_codes": [
        0,
        0,
        0,
        0,
        0,
        0,
        0,
        0,
        0,
        0
      ]
    },
    {
      "command": "JavaScript (Node)",
      "mean": 0.24865088929999998,
      "stddev": 0.006337407958335866,
      "median": 0.24710960450000002,
      "user": 0.24674770000000001,
      "system": 0.012117999999999999,
      "min": 0.241305506,
      "max": 0.26149725100000004,
      "times": [
        0.241305506,
        0.243311204,
        0.25517671000000003,
        0.24979542500000002,
        0.253222846,
        0.26149725100000004,
        0.24405172500000002,
        0.246413128,
        0.247806081,
        0.24392901700000003
      ],
      "exit_codes": [
        0,
        0,
        0,
        0,
        0,
        0,
        0,
        0,
        0,
        0
      ]
    },
    {
      "command": "Python",
      "mean": 3.8798134101999997,
      "stddev": 0.021295851224226284,
      "median": 3.8783262780000003,
      "user": 3.8607720999999997,
      "system": 0.018700199999999997,
      "min": 3.8522380910000003,
      "max": 3.924522167,
      "times": [
        3.864621594,
        3.924522167,
        3.875097787,
        3.881554769,
        3.8522380910000003,
        3.862245031,
        3.887970161,
        3.882702563,
        3.901677152,
        3.865504787
      ],
      "exit_codes": [
        0,
        0,
        0,
        0,
        0,
        0,
        0,
        0,
        0,
        0
      ]
    },
    {
      "command": "Ruby",
      "mean": 2.990362785,
      "stddev": 0.007218021572733328,
      "median": 2.9883250605,
      "user": 2.9777639999999996,
      "system": 0.012299599999999997,
      "min": 2.9814486330000003,
      "max": 3.005072772,
      "times": [
        2.9814486330000003,
        2.992763339,
        2.998694335,
        3.005072772,
        2.988642722,
        2.985802718,
        2.986830715,
        2.988007399,
        2.9833559750000003,
        2.9930092420000003
      ],
      "exit_codes": [
        0,
        0,
        0,
        0,
        0,
        0,
        0,
        0,
        0,
        0
      ]
    }
  ]
}
