{
  "results": [
    {
      "command": "LOGOS (interpreted)",
      "mean": 2.17707313914,
      "stddev": 0.4873426626572002,
      "median": 1.8879269920400001,
      "user": 2.17537974,
      "system": 0.001311974,
      "min": 1.87007626554,
      "max": 3.19337189654,
      "times": [
        1.89182938054,
        3.19337189654,
        1.8840246035400001,
        1.87325027954,
        1.94024617854,
        2.68036258354,
        1.8733985975399998,
        1.87007626554,
        2.68656385954,
        1.87760774654
      ],
      "exit_codes": [
        0,
        0,
        0,
        0,
        0,
        0,
        0,
        0,
        0,
        0
      ]
    },
    {
      "command": "JavaScript (Node)",
      "mean": 0.24691725469999998,
      "stddev": 0.0024400527686032633,
      "median": 0.2473061625,
      "user": 0.24240319999999999,
      "system": 0.005711600000000001,
      "min": 0.24256661000000002,
      "max": 0.250271456,
      "times": [
        0.24256661000000002,
        0.24553479,
        0.24353929200000002,
        0.24724021000000002,
        0.24971036600000002,
        0.247283409,
        0.24811278800000003,
        0.24758471,
        0.250271456,
        0.247328916
      ],
      "exit_codes": [
        0,
        0,
        0,
        0,
        0,
        0,
        0,
        0,
        0,
        0
      ]
    },
    {
      "command": "Ruby",
      "mean": 6.9976012858,
      "stddev": 0.01399078273732919,
      "median": 7.0011328205000005,
      "user": 6.9878507999999995,
      "system": 0.009399999999999999,
      "min": 6.964276063,
      "max": 7.014932579,
      "times": [
        6.990809592,
        6.991938961,
        7.006684013,
        6.993632957,
        6.999355585,
        6.964276063,
        7.003426077,
        7.008046975,
        7.014932579,
        7.002910056
      ],
      "exit_codes": [
        0,
        0,
        0,
        0,
        0,
        0,
        0,
        0,
        0,
        0
      ]
    }
  ]
}
