{
  "results": [
    {
      "command": "LOGOS (interpreted)",
      "mean": 0.45040760244000005,
      "stddev": 0.005696128581269355,
      "median": 0.44788257134000004,
      "user": 0.44861854,
      "system": 0.0014685400000000002,
      "min": 0.44284050234000005,
      "max": 0.46030094234,
      "times": [
        0.44753473934000004,
        0.45759561534000004,
        0.44284050234000005,
        0.44823040334,
        0.44724906634000006,
        0.46030094234,
        0.45623800234000006,
        0.45076556234000004,
        0.44679195034,
        0.44652924034
      ],
      "exit_codes": [
        0,
        0,
        0,
        0,
        0,
        0,
        0,
        0,
        0,
        0
      ]
    },
    {
      "command": "LOGOS (tiered)",
      "mean": 0.44933145526,
      "stddev": 0.004463671033849842,
      "median": 0.44890731886,
      "user": 0.4479929800000001,
      "system": 0.0010501960000000002,
      "min": 0.44263200936,
      "max": 0.45954703236000005,
      "times": [
        0.45954703236000005,
        0.44877580136000006,
        0.45077002936000005,
        0.45190694336000004,
        0.44263200936,
        0.44530606336000006,
        0.44807394736000006,
        0.44903883636,
        0.44968501036,
        0.44757887936000007
      ],
      "exit_codes": [
        0,
        0,
        0,
        0,
        0,
        0,
        0,
        0,
        0,
        0
      ]
    },
    {
      "command": "JavaScript (Node)",
      "mean": 0.2498121658,
      "stddev": 0.004827912606997206,
      "median": 0.24929260350000002,
      "user": 0.243363,
      "system": 0.0077017000000000006,
      "min": 0.244109874,
      "max": 0.258979517,
      "times": [
        0.25073945200000003,
        0.246503087,
        0.258979517,
        0.257055904,
        0.244109874,
        0.24945003100000002,
        0.249135176,
        0.24557234000000003,
        0.24998072500000001,
        0.24659555200000002
      ],
      "exit_codes": [
        0,
        0,
        0,
        0,
        0,
        0,
        0,
        0,
        0,
        0
      ]
    },
    {
      "command": "Ruby",
      "mean": 6.990912188499999,
      "stddev": 0.04865624105123233,
      "median": 6.9895370065,
      "user": 6.982325799999998,
      "system": 0.008199800000000002,
      "min": 6.914094268,
      "max": 7.078262168,
      "times": [
        6.975232496,
        7.010492604,
        6.986604497,
        7.047782406,
        6.976308731,
        6.930599259,
        7.078262168,
        6.914094268,
        6.99727594,
        6.992469516
      ],
      "exit_codes": [
        0,
        0,
        0,
        0,
        0,
        0,
        0,
        0,
        0,
        0
      ]
    }
  ]
}
