{
  "results": [
    {
      "command": "LOGOS (interpreted)",
      "mean": 0.40847572832,
      "stddev": 0.00455014454271686,
      "median": 0.40696521922000006,
      "user": 0.4068230599999999,
      "system": 0.001399284,
      "min": 0.40409966572000006,
      "max": 0.41622639772000003,
      "times": [
        0.41622639772000003,
        0.40455666372000004,
        0.40542936572000005,
        0.41534712872000007,
        0.41065818672000004,
        0.40828500272000007,
        0.40564543572000006,
        0.40413508572000006,
        0.40409966572000006,
        0.41037435072000006
      ],
      "exit_codes": [
        0,
        0,
        0,
        0,
        0,
        0,
        0,
        0,
        0,
        0
      ]
    },
    {
      "command": "LOGOS (tiered)",
      "mean": 0.4126064991800001,
      "stddev": 0.005545926932801986,
      "median": 0.41119521018000005,
      "user": 0.41059181999999994,
      "system": 0.0017146079999999998,
      "min": 0.40655050168000006,
      "max": 0.42186456868000005,
      "times": [
        0.40655050168000006,
        0.41660340168000004,
        0.40971416668000005,
        0.40738086768000004,
        0.42186456868000005,
        0.4077568226800001,
        0.40895915068000005,
        0.4139421836800001,
        0.41267625368000005,
        0.42061707468000004
      ],
      "exit_codes": [
        0,
        0,
        0,
        0,
        0,
        0,
        0,
        0,
        0,
        0
      ]
    },
    {
      "command": "JavaScript (Node)",
      "mean": 0.24514468690000002,
      "stddev": 0.006441937794367008,
      "median": 0.24322941950000002,
      "user": 0.2401083,
      "system": 0.006386,
      "min": 0.23923727200000003,
      "max": 0.257094584,
      "times": [
        0.24363140800000002,
        0.244016006,
        0.23923727200000003,
        0.257094584,
        0.242827431,
        0.24051080800000002,
        0.255338212,
        0.240729609,
        0.23958664200000002,
        0.24847489700000003
      ],
      "exit_codes": [
        0,
        0,
        0,
        0,
        0,
        0,
        0,
        0,
        0,
        0
      ]
    },
    {
      "command": "Ruby",
      "mean": 6.8888613405,
      "stddev": 0.025998373818479702,
      "median": 6.8863128805,
      "user": 6.879506799999999,
      "system": 0.009000000000000003,
      "min": 6.851775985,
      "max": 6.919813203,
      "times": [
        6.880971001,
        6.853846153,
        6.906326282,
        6.868663697,
        6.919813203,
        6.915610133,
        6.880250083,
        6.919702108,
        6.89165476,
        6.851775985
      ],
      "exit_codes": [
        0,
        0,
        0,
        0,
        0,
        0,
        0,
        0,
        0,
        0
      ]
    }
  ]
}
