{
  "results": [
    {
      "command": "LOGOS (interpreted)",
      "mean": 0.28813593564,
      "stddev": 0.003637611142596366,
      "median": 0.28827675314,
      "user": 0.28569042,
      "system": 0.00223482,
      "min": 0.28150923214,
      "max": 0.29252618914000006,
      "times": [
        0.28946889614000004,
        0.28619996514,
        0.28392264014,
        0.29189908914,
        0.29061060414,
        0.28708461014000003,
        0.29252618914000006,
        0.28150923214,
        0.28689033514,
        0.29124779514000004
      ],
      "exit_codes": [
        0,
        0,
        0,
        0,
        0,
        0,
        0,
        0,
        0,
        0
      ]
    },
    {
      "command": "LOGOS (tiered)",
      "mean": 0.28388033102000004,
      "stddev": 0.00396400395371547,
      "median": 0.28312204212000003,
      "user": 0.28223888,
      "system": 0.0014710600000000002,
      "min": 0.28047825862000003,
      "max": 0.29340823862000004,
      "times": [
        0.28089266662,
        0.28047825862000003,
        0.28065416162,
        0.28328114462000004,
        0.28664329462000004,
        0.28093840662,
        0.28296293962,
        0.28420179362000003,
        0.29340823862000004,
        0.28534240562
      ],
      "exit_codes": [
        0,
        0,
        0,
        0,
        0,
        0,
        0,
        0,
        0,
        0
      ]
    },
    {
      "command": "JavaScript (Node)",
      "mean": 0.24625705130000003,
      "stddev": 0.004384291159080314,
      "median": 0.245904946,
      "user": 0.24443220000000002,
      "system": 0.005403099999999999,
      "min": 0.23990465200000002,
      "max": 0.253285994,
      "times": [
        0.242742424,
        0.24915138900000003,
        0.241983529,
        0.24730480400000002,
        0.251112657,
        0.243417703,
        0.244505088,
        0.253285994,
        0.23990465200000002,
        0.24916227300000002
      ],
      "exit_codes": [
        0,
        0,
        0,
        0,
        0,
        0,
        0,
        0,
        0,
        0
      ]
    },
    {
      "command": "Ruby",
      "mean": 7.025847476199999,
      "stddev": 0.02253285474097408,
      "median": 7.027529937000001,
      "user": 7.0163084,
      "system": 0.0090996,
      "min": 6.99697189,
      "max": 7.067920446,
      "times": [
        7.067920446,
        6.997011758,
        7.036089221,
        7.018860293,
        6.99697189,
        7.030733733,
        7.045002626,
        7.037149069,
        7.004409585,
        7.024326141
      ],
      "exit_codes": [
        0,
        0,
        0,
        0,
        0,
        0,
        0,
        0,
        0,
        0
      ]
    }
  ]
}
