{
  "results": [
    {
      "command": "LOGOS (interpreted)",
      "mean": 0.32877385266000003,
      "stddev": 0.006058662548452452,
      "median": 0.32992340656,
      "user": 0.32623783999999995,
      "system": 0.00213162,
      "min": 0.31908049756,
      "max": 0.33668624956000004,
      "times": [
        0.33668624956000004,
        0.32446760656,
        0.33173082156,
        0.33267284456,
        0.33406805156,
        0.32556552556,
        0.31908049756,
        0.33438897156,
        0.32811599156000004,
        0.32096196656000003
      ],
      "exit_codes": [
        0,
        0,
        0,
        0,
        0,
        0,
        0,
        0,
        0,
        0
      ]
    },
    {
      "command": "LOGOS (tiered)",
      "mean": 0.3270773204,
      "stddev": 0.005559184590495013,
      "median": 0.32813827900000003,
      "user": 0.32447548,
      "system": 0.0023202599999999998,
      "min": 0.319796547,
      "max": 0.334533075,
      "times": [
        0.321541789,
        0.330604813,
        0.319796547,
        0.332617337,
        0.322437928,
        0.334533075,
        0.332033245,
        0.330336381,
        0.325940177,
        0.320931912
      ],
      "exit_codes": [
        0,
        0,
        0,
        0,
        0,
        0,
        0,
        0,
        0,
        0
      ]
    },
    {
      "command": "JavaScript (Node)",
      "mean": 0.25009908670000003,
      "stddev": 0.0028410850138476666,
      "median": 0.24972691200000002,
      "user": 0.248134,
      "system": 0.0060088,
      "min": 0.245546023,
      "max": 0.25512697300000003,
      "times": [
        0.25512697300000003,
        0.252031179,
        0.250057814,
        0.245546023,
        0.251468442,
        0.24889802400000002,
        0.246766737,
        0.24939601000000003,
        0.24899816200000002,
        0.252701503
      ],
      "exit_codes": [
        0,
        0,
        0,
        0,
        0,
        0,
        0,
        0,
        0,
        0
      ]
    },
    {
      "command": "Ruby",
      "mean": 7.158776854300001,
      "stddev": 0.026354579029995613,
      "median": 7.1545277855,
      "user": 7.148966799999999,
      "system": 0.009400200000000001,
      "min": 7.111519074,
      "max": 7.211999115,
      "times": [
        7.111519074,
        7.151263688,
        7.170133273,
        7.13862561,
        7.174364226,
        7.157675699,
        7.211999115,
        7.148372993,
        7.172434993,
        7.151379872
      ],
      "exit_codes": [
        0,
        0,
        0,
        0,
        0,
        0,
        0,
        0,
        0,
        0
      ]
    }
  ]
}
