{
  "results": [
    {
      "command": "LOGOS (interpreted)",
      "mean": 1.5824448954800001,
      "stddev": 0.00869102307894048,
      "median": 1.5827011046800001,
      "user": 1.5804686000000001,
      "system": 0.0016929399999999998,
      "min": 1.5682226996800002,
      "max": 1.5996923556800002,
      "times": [
        1.5838677996800001,
        1.5731106506800001,
        1.5832250396800003,
        1.5682226996800002,
        1.5996923556800002,
        1.5773110346800001,
        1.5815334226800002,
        1.58974736968,
        1.5855614126800002,
        1.58217716968
      ],
      "exit_codes": [
        0,
        0,
        0,
        0,
        0,
        0,
        0,
        0,
        0,
        0
      ]
    },
    {
      "command": "JavaScript (Node)",
      "mean": 0.2507273506,
      "stddev": 0.005948133531441819,
      "median": 0.25122784900000006,
      "user": 0.2464254,
      "system": 0.0082183,
      "min": 0.24285658200000002,
      "max": 0.263602606,
      "times": [
        0.252566718,
        0.25124930100000004,
        0.243817413,
        0.24285658200000002,
        0.252467098,
        0.263602606,
        0.251206397,
        0.245241223,
        0.251134957,
        0.253131211
      ],
      "exit_codes": [
        0,
        0,
        0,
        0,
        0,
        0,
        0,
        0,
        0,
        0
      ]
    },
    {
      "command": "Ruby",
      "mean": 7.1548610568,
      "stddev": 0.019883921791111654,
      "median": 7.1570856745,
      "user": 7.1465806,
      "system": 0.007899899999999998,
      "min": 7.128153096,
      "max": 7.182422524,
      "times": [
        7.175218206,
        7.160972088,
        7.1362464580000005,
        7.128153096,
        7.153199261,
        7.182422524,
        7.175000365,
        7.166010931,
        7.132556704,
        7.138830935
      ],
      "exit_codes": [
        0,
        0,
        0,
        0,
        0,
        0,
        0,
        0,
        0,
        0
      ]
    }
  ]
}
