{
  "results": [
    {
      "command": "LOGOS (interpreted)",
      "mean": 0.20889835376000004,
      "stddev": 0.0057606244348378174,
      "median": 0.20582135386000003,
      "user": 0.20736813999999998,
      "system": 0.001319518,
      "min": 0.20385517786000001,
      "max": 0.21836652486000002,
      "times": [
        0.20551446686000002,
        0.21166142686000003,
        0.20427306486000002,
        0.20481047786000003,
        0.21258713486000003,
        0.20385517786000001,
        0.20612824086000003,
        0.21786316086000002,
        0.20392386186000003,
        0.21836652486000002
      ],
      "exit_codes": [
        0,
        0,
        0,
        0,
        0,
        0,
        0,
        0,
        0,
        0
      ]
    },
    {
      "command": "JavaScript (Node)",
      "mean": 0.2471459141,
      "stddev": 0.004165055109969654,
      "median": 0.24908945000000002,
      "user": 0.24203039999999998,
      "system": 0.0062104,
      "min": 0.240031287,
      "max": 0.252024246,
      "times": [
        0.24383485400000002,
        0.24114127200000002,
        0.252024246,
        0.246235467,
        0.24916315200000003,
        0.24906714000000002,
        0.24911176000000002,
        0.24981840000000002,
        0.240031287,
        0.251031563
      ],
      "exit_codes": [
        0,
        0,
        0,
        0,
        0,
        0,
        0,
        0,
        0,
        0
      ]
    },
    {
      "command": "Python",
      "mean": 4.0921320523,
      "stddev": 0.14201763589207228,
      "median": 4.045205353,
      "user": 4.0897632999999995,
      "system": 0.0020998999999999996,
      "min": 3.909429957,
      "max": 4.374625577,
      "times": [
        4.034754329,
        4.026265352,
        4.374625577,
        4.044450649,
        4.164661185,
        3.936302823,
        4.045960057,
        4.134825694,
        4.2500449,
        3.909429957
      ],
      "exit_codes": [
        0,
        0,
        0,
        0,
        0,
        0,
        0,
        0,
        0,
        0
      ]
    },
    {
      "command": "Ruby",
      "mean": 1.9633833117,
      "stddev": 0.009162379671098281,
      "median": 1.9643700915,
      "user": 1.9536003000000002,
      "system": 0.009498999999999999,
      "min": 1.950691597,
      "max": 1.977725624,
      "times": [
        1.965019249,
        1.963720934,
        1.9684982880000002,
        1.9605549560000002,
        1.9715055910000001,
        1.9528521890000001,
        1.952445379,
        1.977725624,
        1.97081931,
        1.950691597
      ],
      "exit_codes": [
        0,
        0,
        0,
        0,
        0,
        0,
        0,
        0,
        0,
        0
      ]
    }
  ]
}
