{
  "results": [
    {
      "command": "LOGOS (interpreted)",
      "mean": 0.04948674166,
      "stddev": 0.001986023167178205,
      "median": 0.04935096756,
      "user": 0.0478245,
      "system": 0.0014264999999999998,
      "min": 0.04647367656,
      "max": 0.052052091560000006,
      "times": [
        0.04647367656,
        0.04941934556,
        0.049282589560000006,
        0.04757684756,
        0.051887240560000006,
        0.05120266256000001,
        0.05105282056,
        0.052052091560000006,
        0.047557413560000004,
        0.048362728560000005
      ],
      "exit_codes": [
        0,
        0,
        0,
        0,
        0,
        0,
        0,
        0,
        0,
        0
      ]
    },
    {
      "command": "LOGOS (tiered)",
      "mean": 0.19088201758000004,
      "stddev": 0.0053090786445565375,
      "median": 0.18994543278,
      "user": 0.1890162,
      "system": 0.0016337360000000002,
      "min": 0.18303742528,
      "max": 0.20108218228000002,
      "times": [
        0.18932513128,
        0.18657451728000002,
        0.18659439228000002,
        0.19623121028,
        0.20108218228000002,
        0.19495788528000002,
        0.19135411328000002,
        0.18909758428,
        0.18303742528,
        0.19056573428
      ],
      "exit_codes": [
        0,
        0,
        0,
        0,
        0,
        0,
        0,
        0,
        0,
        0
      ]
    },
    {
      "command": "JavaScript (Node)",
      "mean": 0.2517095576,
      "stddev": 0.003365810526410447,
      "median": 0.2523647335,
      "user": 0.24660029999999997,
      "system": 0.0061064,
      "min": 0.24650347600000003,
      "max": 0.255544472,
      "times": [
        0.24765014300000002,
        0.249943235,
        0.254532115,
        0.25482239,
        0.253750256,
        0.24866902200000002,
        0.25470125600000004,
        0.255544472,
        0.25097921100000004,
        0.24650347600000003
      ],
      "exit_codes": [
        0,
        0,
        0,
        0,
        0,
        0,
        0,
        0,
        0,
        0
      ]
    },
    {
      "command": "Python",
      "mean": 4.1521245375,
      "stddev": 0.11279203377794579,
      "median": 4.1439641675,
      "user": 4.149051,
      "system": 0.0027999999999999995,
      "min": 4.028236465,
      "max": 4.328941334,
      "times": [
        4.241451587,
        4.028236465,
        4.159095566,
        4.039885395,
        4.040209385,
        4.328941334,
        4.04177923,
        4.128832769,
        4.244847727,
        4.267965917
      ],
      "exit_codes": [
        0,
        0,
        0,
        0,
        0,
        0,
        0,
        0,
        0,
        0
      ]
    },
    {
      "command": "Ruby",
      "mean": 2.0313057875,
      "stddev": 0.03054292029704457,
      "median": 2.017790753,
      "user": 2.0229422,
      "system": 0.008101500000000001,
      "min": 2.00240281,
      "max": 2.086955541,
      "times": [
        2.014544525,
        2.086955541,
        2.008290497,
        2.003003922,
        2.068679483,
        2.00240281,
        2.017431046,
        2.02934384,
        2.064255751,
        2.01815046
      ],
      "exit_codes": [
        0,
        0,
        0,
        0,
        0,
        0,
        0,
        0,
        0,
        0
      ]
    }
  ]
}
