{
  "results": [
    {
      "command": "LOGOS (interpreted)",
      "mean": 0.04938525642,
      "stddev": 0.003750082254161273,
      "median": 0.04893503372000001,
      "user": 0.048293459999999996,
      "system": 0.000964522,
      "min": 0.04387207422,
      "max": 0.057463369220000005,
      "times": [
        0.057463369220000005,
        0.04387207422,
        0.047427217220000005,
        0.04955092322,
        0.051726517220000004,
        0.046834658220000006,
        0.048593521220000005,
        0.04927654622,
        0.052234636220000005,
        0.046873101220000005
      ],
      "exit_codes": [
        0,
        0,
        0,
        0,
        0,
        0,
        0,
        0,
        0,
        0
      ]
    },
    {
      "command": "LOGOS (tiered)",
      "mean": 0.18978257218,
      "stddev": 0.006039498822911157,
      "median": 0.18853872178000003,
      "user": 0.18787184000000004,
      "system": 0.0016541399999999997,
      "min": 0.18180207628000003,
      "max": 0.20085129428000004,
      "times": [
        0.18637289928000003,
        0.18348504228,
        0.19728519128000002,
        0.18180207628000003,
        0.18742556128,
        0.20085129428000004,
        0.18991337028000002,
        0.18965188228000002,
        0.19424921628000003,
        0.18678918828000002
      ],
      "exit_codes": [
        0,
        0,
        0,
        0,
        0,
        0,
        0,
        0,
        0,
        0
      ]
    },
    {
      "command": "JavaScript (Node)",
      "mean": 0.2499584504,
      "stddev": 0.0038248053541677417,
      "median": 0.24978023500000002,
      "user": 0.2459577,
      "system": 0.0050103000000000005,
      "min": 0.24506284600000003,
      "max": 0.255848356,
      "times": [
        0.24687850900000002,
        0.246781681,
        0.250537885,
        0.255375837,
        0.24636844800000002,
        0.250266983,
        0.249293487,
        0.255848356,
        0.25317047200000004,
        0.24506284600000003
      ],
      "exit_codes": [
        0,
        0,
        0,
        0,
        0,
        0,
        0,
        0,
        0,
        0
      ]
    },
    {
      "command": "Python",
      "mean": 4.1665821334,
      "stddev": 0.12279630638467968,
      "median": 4.1288921145,
      "user": 4.162995499999999,
      "system": 0.0032001,
      "min": 4.030210816,
      "max": 4.383159123,
      "times": [
        4.220067202,
        4.030210816,
        4.130206987,
        4.127577242,
        4.369895192,
        4.383159123,
        4.091678683,
        4.080126195,
        4.166722472,
        4.066177422
      ],
      "exit_codes": [
        0,
        0,
        0,
        0,
        0,
        0,
        0,
        0,
        0,
        0
      ]
    },
    {
      "command": "Ruby",
      "mean": 2.0166227498000002,
      "stddev": 0.014362253113197327,
      "median": 2.0156058855,
      "user": 2.0069955,
      "system": 0.0093005,
      "min": 1.9932705890000002,
      "max": 2.042413132,
      "times": [
        2.017767485,
        2.042413132,
        2.006454971,
        2.008191323,
        2.021746199,
        2.03194185,
        2.013444286,
        1.9932705890000002,
        2.025415104,
        2.005582559
      ],
      "exit_codes": [
        0,
        0,
        0,
        0,
        0,
        0,
        0,
        0,
        0,
        0
      ]
    }
  ]
}
