{
  "results": [
    {
      "command": "LOGOS (interpreted)",
      "mean": 0.49913585214000006,
      "stddev": 0.005849350767340346,
      "median": 0.49971059324,
      "user": 0.4973441600000001,
      "system": 0.00163186,
      "min": 0.48874932174,
      "max": 0.50980090974,
      "times": [
        0.50980090974,
        0.49884795474000004,
        0.49803784074,
        0.50057323174,
        0.48874932174,
        0.50083037474,
        0.49742595374000004,
        0.49204103174,
        0.50391139674,
        0.50114050574
      ],
      "exit_codes": [
        0,
        0,
        0,
        0,
        0,
        0,
        0,
        0,
        0,
        0
      ]
    },
    {
      "command": "LOGOS (tiered)",
      "mean": 0.5702100862000001,
      "stddev": 0.004563419960864925,
      "median": 0.5701072553000001,
      "user": 0.56850482,
      "system": 0.00155502,
      "min": 0.5645809128000001,
      "max": 0.5802823918000001,
      "times": [
        0.5675783068000001,
        0.5736001138000001,
        0.5712753458000001,
        0.5707899808000001,
        0.5802823918000001,
        0.5645809128000001,
        0.5694245298,
        0.5653563528000001,
        0.5717847808000001,
        0.5674281468000001
      ],
      "exit_codes": [
        0,
        0,
        0,
        0,
        0,
        0,
        0,
        0,
        0,
        0
      ]
    },
    {
      "command": "JavaScript (Node)",
      "mean": 0.24282814709999995,
      "stddev": 0.006037291258077221,
      "median": 0.239558016,
      "user": 0.23898289999999997,
      "system": 0.0059007999999999994,
      "min": 0.23868439000000002,
      "max": 0.25436527400000003,
      "times": [
        0.23868439000000002,
        0.24150227600000002,
        0.25436527400000003,
        0.238931362,
        0.239495108,
        0.239620924,
        0.253244753,
        0.23900481,
        0.244345888,
        0.23908668600000002
      ],
      "exit_codes": [
        0,
        0,
        0,
        0,
        0,
        0,
        0,
        0,
        0,
        0
      ]
    }
  ]
}
