{
  "results": [
    {
      "command": "LOGOS (interpreted)",
      "mean": 0.48601947144,
      "stddev": 0.00468802872053516,
      "median": 0.48487324494,
      "user": 0.48365352,
      "system": 0.0020619199999999996,
      "min": 0.48132096494000004,
      "max": 0.49446808594,
      "times": [
        0.48132096494000004,
        0.48576417894,
        0.48275894494,
        0.48161897894,
        0.48458473794,
        0.49415276794,
        0.48377928594,
        0.49446808594,
        0.48516175194,
        0.48658501694
      ],
      "exit_codes": [
        0,
        0,
        0,
        0,
        0,
        0,
        0,
        0,
        0,
        0
      ]
    },
    {
      "command": "LOGOS (tiered)",
      "mean": 0.56565654234,
      "stddev": 0.00614237619994487,
      "median": 0.56369752154,
      "user": 0.5638140999999999,
      "system": 0.0016003999999999997,
      "min": 0.55843984504,
      "max": 0.57626784304,
      "times": [
        0.56017930504,
        0.56351621104,
        0.57626784304,
        0.56227209704,
        0.57376548004,
        0.56467770904,
        0.57209570004,
        0.56387883204,
        0.56147240104,
        0.55843984504
      ],
      "exit_codes": [
        0,
        0,
        0,
        0,
        0,
        0,
        0,
        0,
        0,
        0
      ]
    },
    {
      "command": "JavaScript (Node)",
      "mean": 0.24327580270000002,
      "stddev": 0.0029608417697546026,
      "median": 0.243615947,
      "user": 0.2420444,
      "system": 0.005195,
      "min": 0.23896017200000003,
      "max": 0.24890768000000002,
      "times": [
        0.23973555000000002,
        0.242612928,
        0.243246498,
        0.24890768000000002,
        0.24409053800000002,
        0.24442422000000003,
        0.24398539600000002,
        0.24595360200000002,
        0.24084144300000002,
        0.23896017200000003
      ],
      "exit_codes": [
        0,
        0,
        0,
        0,
        0,
        0,
        0,
        0,
        0,
        0
      ]
    }
  ]
}
