{
  "results": [
    {
      "command": "LOGOS (interpreted)",
      "mean": 0.2684263698799999,
      "stddev": 0.004891224024544219,
      "median": 0.26797521028,
      "user": 0.26538231999999995,
      "system": 0.0027911000000000004,
      "min": 0.26210527778,
      "max": 0.27607953277999997,
      "times": [
        0.26694671478,
        0.26210527778,
        0.26397861578,
        0.27236953578,
        0.27607953277999997,
        0.26494272178,
        0.26395972378,
        0.26973267578,
        0.27514519478,
        0.26900370578
      ],
      "exit_codes": [
        0,
        0,
        0,
        0,
        0,
        0,
        0,
        0,
        0,
        0
      ]
    },
    {
      "command": "LOGOS (tiered)",
      "mean": 0.33879198302,
      "stddev": 0.0048688033653393,
      "median": 0.33832490422000006,
      "user": 0.33563858,
      "system": 0.00291902,
      "min": 0.33288457722000003,
      "max": 0.34734087622000004,
      "times": [
        0.33629512522000005,
        0.34232336322,
        0.34375915622000003,
        0.33427538622,
        0.33288457722000003,
        0.34035468322,
        0.34734087622000004,
        0.33397019022,
        0.34114398622000003,
        0.33557248622
      ],
      "exit_codes": [
        0,
        0,
        0,
        0,
        0,
        0,
        0,
        0,
        0,
        0
      ]
    },
    {
      "command": "JavaScript (Node)",
      "mean": 0.2489547356,
      "stddev": 0.005364798360374815,
      "median": 0.24781076900000001,
      "user": 0.24686840000000002,
      "system": 0.0080919,
      "min": 0.24169077900000002,
      "max": 0.25618628400000004,
      "times": [
        0.24169077900000002,
        0.245866035,
        0.247990758,
        0.24763078000000002,
        0.253302364,
        0.24297435,
        0.25618628400000004,
        0.255432997,
        0.244495541,
        0.25397746800000004
      ],
      "exit_codes": [
        0,
        0,
        0,
        0,
        0,
        0,
        0,
        0,
        0,
        0
      ]
    }
  ]
}
