{
  "results": [
    {
      "command": "LOGOS (interpreted)",
      "mean": 0.31901791302000004,
      "stddev": 0.004453414767416459,
      "median": 0.32080857792000006,
      "user": 0.3164229,
      "system": 0.00234558,
      "min": 0.31127075392000003,
      "max": 0.32398294192,
      "times": [
        0.32079655292000003,
        0.32398294192,
        0.31432990592,
        0.32130345692,
        0.32247092792,
        0.32176025592,
        0.32082060292000003,
        0.31283442792,
        0.32060930392000003,
        0.31127075392000003
      ],
      "exit_codes": [
        0,
        0,
        0,
        0,
        0,
        0,
        0,
        0,
        0,
        0
      ]
    },
    {
      "command": "LOGOS (tiered)",
      "mean": 0.36587749418000004,
      "stddev": 0.007024469183928617,
      "median": 0.36557992898,
      "user": 0.36233634000000003,
      "system": 0.00322768,
      "min": 0.35430180348,
      "max": 0.37828616248,
      "times": [
        0.37828616248,
        0.35430180348,
        0.36967926348,
        0.37352443648000005,
        0.36673054348000006,
        0.36166247148,
        0.35829341448,
        0.36434132548000003,
        0.36442931448000004,
        0.36752620648000006
      ],
      "exit_codes": [
        0,
        0,
        0,
        0,
        0,
        0,
        0,
        0,
        0,
        0
      ]
    },
    {
      "command": "JavaScript (Node)",
      "mean": 0.24477763430000005,
      "stddev": 0.00513250842279519,
      "median": 0.24566223200000004,
      "user": 0.24137189999999994,
      "system": 0.008811799999999998,
      "min": 0.23860407500000003,
      "max": 0.25184516900000004,
      "times": [
        0.23860407500000003,
        0.249488486,
        0.24815487400000003,
        0.24316959000000002,
        0.23971660300000003,
        0.24880659600000002,
        0.25184516900000004,
        0.239882947,
        0.239258931,
        0.248849072
      ],
      "exit_codes": [
        0,
        0,
        0,
        0,
        0,
        0,
        0,
        0,
        0,
        0
      ]
    }
  ]
}
