{
  "results": [
    {
      "command": "LOGOS (interpreted)",
      "mean": 1.62525150462,
      "stddev": 0.0061465310419719565,
      "median": 1.62649174392,
      "user": 1.62086078,
      "system": 0.0038544399999999993,
      "min": 1.61471860342,
      "max": 1.63368738042,
      "times": [
        1.62850687942,
        1.61471860342,
        1.62646816542,
        1.6290394244200002,
        1.6192339094200001,
        1.63368738042,
        1.61899530142,
        1.62651532242,
        1.62304951342,
        1.63230054642
      ],
      "exit_codes": [
        0,
        0,
        0,
        0,
        0,
        0,
        0,
        0,
        0,
        0
      ]
    },
    {
      "command": "JavaScript (Node)",
      "mean": 0.24296863270000002,
      "stddev": 0.004830684212881304,
      "median": 0.24396893800000002,
      "user": 0.23990359999999997,
      "system": 0.0086231,
      "min": 0.237072247,
      "max": 0.24933043000000002,
      "times": [
        0.24521104200000002,
        0.23710355400000002,
        0.242726834,
        0.247165392,
        0.23720695500000002,
        0.24552316600000001,
        0.24835998,
        0.239986727,
        0.24933043000000002,
        0.237072247
      ],
      "exit_codes": [
        0,
        0,
        0,
        0,
        0,
        0,
        0,
        0,
        0,
        0
      ]
    }
  ]
}
