{
  "results": [
    {
      "command": "LOGOS (interpreted)",
      "mean": 0.35172293700000007,
      "stddev": 0.012162558196278607,
      "median": 0.3499562292,
      "user": 0.2821458,
      "system": 0.06932113999999999,
      "min": 0.3377591172,
      "max": 0.3754596232,
      "times": [
        0.3754596232,
        0.3593348382,
        0.3622768582,
        0.3516357912,
        0.3410940082,
        0.3482766672,
        0.3441451762,
        0.3586763412,
        0.33857094919999997,
        0.3377591172
      ],
      "exit_codes": [
        0,
        0,
        0,
        0,
        0,
        0,
        0,
        0,
        0,
        0
      ]
    },
    {
      "command": "LOGOS (tiered)",
      "mean": 0.34815176134000003,
      "stddev": 0.012231751889202483,
      "median": 0.35082593784000005,
      "user": 0.27806845999999996,
      "system": 0.06983406,
      "min": 0.33078315034000005,
      "max": 0.36318337434000003,
      "times": [
        0.33171645334000005,
        0.35914655134000006,
        0.36318337434000003,
        0.34934975234000004,
        0.35747074134000006,
        0.33078315034000005,
        0.35230212334000005,
        0.34837671334000003,
        0.33240720434000004,
        0.35678154934000006
      ],
      "exit_codes": [
        0,
        0,
        0,
        0,
        0,
        0,
        0,
        0,
        0,
        0
      ]
    },
    {
      "command": "JavaScript (Node)",
      "mean": 0.24931288290000006,
      "stddev": 0.00591686406251866,
      "median": 0.2511067275,
      "user": 0.1969054,
      "system": 0.0664708,
      "min": 0.241399578,
      "max": 0.25869190000000003,
      "times": [
        0.24695286300000002,
        0.253166806,
        0.24272479600000002,
        0.25149423600000004,
        0.241399578,
        0.25869190000000003,
        0.24141606200000001,
        0.250719219,
        0.25309034,
        0.253473029
      ],
      "exit_codes": [
        0,
        0,
        0,
        0,
        0,
        0,
        0,
        0,
        0,
        0
      ]
    },
    {
      "command": "Python",
      "mean": 1.3134428682000001,
      "stddev": 0.022730773933305665,
      "median": 1.3109929905,
      "user": 1.2927841,
      "system": 0.0204005,
      "min": 1.272982611,
      "max": 1.341755901,
      "times": [
        1.337038378,
        1.287765946,
        1.305987383,
        1.330723882,
        1.335004062,
        1.341755901,
        1.308337161,
        1.31364882,
        1.272982611,
        1.301184538
      ],
      "exit_codes": [
        0,
        0,
        0,
        0,
        0,
        0,
        0,
        0,
        0,
        0
      ]
    },
    {
      "command": "Ruby",
      "mean": 1.0644210048000002,
      "stddev": 0.006636286520509644,
      "median": 1.062845336,
      "user": 1.0416752,
      "system": 0.0224945,
      "min": 1.056836721,
      "max": 1.076489995,
      "times": [
        1.076489995,
        1.0646537,
        1.0627179820000001,
        1.06297269,
        1.056836721,
        1.070751802,
        1.057866229,
        1.058470233,
        1.072159177,
        1.061291519
      ],
      "exit_codes": [
        0,
        0,
        0,
        0,
        0,
        0,
        0,
        0,
        0,
        0
      ]
    }
  ]
}
