{
  "results": [
    {
      "command": "LOGOS (interpreted)",
      "mean": 0.59589066892,
      "stddev": 0.005482203585800311,
      "median": 0.59503677422,
      "user": 0.52310828,
      "system": 0.07259681999999998,
      "min": 0.5891779837200001,
      "max": 0.6049483987200001,
      "times": [
        0.5908034817200001,
        0.59967794472,
        0.60060474172,
        0.59027336772,
        0.60139783572,
        0.5919493867200001,
        0.59605364272,
        0.5891779837200001,
        0.6049483987200001,
        0.5940199057200001
      ],
      "exit_codes": [
        0,
        0,
        0,
        0,
        0,
        0,
        0,
        0,
        0,
        0
      ]
    },
    {
      "command": "JavaScript (Node)",
      "mean": 0.24345312850000003,
      "stddev": 0.0043314139744392525,
      "median": 0.2442046985,
      "user": 0.1925189,
      "system": 0.06539239999999999,
      "min": 0.234716536,
      "max": 0.24939593000000002,
      "times": [
        0.24939593000000002,
        0.24571220100000002,
        0.234716536,
        0.241436488,
        0.24422769900000002,
        0.24778413100000002,
        0.24093451000000002,
        0.23979146,
        0.246350632,
        0.244181698
      ],
      "exit_codes": [
        0,
        0,
        0,
        0,
        0,
        0,
        0,
        0,
        0,
        0
      ]
    },
    {
      "command": "Python",
      "mean": 1.2587015115999998,
      "stddev": 0.013068540650679753,
      "median": 1.2543069575,
      "user": 1.2356308999999999,
      "system": 0.0228006,
      "min": 1.248872467,
      "max": 1.291645306,
      "times": [
        1.249233174,
        1.264846081,
        1.248872467,
        1.263264791,
        1.260963191,
        1.2557746760000001,
        1.249751743,
        1.252839239,
        1.249824448,
        1.291645306
      ],
      "exit_codes": [
        0,
        0,
        0,
        0,
        0,
        0,
        0,
        0,
        0,
        0
      ]
    },
    {
      "command": "Ruby",
      "mean": 1.0497279674999997,
      "stddev": 0.005158942839748736,
      "median": 1.0488710365,
      "user": 1.0280044999999998,
      "system": 0.021497599999999995,
      "min": 1.039675585,
      "max": 1.057258046,
      "times": [
        1.047965314,
        1.049159369,
        1.050796786,
        1.052544569,
        1.039675585,
        1.048004763,
        1.048582704,
        1.046278167,
        1.057014372,
        1.057258046
      ],
      "exit_codes": [
        0,
        0,
        0,
        0,
        0,
        0,
        0,
        0,
        0,
        0
      ]
    }
  ]
}
