{
  "results": [
    {
      "command": "LOGOS (interpreted)",
      "mean": 0.40805096137999997,
      "stddev": 0.008505433824176529,
      "median": 0.40790557448,
      "user": 0.32857181999999996,
      "system": 0.07897257999999999,
      "min": 0.39284844198,
      "max": 0.42375754798,
      "times": [
        0.40312102998,
        0.40182160698,
        0.39284844198,
        0.41748625698,
        0.40704421698,
        0.40522686198,
        0.42375754798,
        0.40916067698,
        0.40876693198,
        0.41127604198
      ],
      "exit_codes": [
        0,
        0,
        0,
        0,
        0,
        0,
        0,
        0,
        0,
        0
      ]
    },
    {
      "command": "LOGOS (tiered)",
      "mean": 0.40539349704000005,
      "stddev": 0.010774100889558632,
      "median": 0.40577620134000003,
      "user": 0.32657336,
      "system": 0.07816967999999999,
      "min": 0.38659146134,
      "max": 0.41984836834,
      "times": [
        0.40579507634,
        0.41984836834,
        0.38977005334000003,
        0.38659146134,
        0.41141525434000004,
        0.40326400534,
        0.41481340934000005,
        0.40575732634,
        0.40159497734000005,
        0.41508503834000005
      ],
      "exit_codes": [
        0,
        0,
        0,
        0,
        0,
        0,
        0,
        0,
        0,
        0
      ]
    },
    {
      "command": "JavaScript (Node)",
      "mean": 0.2500731567,
      "stddev": 0.008676297066062754,
      "median": 0.2497473645,
      "user": 0.2008597,
      "system": 0.06415799999999999,
      "min": 0.23980630600000002,
      "max": 0.265342868,
      "times": [
        0.252562958,
        0.250302744,
        0.24202461400000003,
        0.244171136,
        0.26373140500000003,
        0.265342868,
        0.243294807,
        0.23980630600000002,
        0.25017169300000003,
        0.24932303600000003
      ],
      "exit_codes": [
        0,
        0,
        0,
        0,
        0,
        0,
        0,
        0,
        0,
        0
      ]
    },
    {
      "command": "Python",
      "mean": 1.3295697979999999,
      "stddev": 0.022420641431694352,
      "median": 1.3235385105,
      "user": 1.3090221,
      "system": 0.020298699999999996,
      "min": 1.3002321970000001,
      "max": 1.358143528,
      "times": [
        1.358143528,
        1.322326516,
        1.324750505,
        1.352337216,
        1.311182793,
        1.309128907,
        1.35753428,
        1.3002321970000001,
        1.311128402,
        1.348933636
      ],
      "exit_codes": [
        0,
        0,
        0,
        0,
        0,
        0,
        0,
        0,
        0,
        0
      ]
    },
    {
      "command": "Ruby",
      "mean": 1.0737983584,
      "stddev": 0.00926526954976703,
      "median": 1.0702878349999998,
      "user": 1.0501018,
      "system": 0.0234016,
      "min": 1.063738488,
      "max": 1.090465585,
      "times": [
        1.069435134,
        1.069180796,
        1.067046545,
        1.071140536,
        1.090465585,
        1.077007184,
        1.073898352,
        1.063738488,
        1.089313468,
        1.066757496
      ],
      "exit_codes": [
        0,
        0,
        0,
        0,
        0,
        0,
        0,
        0,
        0,
        0
      ]
    }
  ]
}
