{
  "results": [
    {
      "command": "LOGOS (interpreted)",
      "mean": 0.6415644552599999,
      "stddev": 0.005653962512686069,
      "median": 0.63933356146,
      "user": 0.6392610599999999,
      "system": 0.0020753200000000003,
      "min": 0.6348763149600001,
      "max": 0.6502497619600001,
      "times": [
        0.6369860349600001,
        0.64688284896,
        0.63847766096,
        0.63920451696,
        0.63946260596,
        0.6496434819600001,
        0.6348763149600001,
        0.64368352896,
        0.6502497619600001,
        0.6361777969600001
      ],
      "exit_codes": [
        0,
        0,
        0,
        0,
        0,
        0,
        0,
        0,
        0,
        0
      ]
    },
    {
      "command": "LOGOS (tiered)",
      "mean": 1.386249077,
      "stddev": 0.0072361651040842604,
      "median": 1.3876563275,
      "user": 1.3838955,
      "system": 0.00213132,
      "min": 1.3743135485,
      "max": 1.3980173445000001,
      "times": [
        1.3870441055,
        1.3897266395,
        1.3818565795,
        1.3765523995,
        1.3930576595,
        1.3743135485,
        1.3842616535,
        1.3980173445000001,
        1.3893922905,
        1.3882685495
      ],
      "exit_codes": [
        0,
        0,
        0,
        0,
        0,
        0,
        0,
        0,
        0,
        0
      ]
    },
    {
      "command": "JavaScript (Node)",
      "mean": 0.2498217844,
      "stddev": 0.004762836773054695,
      "median": 0.24953751050000003,
      "user": 0.2460582,
      "system": 0.0074100999999999985,
      "min": 0.2434096,
      "max": 0.258802762,
      "times": [
        0.252694205,
        0.246876753,
        0.244402109,
        0.258802762,
        0.253410048,
        0.2434096,
        0.246655548,
        0.25087976100000003,
        0.24819526000000003,
        0.252891798
      ],
      "exit_codes": [
        0,
        0,
        0,
        0,
        0,
        0,
        0,
        0,
        0,
        0
      ]
    }
  ]
}
