{
  "results": [
    {
      "command": "LOGOS (interpreted)",
      "mean": 0.6501004109199999,
      "stddev": 0.005046845119145498,
      "median": 0.6500439153199999,
      "user": 0.6475230399999999,
      "system": 0.0021969999999999997,
      "min": 0.64225050732,
      "max": 0.65816373532,
      "times": [
        0.65010748432,
        0.64591691632,
        0.65043547532,
        0.65816373532,
        0.64225050732,
        0.64422262232,
        0.64998034632,
        0.65417613232,
        0.64984165732,
        0.65590923232
      ],
      "exit_codes": [
        0,
        0,
        0,
        0,
        0,
        0,
        0,
        0,
        0,
        0
      ]
    },
    {
      "command": "JavaScript (Node)",
      "mean": 0.24974033,
      "stddev": 0.004122964949380453,
      "median": 0.2492140645,
      "user": 0.24701479999999995,
      "system": 0.0066,
      "min": 0.24485726800000002,
      "max": 0.258260353,
      "times": [
        0.24485726800000002,
        0.25265017300000003,
        0.258260353,
        0.246237629,
        0.25015311,
        0.24551853,
        0.247548502,
        0.248275019,
        0.25121113700000003,
        0.252691579
      ],
      "exit_codes": [
        0,
        0,
        0,
        0,
        0,
        0,
        0,
        0,
        0,
        0
      ]
    }
  ]
}
