{
  "results": [
    {
      "command": "LOGOS (interpreted)",
      "mean": 0.24025120817999998,
      "stddev": 0.0031118039368147566,
      "median": 0.23985948258,
      "user": 0.22852918,
      "system": 0.01144616,
      "min": 0.23504959558000002,
      "max": 0.24638162758,
      "times": [
        0.24126411058000002,
        0.23985642358,
        0.23986254158,
        0.24368138758000002,
        0.23504959558000002,
        0.24638162758,
        0.23783335158000002,
        0.24038547958,
        0.23843100658000002,
        0.23976655758
      ],
      "exit_codes": [
        0,
        0,
        0,
        0,
        0,
        0,
        0,
        0,
        0,
        0
      ]
    },
    {
      "command": "LOGOS (tiered)",
      "mean": 0.24785044802000003,
      "stddev": 0.0044898969727381124,
      "median": 0.24844199952,
      "user": 0.2362116,
      "system": 0.011330959999999998,
      "min": 0.23977353852,
      "max": 0.25345066252000004,
      "times": [
        0.23977353852,
        0.24993845052,
        0.25345066252000004,
        0.24694554852,
        0.25302494752000004,
        0.24678658052,
        0.24373713852,
        0.25000163152000004,
        0.24356064052,
        0.25128534152000004
      ],
      "exit_codes": [
        0,
        0,
        0,
        0,
        0,
        0,
        0,
        0,
        0,
        0
      ]
    },
    {
      "command": "JavaScript (Node)",
      "mean": 0.1894596119,
      "stddev": 0.0029577999590363144,
      "median": 0.18922304900000003,
      "user": 0.18429800000000002,
      "system": 0.0062996,
      "min": 0.185294544,
      "max": 0.193958808,
      "times": [
        0.18601167600000001,
        0.187386932,
        0.185294544,
        0.19006235100000002,
        0.19326072500000002,
        0.187857308,
        0.191657563,
        0.18838374700000002,
        0.190722465,
        0.193958808
      ],
      "exit_codes": [
        0,
        0,
        0,
        0,
        0,
        0,
        0,
        0,
        0,
        0
      ]
    },
    {
      "command": "Python",
      "mean": 3.9513213497999997,
      "stddev": 0.014721734908653266,
      "median": 3.9483749865,
      "user": 3.9487304,
      "system": 0.0021999999999999997,
      "min": 3.928255321,
      "max": 3.97686392,
      "times": [
        3.947977548,
        3.948772425,
        3.951906266,
        3.947194054,
        3.974822778,
        3.947616361,
        3.928255321,
        3.97686392,
        3.951328781,
        3.938476044
      ],
      "exit_codes": [
        0,
        0,
        0,
        0,
        0,
        0,
        0,
        0,
        0,
        0
      ]
    },
    {
      "command": "Ruby",
      "mean": 2.9093313157000003,
      "stddev": 0.019425467314399075,
      "median": 2.90344817,
      "user": 2.9000809,
      "system": 0.0088996,
      "min": 2.889076282,
      "max": 2.947270322,
      "times": [
        2.892178711,
        2.947270322,
        2.917100575,
        2.898670226,
        2.934126201,
        2.891152534,
        2.916841966,
        2.90536979,
        2.889076282,
        2.90152655
      ],
      "exit_codes": [
        0,
        0,
        0,
        0,
        0,
        0,
        0,
        0,
        0,
        0
      ]
    }
  ]
}
