{
  "results": [
    {
      "command": "LOGOS (interpreted)",
      "mean": 0.23396523413999998,
      "stddev": 0.005688447273430038,
      "median": 0.23229842514000001,
      "user": 0.22228846,
      "system": 0.011504499999999999,
      "min": 0.22711558364,
      "max": 0.24185920064000002,
      "times": [
        0.22999522564000002,
        0.22901511164000002,
        0.23961466064,
        0.22791479264,
        0.23195552964000002,
        0.23264132064,
        0.23969293564000002,
        0.24185920064000002,
        0.22711558364,
        0.23984798064
      ],
      "exit_codes": [
        0,
        0,
        0,
        0,
        0,
        0,
        0,
        0,
        0,
        0
      ]
    },
    {
      "command": "LOGOS (tiered)",
      "mean": 0.24700633890000004,
      "stddev": 0.003538050066775341,
      "median": 0.2466478391,
      "user": 0.23418737999999997,
      "system": 0.012638940000000001,
      "min": 0.24145911960000002,
      "max": 0.25086617860000004,
      "times": [
        0.25084425860000004,
        0.2457441866,
        0.2428198286,
        0.25086617860000004,
        0.25011584960000005,
        0.25081409060000004,
        0.2448753676,
        0.24145911960000002,
        0.2449730176,
        0.2475514916
      ],
      "exit_codes": [
        0,
        0,
        0,
        0,
        0,
        0,
        0,
        0,
        0,
        0
      ]
    },
    {
      "command": "JavaScript (Node)",
      "mean": 0.19302538460000002,
      "stddev": 0.0036396817155888513,
      "median": 0.19391492850000003,
      "user": 0.18724579999999996,
      "system": 0.0070114999999999995,
      "min": 0.187522651,
      "max": 0.197726544,
      "times": [
        0.197726544,
        0.194244828,
        0.19447560700000002,
        0.19053103400000002,
        0.196102104,
        0.187522651,
        0.19358502900000002,
        0.191208493,
        0.187779035,
        0.197078521
      ],
      "exit_codes": [
        0,
        0,
        0,
        0,
        0,
        0,
        0,
        0,
        0,
        0
      ]
    },
    {
      "command": "Python",
      "mean": 3.868770021600001,
      "stddev": 0.017175629212947498,
      "median": 3.865096791,
      "user": 3.8666083999999996,
      "system": 0.0018999,
      "min": 3.849635772,
      "max": 3.9087807210000003,
      "times": [
        3.855381483,
        3.849635772,
        3.9087807210000003,
        3.866737478,
        3.856495801,
        3.879485913,
        3.863456104,
        3.867115288,
        3.860219196,
        3.88039246
      ],
      "exit_codes": [
        0,
        0,
        0,
        0,
        0,
        0,
        0,
        0,
        0,
        0
      ]
    },
    {
      "command": "Ruby",
      "mean": 2.922394936599999,
      "stddev": 0.06979467255222774,
      "median": 2.9026159065000003,
      "user": 2.9126902,
      "system": 0.0093996,
      "min": 2.866541386,
      "max": 3.113415177,
      "times": [
        2.9025584,
        2.898273771,
        2.925540211,
        2.866541386,
        2.894126371,
        3.113415177,
        2.932555148,
        2.902673413,
        2.880729,
        2.907536489
      ],
      "exit_codes": [
        0,
        0,
        0,
        0,
        0,
        0,
        0,
        0,
        0,
        0
      ]
    }
  ]
}
