{
  "results": [
    {
      "command": "LOGOS (interpreted)",
      "mean": 0.74472093396,
      "stddev": 0.00550570180790904,
      "median": 0.7438133038600001,
      "user": 0.7331896999999998,
      "system": 0.01126582,
      "min": 0.73826056236,
      "max": 0.75664268936,
      "times": [
        0.74360188136,
        0.73861172336,
        0.74985216736,
        0.74402472636,
        0.74195766336,
        0.74659088436,
        0.74616308536,
        0.75664268936,
        0.74150395636,
        0.73826056236
      ],
      "exit_codes": [
        0,
        0,
        0,
        0,
        0,
        0,
        0,
        0,
        0,
        0
      ]
    },
    {
      "command": "JavaScript (Node)",
      "mean": 0.1907931055,
      "stddev": 0.0046009288551295624,
      "median": 0.188931485,
      "user": 0.1867905,
      "system": 0.005113099999999999,
      "min": 0.186005615,
      "max": 0.20003542600000002,
      "times": [
        0.188547705,
        0.195588972,
        0.186005615,
        0.192360298,
        0.189315265,
        0.194173501,
        0.18741570200000002,
        0.20003542600000002,
        0.186386403,
        0.18810216800000001
      ],
      "exit_codes": [
        0,
        0,
        0,
        0,
        0,
        0,
        0,
        0,
        0,
        0
      ]
    },
    {
      "command": "Python",
      "mean": 3.8568309859000003,
      "stddev": 0.031340812724437735,
      "median": 3.8570273100000003,
      "user": 3.8542982,
      "system": 0.0023001000000000002,
      "min": 3.820230892,
      "max": 3.906041375,
      "times": [
        3.86954769,
        3.82492425,
        3.82643411,
        3.900629634,
        3.86700905,
        3.820230892,
        3.906041375,
        3.84704557,
        3.8736144560000003,
        3.8328328320000002
      ],
      "exit_codes": [
        0,
        0,
        0,
        0,
        0,
        0,
        0,
        0,
        0,
        0
      ]
    },
    {
      "command": "Ruby",
      "mean": 2.9170861116,
      "stddev": 0.04147018508533699,
      "median": 2.902844297,
      "user": 2.9084259999999995,
      "system": 0.0083997,
      "min": 2.872749881,
      "max": 2.985756961,
      "times": [
        2.901228572,
        2.872749881,
        2.876394248,
        2.9044600220000003,
        2.879675354,
        2.981441369,
        2.932965088,
        2.896478253,
        2.939711368,
        2.985756961
      ],
      "exit_codes": [
        0,
        0,
        0,
        0,
        0,
        0,
        0,
        0,
        0,
        0
      ]
    }
  ]
}
