{
  "results": [
    {
      "command": "LOGOS (interpreted)",
      "mean": 0.29885319369999996,
      "stddev": 0.006421574944352533,
      "median": 0.2996268691,
      "user": 0.29733677999999997,
      "system": 0.0012655,
      "min": 0.2886780431,
      "max": 0.3110576921,
      "times": [
        0.3110576921,
        0.2977349171,
        0.2989928081,
        0.29976453610000003,
        0.29961425210000003,
        0.2886780431,
        0.2996394861,
        0.3018783051,
        0.30209928210000003,
        0.28907261510000004
      ],
      "exit_codes": [
        0,
        0,
        0,
        0,
        0,
        0,
        0,
        0,
        0,
        0
      ]
    },
    {
      "command": "LOGOS (tiered)",
      "mean": 0.42192336614000003,
      "stddev": 0.004447066002831463,
      "median": 0.42380394544000005,
      "user": 0.41975147999999995,
      "system": 0.0019324999999999998,
      "min": 0.41534364294000004,
      "max": 0.42741111094000006,
      "times": [
        0.41831546194,
        0.42472628794000006,
        0.42364536294000005,
        0.42565266594000006,
        0.42396252794000006,
        0.42741111094000006,
        0.41709834894000003,
        0.41534364294000004,
        0.41711764894000003,
        0.42596060294000004
      ],
      "exit_codes": [
        0,
        0,
        0,
        0,
        0,
        0,
        0,
        0,
        0,
        0
      ]
    },
    {
      "command": "JavaScript (Node)",
      "mean": 0.2507997414,
      "stddev": 0.004679464575514811,
      "median": 0.24958154250000003,
      "user": 0.2463319,
      "system": 0.0057056,
      "min": 0.246261681,
      "max": 0.259179117,
      "times": [
        0.25281696800000003,
        0.252007971,
        0.247772439,
        0.25788645,
        0.246261681,
        0.24632224500000002,
        0.250126624,
        0.246587458,
        0.24903646100000001,
        0.259179117
      ],
      "exit_codes": [
        0,
        0,
        0,
        0,
        0,
        0,
        0,
        0,
        0,
        0
      ]
    }
  ]
}
