{
  "results": [
    {
      "command": "LOGOS (interpreted)",
      "mean": 0.7395198313000001,
      "stddev": 0.006857715776011959,
      "median": 0.7400610001000001,
      "user": 0.7381254399999999,
      "system": 0.0012303,
      "min": 0.7302762906000001,
      "max": 0.7536643326000001,
      "times": [
        0.7423010916,
        0.7397044216,
        0.7404175786,
        0.7414226116,
        0.7536643326000001,
        0.7451213146000001,
        0.7328603696,
        0.7333635826,
        0.7360667196,
        0.7302762906000001
      ],
      "exit_codes": [
        0,
        0,
        0,
        0,
        0,
        0,
        0,
        0,
        0,
        0
      ]
    },
    {
      "command": "JavaScript (Node)",
      "mean": 0.24771362710000006,
      "stddev": 0.004832025789508545,
      "median": 0.24690878500000002,
      "user": 0.24292069999999993,
      "system": 0.0059923,
      "min": 0.243009419,
      "max": 0.256275385,
      "times": [
        0.243009419,
        0.244279034,
        0.24341979400000002,
        0.247284781,
        0.256275385,
        0.246532789,
        0.256246772,
        0.248128751,
        0.247374742,
        0.24458480400000002
      ],
      "exit_codes": [
        0,
        0,
        0,
        0,
        0,
        0,
        0,
        0,
        0,
        0
      ]
    }
  ]
}
