{
  "results": [
    {
      "command": "LOGOS (interpreted)",
      "mean": 0.29028511284,
      "stddev": 0.005074302662472824,
      "median": 0.28852962694,
      "user": 0.28867734,
      "system": 0.0014277799999999996,
      "min": 0.28585520094,
      "max": 0.30124645394,
      "times": [
        0.29039686994,
        0.29379793894,
        0.28643036694,
        0.28643236794,
        0.28631397094,
        0.28585520094,
        0.28666238394,
        0.29088608494,
        0.30124645394,
        0.29482948994
      ],
      "exit_codes": [
        0,
        0,
        0,
        0,
        0,
        0,
        0,
        0,
        0,
        0
      ]
    },
    {
      "command": "LOGOS (tiered)",
      "mean": 0.4141689052200001,
      "stddev": 0.003972205556757696,
      "median": 0.41221500162,
      "user": 0.4118705799999999,
      "system": 0.00205916,
      "min": 0.40971826712000003,
      "max": 0.41962527012,
      "times": [
        0.41854720112000005,
        0.41079621112000003,
        0.41152761512,
        0.41243688312000004,
        0.40971826712000003,
        0.41962527012,
        0.41054340412,
        0.41765597512,
        0.41884510512,
        0.41199312012000006
      ],
      "exit_codes": [
        0,
        0,
        0,
        0,
        0,
        0,
        0,
        0,
        0,
        0
      ]
    },
    {
      "command": "JavaScript (Node)",
      "mean": 0.24650882690000006,
      "stddev": 0.002780719373386616,
      "median": 0.2453865175,
      "user": 0.24085989999999996,
      "system": 0.0071086,
      "min": 0.244239801,
      "max": 0.253423294,
      "times": [
        0.245562988,
        0.253423294,
        0.24430757400000003,
        0.24874688,
        0.24521004700000001,
        0.24639329100000001,
        0.24699567400000003,
        0.24513605100000002,
        0.244239801,
        0.24507266900000002
      ],
      "exit_codes": [
        0,
        0,
        0,
        0,
        0,
        0,
        0,
        0,
        0,
        0
      ]
    }
  ]
}
