{
  "results": [
    {
      "command": "LOGOS (interpreted)",
      "mean": 0.5872205455399999,
      "stddev": 0.0038283693419967012,
      "median": 0.58633219734,
      "user": 0.49091594,
      "system": 0.09602259999999999,
      "min": 0.58295598484,
      "max": 0.59463686584,
      "times": [
        0.5877153108400001,
        0.59079057284,
        0.58494908384,
        0.58459214684,
        0.58295598484,
        0.58361730784,
        0.59463686584,
        0.5899180888400001,
        0.58402446484,
        0.5890056288400001
      ],
      "exit_codes": [
        0,
        0,
        0,
        0,
        0,
        0,
        0,
        0,
        0,
        0
      ]
    },
    {
      "command": "JavaScript (Node)",
      "mean": 0.25103329280000003,
      "stddev": 0.006419239515206869,
      "median": 0.25018380900000003,
      "user": 0.1937481,
      "system": 0.05999,
      "min": 0.24345959600000003,
      "max": 0.263532823,
      "times": [
        0.254169029,
        0.24755415500000003,
        0.245140457,
        0.256263532,
        0.25539928700000003,
        0.24345959600000003,
        0.263532823,
        0.252813463,
        0.245582356,
        0.24641823000000002
      ],
      "exit_codes": [
        0,
        0,
        0,
        0,
        0,
        0,
        0,
        0,
        0,
        0
      ]
    },
    {
      "command": "Python",
      "mean": 5.3471155327,
      "stddev": 0.09599121869152545,
      "median": 5.3570807745,
      "user": 5.089747099999999,
      "system": 0.25688269999999996,
      "min": 5.203685219,
      "max": 5.523155597,
      "times": [
        5.425741248,
        5.403854583,
        5.283026387,
        5.276948302,
        5.523155597,
        5.392145394,
        5.203685219,
        5.248437048,
        5.335051909,
        5.37910964
      ],
      "exit_codes": [
        0,
        0,
        0,
        0,
        0,
        0,
        0,
        0,
        0,
        0
      ]
    },
    {
      "command": "Ruby",
      "mean": 1.7838201081,
      "stddev": 0.013557474252863534,
      "median": 1.77939343,
      "user": 1.7301963999999999,
      "system": 0.05339370000000001,
      "min": 1.76892785,
      "max": 1.8100659280000002,
      "times": [
        1.774903236,
        1.76892785,
        1.7742917,
        1.802941029,
        1.780310037,
        1.778476823,
        1.781931522,
        1.774164092,
        1.8100659280000002,
        1.792188864
      ],
      "exit_codes": [
        0,
        0,
        0,
        0,
        0,
        0,
        0,
        0,
        0,
        0
      ]
    }
  ]
}
