{
  "results": [
    {
      "command": "LOGOS (interpreted)",
      "mean": 0.16634177794000005,
      "stddev": 0.004387727224535199,
      "median": 0.16609755944000001,
      "user": 0.1406825,
      "system": 0.02538112,
      "min": 0.16196713644000002,
      "max": 0.17362743444,
      "times": [
        0.16196713644000002,
        0.17362743444,
        0.16814955044000002,
        0.16780376944000003,
        0.16234678344000003,
        0.16748039644,
        0.17283071944000003,
        0.16471472244000002,
        0.16250146144000002,
        0.16199580544000003
      ],
      "exit_codes": [
        0,
        0,
        0,
        0,
        0,
        0,
        0,
        0,
        0,
        0
      ]
    },
    {
      "command": "LOGOS (tiered)",
      "mean": 0.16466457220000003,
      "stddev": 0.00323514052774429,
      "median": 0.1651615186,
      "user": 0.14065128,
      "system": 0.023770759999999995,
      "min": 0.1581325226,
      "max": 0.1691554676,
      "times": [
        0.1645892006,
        0.1671368556,
        0.1620812496,
        0.1651340586,
        0.1616564816,
        0.1581325226,
        0.1691554676,
        0.1669030726,
        0.1651889786,
        0.1666678346
      ],
      "exit_codes": [
        0,
        0,
        0,
        0,
        0,
        0,
        0,
        0,
        0,
        0
      ]
    },
    {
      "command": "JavaScript (Node)",
      "mean": 0.24886726929999997,
      "stddev": 0.005655748271921962,
      "median": 0.24976336300000002,
      "user": 0.1933721,
      "system": 0.0581405,
      "min": 0.237169192,
      "max": 0.257290191,
      "times": [
        0.250434524,
        0.24977818200000002,
        0.243612242,
        0.24885700200000002,
        0.25205272900000003,
        0.237169192,
        0.24974854400000002,
        0.257290191,
        0.254124175,
        0.245605912
      ],
      "exit_codes": [
        0,
        0,
        0,
        0,
        0,
        0,
        0,
        0,
        0,
        0
      ]
    },
    {
      "command": "Python",
      "mean": 5.4951216617,
      "stddev": 0.09178659382585179,
      "median": 5.488227877,
      "user": 5.2562690000000005,
      "system": 0.23829379999999997,
      "min": 5.373918084,
      "max": 5.646213679,
      "times": [
        5.395587795,
        5.420364017,
        5.600788064,
        5.567747508,
        5.646213679,
        5.433255042,
        5.5069557,
        5.469500054,
        5.536886674,
        5.373918084
      ],
      "exit_codes": [
        0,
        0,
        0,
        0,
        0,
        0,
        0,
        0,
        0,
        0
      ]
    },
    {
      "command": "Ruby",
      "mean": 1.7780190179000002,
      "stddev": 0.008360051097496124,
      "median": 1.7807984435000002,
      "user": 1.7200694000000003,
      "system": 0.057595299999999995,
      "min": 1.765305876,
      "max": 1.788826687,
      "times": [
        1.788826687,
        1.7680575900000002,
        1.7813035830000001,
        1.7802933040000002,
        1.7823702840000002,
        1.76765719,
        1.776380223,
        1.765305876,
        1.787119321,
        1.7828761210000001
      ],
      "exit_codes": [
        0,
        0,
        0,
        0,
        0,
        0,
        0,
        0,
        0,
        0
      ]
    }
  ]
}
