{
  "results": [
    {
      "command": "LOGOS (interpreted)",
      "mean": 0.16368999886000002,
      "stddev": 0.005106626581243144,
      "median": 0.16423537106000002,
      "user": 0.1361901,
      "system": 0.027334740000000003,
      "min": 0.15669629606000002,
      "max": 0.17329881206,
      "times": [
        0.17329881206,
        0.16382780006,
        0.16586120706000002,
        0.15826033406,
        0.15669629606000002,
        0.16771542606,
        0.16097786806,
        0.16464294206000002,
        0.15873378906000002,
        0.16688551406000002
      ],
      "exit_codes": [
        0,
        0,
        0,
        0,
        0,
        0,
        0,
        0,
        0,
        0
      ]
    },
    {
      "command": "LOGOS (tiered)",
      "mean": 0.16398998524000002,
      "stddev": 0.0037892732389461915,
      "median": 0.16278248874,
      "user": 0.13634103999999997,
      "system": 0.027450419999999996,
      "min": 0.15993392924000002,
      "max": 0.17191744524000002,
      "times": [
        0.16174248324,
        0.16007165024000003,
        0.16837574324000001,
        0.16484570224000003,
        0.16338669824000002,
        0.16542272524,
        0.15993392924000002,
        0.16217827924000003,
        0.17191744524000002,
        0.16202519624000003
      ],
      "exit_codes": [
        0,
        0,
        0,
        0,
        0,
        0,
        0,
        0,
        0,
        0
      ]
    },
    {
      "command": "JavaScript (Node)",
      "mean": 0.2568958505,
      "stddev": 0.006371198810949636,
      "median": 0.25647303450000003,
      "user": 0.1954666,
      "system": 0.0640597,
      "min": 0.247305405,
      "max": 0.271438858,
      "times": [
        0.255307126,
        0.247305405,
        0.257124575,
        0.261608125,
        0.257290531,
        0.271438858,
        0.25465149000000004,
        0.256638453,
        0.251286326,
        0.256307616
      ],
      "exit_codes": [
        0,
        0,
        0,
        0,
        0,
        0,
        0,
        0,
        0,
        0
      ]
    },
    {
      "command": "Python",
      "mean": 5.332661952900001,
      "stddev": 0.09997873852778208,
      "median": 5.3112199315,
      "user": 5.0647446,
      "system": 0.2674815,
      "min": 5.23886432,
      "max": 5.593334567,
      "times": [
        5.313291788,
        5.315316086,
        5.23886432,
        5.24665658,
        5.380316834,
        5.329832226,
        5.309148075,
        5.593334567,
        5.290824632,
        5.309034421
      ],
      "exit_codes": [
        0,
        0,
        0,
        0,
        0,
        0,
        0,
        0,
        0,
        0
      ]
    },
    {
      "command": "Ruby",
      "mean": 1.7792521525000002,
      "stddev": 0.015678221330229745,
      "median": 1.7760858745,
      "user": 1.7198323999999996,
      "system": 0.05909829999999999,
      "min": 1.758950149,
      "max": 1.814417519,
      "times": [
        1.778331111,
        1.758950149,
        1.773840638,
        1.789708583,
        1.784947581,
        1.7724561730000001,
        1.762105471,
        1.783937335,
        1.814417519,
        1.773826965
      ],
      "exit_codes": [
        0,
        0,
        0,
        0,
        0,
        0,
        0,
        0,
        0,
        0
      ]
    }
  ]
}
