{
  "results": [
    {
      "command": "LOGOS (interpreted)",
      "mean": 0.38002577488,
      "stddev": 0.0021308764753299467,
      "median": 0.37971584518,
      "user": 0.37820089999999995,
      "system": 0.0015339,
      "min": 0.37682833468000004,
      "max": 0.38381698368,
      "times": [
        0.37935155168,
        0.38274897468,
        0.38381698368,
        0.37973505468,
        0.37763692668000004,
        0.37969663568,
        0.37896004768,
        0.38115292268,
        0.37682833468000004,
        0.38033031668
      ],
      "exit_codes": [
        0,
        0,
        0,
        0,
        0,
        0,
        0,
        0,
        0,
        0
      ]
    },
    {
      "command": "LOGOS (tiered)",
      "mean": 0.3775144745600001,
      "stddev": 0.0016305656698869448,
      "median": 0.37737590716,
      "user": 0.37624867999999995,
      "system": 0.0010152,
      "min": 0.37465969666000004,
      "max": 0.38064074666000003,
      "times": [
        0.37700639666,
        0.37731769066000004,
        0.37741121766,
        0.37737414266,
        0.37597126766000005,
        0.37919310566000003,
        0.37819280966,
        0.38064074666000003,
        0.37465969666000004,
        0.37737767166
      ],
      "exit_codes": [
        0,
        0,
        0,
        0,
        0,
        0,
        0,
        0,
        0,
        0
      ]
    },
    {
      "command": "JavaScript (Node)",
      "mean": 0.2432642379,
      "stddev": 0.00546203140793892,
      "median": 0.2431507785,
      "user": 0.23883829999999998,
      "system": 0.005601,
      "min": 0.23697242300000002,
      "max": 0.250661118,
      "times": [
        0.237856797,
        0.23909116300000002,
        0.24975437400000003,
        0.23697242300000002,
        0.250661118,
        0.24338499400000002,
        0.244966394,
        0.24993268400000002,
        0.23710586900000002,
        0.242916563
      ],
      "exit_codes": [
        0,
        0,
        0,
        0,
        0,
        0,
        0,
        0,
        0,
        0
      ]
    },
    {
      "command": "Ruby",
      "mean": 3.3515165254,
      "stddev": 0.034227764496713574,
      "median": 3.3615749895,
      "user": 3.3426940000000003,
      "system": 0.008499999999999999,
      "min": 3.268366145,
      "max": 3.384784866,
      "times": [
        3.371977355,
        3.350187709,
        3.382568411,
        3.365457938,
        3.342263942,
        3.268366145,
        3.365163062,
        3.326408909,
        3.384784866,
        3.357986917
      ],
      "exit_codes": [
        0,
        0,
        0,
        0,
        0,
        0,
        0,
        0,
        0,
        0
      ]
    }
  ]
}
