{
  "results": [
    {
      "command": "LOGOS (interpreted)",
      "mean": 0.6050722131600003,
      "stddev": 0.012833341424511454,
      "median": 0.6102699367600001,
      "user": 0.60399878,
      "system": 0.0008919420000000001,
      "min": 0.5734402072600001,
      "max": 0.6177126182600001,
      "times": [
        0.6106050082600001,
        0.6132958852600001,
        0.6177126182600001,
        0.6037341232600001,
        0.6127370212600001,
        0.6039637182600001,
        0.5734402072600001,
        0.6105272382600001,
        0.61001263526,
        0.5946936762600001
      ],
      "exit_codes": [
        0,
        0,
        0,
        0,
        0,
        0,
        0,
        0,
        0,
        0
      ]
    },
    {
      "command": "JavaScript (Node)",
      "mean": 0.24898720739999997,
      "stddev": 0.0034589586022447136,
      "median": 0.248895794,
      "user": 0.24377459999999998,
      "system": 0.006405899999999999,
      "min": 0.24403527100000003,
      "max": 0.25633327,
      "times": [
        0.25067763800000004,
        0.24403527100000003,
        0.24628648,
        0.25633327,
        0.24866022100000001,
        0.245833194,
        0.251785258,
        0.24913136700000002,
        0.247940139,
        0.249189236
      ],
      "exit_codes": [
        0,
        0,
        0,
        0,
        0,
        0,
        0,
        0,
        0,
        0
      ]
    },
    {
      "command": "Ruby",
      "mean": 3.4400400683,
      "stddev": 0.021216837280333054,
      "median": 3.4402365305,
      "user": 3.430865,
      "system": 0.0087991,
      "min": 3.407949381,
      "max": 3.4717448,
      "times": [
        3.407949381,
        3.439576443,
        3.430883859,
        3.45620729,
        3.418787921,
        3.4717448,
        3.417133549,
        3.440896618,
        3.457170978,
        3.4600498440000003
      ],
      "exit_codes": [
        0,
        0,
        0,
        0,
        0,
        0,
        0,
        0,
        0,
        0
      ]
    }
  ]
}
