{
  "results": [
    {
      "command": "LOGOS (interpreted)",
      "mean": 0.38276508018000005,
      "stddev": 0.0021234353999926778,
      "median": 0.38219500218,
      "user": 0.38133908,
      "system": 0.001201648,
      "min": 0.38048691568,
      "max": 0.38592037768,
      "times": [
        0.38174154468,
        0.38592037768,
        0.38534471368,
        0.38228568868,
        0.38311949068,
        0.38064358168,
        0.38548478668,
        0.38048691568,
        0.38051938668,
        0.38210431568
      ],
      "exit_codes": [
        0,
        0,
        0,
        0,
        0,
        0,
        0,
        0,
        0,
        0
      ]
    },
    {
      "command": "LOGOS (tiered)",
      "mean": 0.38203147340000004,
      "stddev": 0.0019365666515231258,
      "median": 0.38231224760000004,
      "user": 0.38051451999999997,
      "system": 0.00128386,
      "min": 0.3794160106,
      "max": 0.38466145360000004,
      "times": [
        0.37972242060000005,
        0.3794160106,
        0.3846251826,
        0.38466145360000004,
        0.38347785360000003,
        0.38030918760000004,
        0.3820967236,
        0.3806308546,
        0.38284727560000004,
        0.3825277716
      ],
      "exit_codes": [
        0,
        0,
        0,
        0,
        0,
        0,
        0,
        0,
        0,
        0
      ]
    },
    {
      "command": "JavaScript (Node)",
      "mean": 0.24564088160000006,
      "stddev": 0.0024260862752368286,
      "median": 0.24533050500000003,
      "user": 0.24073599999999998,
      "system": 0.0061137,
      "min": 0.242468817,
      "max": 0.24907262000000002,
      "times": [
        0.24601597800000002,
        0.24483042000000002,
        0.24907262000000002,
        0.244038156,
        0.244065726,
        0.24857268200000002,
        0.24583059000000002,
        0.242873472,
        0.242468817,
        0.248640355
      ],
      "exit_codes": [
        0,
        0,
        0,
        0,
        0,
        0,
        0,
        0,
        0,
        0
      ]
    },
    {
      "command": "Ruby",
      "mean": 3.4409395362000006,
      "stddev": 0.03027879475771587,
      "median": 3.4367211830000004,
      "user": 3.4324714999999997,
      "system": 0.008099499999999999,
      "min": 3.40524604,
      "max": 3.512139,
      "times": [
        3.44687802,
        3.4191977590000002,
        3.434393436,
        3.459186707,
        3.512139,
        3.450895283,
        3.40524604,
        3.412764403,
        3.4390489300000002,
        3.429645784
      ],
      "exit_codes": [
        0,
        0,
        0,
        0,
        0,
        0,
        0,
        0,
        0,
        0
      ]
    }
  ]
}
