{
  "results": [
    {
      "command": "LOGOS (interpreted)",
      "mean": 0.8633672769399998,
      "stddev": 0.006411357056419389,
      "median": 0.86210284314,
      "user": 0.8468174599999999,
      "system": 0.016339700000000002,
      "min": 0.85702988664,
      "max": 0.87695485264,
      "times": [
        0.86752021464,
        0.85702988664,
        0.87695485264,
        0.86152971164,
        0.85950808464,
        0.86929805664,
        0.86448290064,
        0.85726002464,
        0.85741306264,
        0.86267597464
      ],
      "exit_codes": [
        0,
        0,
        0,
        0,
        0,
        0,
        0,
        0,
        0,
        0
      ]
    },
    {
      "command": "JavaScript (Node)",
      "mean": 0.2466735611,
      "stddev": 0.005028799700401797,
      "median": 0.24539762250000002,
      "user": 0.2437143,
      "system": 0.0119978,
      "min": 0.239252194,
      "max": 0.254824222,
      "times": [
        0.239252194,
        0.24294595200000002,
        0.254824222,
        0.246429272,
        0.249332291,
        0.24436597300000001,
        0.25147788400000004,
        0.241994225,
        0.24412382800000001,
        0.25198977
      ],
      "exit_codes": [
        0,
        0,
        0,
        0,
        0,
        0,
        0,
        0,
        0,
        0
      ]
    },
    {
      "command": "Python",
      "mean": 3.2064905825000003,
      "stddev": 0.013677355807608147,
      "median": 3.2057819739999998,
      "user": 3.1865579,
      "system": 0.0196001,
      "min": 3.181254611,
      "max": 3.224828594,
      "times": [
        3.195410578,
        3.220268515,
        3.181254611,
        3.207111886,
        3.203452123,
        3.21973025,
        3.204452062,
        3.194240522,
        3.224828594,
        3.214156684
      ],
      "exit_codes": [
        0,
        0,
        0,
        0,
        0,
        0,
        0,
        0,
        0,
        0
      ]
    },
    {
      "command": "Ruby",
      "mean": 3.9342287702,
      "stddev": 0.03964823023574564,
      "median": 3.9240823235000004,
      "user": 3.9218117999999995,
      "system": 0.012100099999999999,
      "min": 3.9039461820000003,
      "max": 4.040674216,
      "times": [
        3.926094586,
        3.905525141,
        3.910843236,
        4.040674216,
        3.9039461820000003,
        3.918709761,
        3.933781327,
        3.940551555,
        3.940091637,
        3.9220700610000003
      ],
      "exit_codes": [
        0,
        0,
        0,
        0,
        0,
        0,
        0,
        0,
        0,
        0
      ]
    }
  ]
}
