{
  "results": [
    {
      "command": "LOGOS (interpreted)",
      "mean": 0.31691476806,
      "stddev": 0.004044002457580502,
      "median": 0.31743246666,
      "user": 0.29830534,
      "system": 0.018412019999999998,
      "min": 0.31025832366,
      "max": 0.32312603766,
      "times": [
        0.31025832366,
        0.32312603766,
        0.32273634866,
        0.31229755466,
        0.31738248266,
        0.31760524966,
        0.31789026766,
        0.31748245065999997,
        0.31443253166,
        0.31593643366
      ],
      "exit_codes": [
        0,
        0,
        0,
        0,
        0,
        0,
        0,
        0,
        0,
        0
      ]
    },
    {
      "command": "LOGOS (tiered)",
      "mean": 0.3244333406,
      "stddev": 0.005659541186953325,
      "median": 0.3257003809,
      "user": 0.3059973399999999,
      "system": 0.01829022,
      "min": 0.3165012249,
      "max": 0.33386360789999997,
      "times": [
        0.3224536669,
        0.3184269939,
        0.3246510909,
        0.3165012249,
        0.3286071249,
        0.33386360789999997,
        0.3274975719,
        0.3267496709,
        0.3282140529,
        0.3173684009
      ],
      "exit_codes": [
        0,
        0,
        0,
        0,
        0,
        0,
        0,
        0,
        0,
        0
      ]
    },
    {
      "command": "JavaScript (Node)",
      "mean": 0.2540555768,
      "stddev": 0.004124203797741506,
      "median": 0.25474483800000003,
      "user": 0.2504086,
      "system": 0.013433500000000001,
      "min": 0.24484597600000002,
      "max": 0.258291883,
      "times": [
        0.253935995,
        0.252376296,
        0.24484597600000002,
        0.251631745,
        0.25169186600000004,
        0.257556716,
        0.25555368100000003,
        0.257332938,
        0.257338672,
        0.258291883
      ],
      "exit_codes": [
        0,
        0,
        0,
        0,
        0,
        0,
        0,
        0,
        0,
        0
      ]
    },
    {
      "command": "Python",
      "mean": 3.1822804534999998,
      "stddev": 0.04647491882208941,
      "median": 3.1764936905,
      "user": 3.1621089999999996,
      "system": 0.019899999999999994,
      "min": 3.119596233,
      "max": 3.269157868,
      "times": [
        3.234367664,
        3.175292339,
        3.1332605,
        3.119596233,
        3.141929229,
        3.1752856400000002,
        3.215402704,
        3.180817316,
        3.269157868,
        3.177695042
      ],
      "exit_codes": [
        0,
        0,
        0,
        0,
        0,
        0,
        0,
        0,
        0,
        0
      ]
    },
    {
      "command": "Ruby",
      "mean": 3.9336623396,
      "stddev": 0.029381943203635574,
      "median": 3.924088461,
      "user": 3.9198348000000003,
      "system": 0.013400699999999998,
      "min": 3.8911088190000003,
      "max": 3.979586435,
      "times": [
        3.962860054,
        3.8911088190000003,
        3.902554191,
        3.925681797,
        3.940068981,
        3.918645818,
        3.979586435,
        3.971599425,
        3.922495125,
        3.922022751
      ],
      "exit_codes": [
        0,
        0,
        0,
        0,
        0,
        0,
        0,
        0,
        0,
        0
      ]
    }
  ]
}
