{
  "results": [
    {
      "command": "LOGOS (interpreted)",
      "mean": 0.32703951594,
      "stddev": 0.00785523660460304,
      "median": 0.3254989836400001,
      "user": 0.30894291999999995,
      "system": 0.017758700000000002,
      "min": 0.31605284264000005,
      "max": 0.34063237064,
      "times": [
        0.32883314764000005,
        0.34063237064,
        0.33697141364000005,
        0.33289578464,
        0.32322005364000006,
        0.32777791364000003,
        0.32078272264,
        0.32214870464,
        0.31605284264000005,
        0.32108020564000006
      ],
      "exit_codes": [
        0,
        0,
        0,
        0,
        0,
        0,
        0,
        0,
        0,
        0
      ]
    },
    {
      "command": "LOGOS (tiered)",
      "mean": 0.32226703806,
      "stddev": 0.011255868652016603,
      "median": 0.31843676926,
      "user": 0.30430928,
      "system": 0.01762234,
      "min": 0.31553251176,
      "max": 0.35322633076,
      "times": [
        0.31741607575999997,
        0.31828347276,
        0.31859006576,
        0.32456397876,
        0.32262023176,
        0.35322633076,
        0.31982828476,
        0.31557945576,
        0.31553251176,
        0.31702997276
      ],
      "exit_codes": [
        0,
        0,
        0,
        0,
        0,
        0,
        0,
        0,
        0,
        0
      ]
    },
    {
      "command": "JavaScript (Node)",
      "mean": 0.2462241484,
      "stddev": 0.0043913921493391305,
      "median": 0.24789013050000003,
      "user": 0.2432194,
      "system": 0.011629599999999999,
      "min": 0.23844967400000003,
      "max": 0.251336995,
      "times": [
        0.247908291,
        0.244985893,
        0.241462911,
        0.251336995,
        0.24987662800000002,
        0.24146555400000003,
        0.24787197000000002,
        0.248927111,
        0.23844967400000003,
        0.24995645700000002
      ],
      "exit_codes": [
        0,
        0,
        0,
        0,
        0,
        0,
        0,
        0,
        0,
        0
      ]
    },
    {
      "command": "Python",
      "mean": 3.2074726232,
      "stddev": 0.07958147777386575,
      "median": 3.193396149,
      "user": 3.1873923,
      "system": 0.019698699999999996,
      "min": 3.106978276,
      "max": 3.344138313,
      "times": [
        3.106978276,
        3.145515078,
        3.220690638,
        3.241665553,
        3.344138313,
        3.131673421,
        3.166452352,
        3.192874605,
        3.193917693,
        3.330820303
      ],
      "exit_codes": [
        0,
        0,
        0,
        0,
        0,
        0,
        0,
        0,
        0,
        0
      ]
    },
    {
      "command": "Ruby",
      "mean": 3.8247627269,
      "stddev": 0.012137823442086724,
      "median": 3.827248075,
      "user": 3.8119110999999988,
      "system": 0.012398999999999999,
      "min": 3.80238782,
      "max": 3.837873054,
      "times": [
        3.809565858,
        3.837753617,
        3.837873054,
        3.824521656,
        3.835050157,
        3.829974494,
        3.832161236,
        3.817873214,
        3.80238782,
        3.820466163
      ],
      "exit_codes": [
        0,
        0,
        0,
        0,
        0,
        0,
        0,
        0,
        0,
        0
      ]
    }
  ]
}
