{
  "results": [
    {
      "command": "LOGOS (interpreted)",
      "mean": 0.23122176698,
      "stddev": 0.009425758072629254,
      "median": 0.22838847148000002,
      "user": 0.2193876,
      "system": 0.011633860000000001,
      "min": 0.22258625548,
      "max": 0.25460404748,
      "times": [
        0.23620078148,
        0.23565128948,
        0.25460404748,
        0.22665373148,
        0.23078634248,
        0.23012321148,
        0.22577447648,
        0.22380119748,
        0.22258625548,
        0.22603633648
      ],
      "exit_codes": [
        0,
        0,
        0,
        0,
        0,
        0,
        0,
        0,
        0,
        0
      ]
    },
    {
      "command": "LOGOS (tiered)",
      "mean": 0.23309514287999997,
      "stddev": 0.006647658556457511,
      "median": 0.23013196208,
      "user": 0.22082111999999995,
      "system": 0.01205064,
      "min": 0.22867606458,
      "max": 0.25020470158,
      "times": [
        0.22867606458,
        0.23332896658,
        0.22987544758,
        0.23797997558,
        0.25020470158,
        0.23038847658,
        0.22897803958000001,
        0.22966300558,
        0.23262077258,
        0.22923597858
      ],
      "exit_codes": [
        0,
        0,
        0,
        0,
        0,
        0,
        0,
        0,
        0,
        0
      ]
    },
    {
      "command": "JavaScript (Node)",
      "mean": 0.24446386950000001,
      "stddev": 0.005207312127851554,
      "median": 0.24396348750000002,
      "user": 0.2300735,
      "system": 0.0179337,
      "min": 0.234422235,
      "max": 0.252237276,
      "times": [
        0.24440529000000003,
        0.24776826300000002,
        0.245980572,
        0.252237276,
        0.24328132100000002,
        0.234422235,
        0.24352168500000002,
        0.25079338100000004,
        0.239569313,
        0.24265935900000002
      ],
      "exit_codes": [
        0,
        0,
        0,
        0,
        0,
        0,
        0,
        0,
        0,
        0
      ]
    },
    {
      "command": "Python",
      "mean": 2.530704043,
      "stddev": 0.014902484115520823,
      "median": 2.532102233,
      "user": 2.5164676999999998,
      "system": 0.0138992,
      "min": 2.515733834,
      "max": 2.563329517,
      "times": [
        2.532795512,
        2.563329517,
        2.520602113,
        2.515733834,
        2.5158512230000003,
        2.5446156220000002,
        2.531979248,
        2.532687169,
        2.5322252179999998,
        2.517220974
      ],
      "exit_codes": [
        0,
        0,
        0,
        0,
        0,
        0,
        0,
        0,
        0,
        0
      ]
    },
    {
      "command": "Ruby",
      "mean": 2.4117673193,
      "stddev": 0.021845406099168848,
      "median": 2.407020557,
      "user": 2.3215031999999995,
      "system": 0.0898886,
      "min": 2.381311512,
      "max": 2.462835948,
      "times": [
        2.423877573,
        2.423725348,
        2.462835948,
        2.404295328,
        2.39869974,
        2.405099253,
        2.397983381,
        2.381311512,
        2.410903249,
        2.408941861
      ],
      "exit_codes": [
        0,
        0,
        0,
        0,
        0,
        0,
        0,
        0,
        0,
        0
      ]
    }
  ]
}
