{
  "results": [
    {
      "command": "LOGOS (interpreted)",
      "mean": 0.26029134342000004,
      "stddev": 0.022382852839906625,
      "median": 0.25461573301999996,
      "user": 0.24714563999999997,
      "system": 0.012780840000000002,
      "min": 0.23911282602,
      "max": 0.32132683302,
      "times": [
        0.26213867502,
        0.25733445901999996,
        0.24967203902000004,
        0.25240427502,
        0.25253959502,
        0.32132683302,
        0.25164067602,
        0.25669187101999996,
        0.23911282602,
        0.26005218502
      ],
      "exit_codes": [
        0,
        0,
        0,
        0,
        0,
        0,
        0,
        0,
        0,
        0
      ]
    },
    {
      "command": "LOGOS (tiered)",
      "mean": 0.2530189736,
      "stddev": 0.007657786072307098,
      "median": 0.2526668873,
      "user": 0.24115105999999997,
      "system": 0.0115239,
      "min": 0.23882950980000003,
      "max": 0.26561901379999997,
      "times": [
        0.24541833980000002,
        0.2536748188,
        0.24948951480000003,
        0.26561901379999997,
        0.2516589558,
        0.2570465328,
        0.2600739788,
        0.23882950980000003,
        0.2578249198,
        0.2505541518
      ],
      "exit_codes": [
        0,
        0,
        0,
        0,
        0,
        0,
        0,
        0,
        0,
        0
      ]
    },
    {
      "command": "JavaScript (Node)",
      "mean": 0.25076134580000004,
      "stddev": 0.00836102750760147,
      "median": 0.25433741600000004,
      "user": 0.2390304,
      "system": 0.0152146,
      "min": 0.23818048100000003,
      "max": 0.25941783700000004,
      "times": [
        0.239096158,
        0.25941783700000004,
        0.23818048100000003,
        0.254410097,
        0.254264735,
        0.254910721,
        0.259309893,
        0.240093737,
        0.251766498,
        0.256163301
      ],
      "exit_codes": [
        0,
        0,
        0,
        0,
        0,
        0,
        0,
        0,
        0,
        0
      ]
    },
    {
      "command": "Python",
      "mean": 2.6105627846,
      "stddev": 0.012979941557276895,
      "median": 2.6077967705000002,
      "user": 2.5948621999999997,
      "system": 0.015400800000000001,
      "min": 2.589956789,
      "max": 2.6358973690000003,
      "times": [
        2.603097339,
        2.6358973690000003,
        2.621053748,
        2.610471727,
        2.620874885,
        2.605069353,
        2.589956789,
        2.613867102,
        2.60021772,
        2.6051218140000003
      ],
      "exit_codes": [
        0,
        0,
        0,
        0,
        0,
        0,
        0,
        0,
        0,
        0
      ]
    },
    {
      "command": "Ruby",
      "mean": 2.472007229,
      "stddev": 0.07792616020404715,
      "median": 2.4789312925,
      "user": 2.388044,
      "system": 0.08349809999999999,
      "min": 2.374868327,
      "max": 2.554879899,
      "times": [
        2.544931468,
        2.374868327,
        2.393293275,
        2.554879899,
        2.554757633,
        2.446894754,
        2.415786157,
        2.376784096,
        2.510967831,
        2.54690885
      ],
      "exit_codes": [
        0,
        0,
        0,
        0,
        0,
        0,
        0,
        0,
        0,
        0
      ]
    }
  ]
}
