{
  "results": [
    {
      "command": "LOGOS (interpreted)",
      "mean": 0.6954226053800001,
      "stddev": 0.05010102084455211,
      "median": 0.66400436758,
      "user": 0.68391022,
      "system": 0.01125292,
      "min": 0.64743967558,
      "max": 0.7596425725800001,
      "times": [
        0.7544066815800001,
        0.7596425725800001,
        0.6606750595800001,
        0.75107557958,
        0.64743967558,
        0.6569792095800001,
        0.6558005845800001,
        0.74783699558,
        0.6530360195800001,
        0.6673336755800001
      ],
      "exit_codes": [
        0,
        0,
        0,
        0,
        0,
        0,
        0,
        0,
        0,
        0
      ]
    },
    {
      "command": "JavaScript (Node)",
      "mean": 0.2508531179,
      "stddev": 0.0054753956484376665,
      "median": 0.25243059050000005,
      "user": 0.23696659999999997,
      "system": 0.017407899999999997,
      "min": 0.241298597,
      "max": 0.257340987,
      "times": [
        0.257340987,
        0.253505073,
        0.241298597,
        0.254737704,
        0.255031118,
        0.25527731600000003,
        0.250661116,
        0.245065354,
        0.24425780600000002,
        0.251356108
      ],
      "exit_codes": [
        0,
        0,
        0,
        0,
        0,
        0,
        0,
        0,
        0,
        0
      ]
    },
    {
      "command": "Python",
      "mean": 2.5710065739999997,
      "stddev": 0.02221255115919594,
      "median": 2.5619361510000003,
      "user": 2.555312,
      "system": 0.015298999999999998,
      "min": 2.557503643,
      "max": 2.631488348,
      "times": [
        2.559294026,
        2.575751956,
        2.562067147,
        2.564878255,
        2.557503643,
        2.631488348,
        2.561805155,
        2.560841589,
        2.560488541,
        2.57594708
      ],
      "exit_codes": [
        0,
        0,
        0,
        0,
        0,
        0,
        0,
        0,
        0,
        0
      ]
    },
    {
      "command": "Ruby",
      "mean": 2.4373699229,
      "stddev": 0.08280807381789074,
      "median": 2.4068846775,
      "user": 2.3476948999999996,
      "system": 0.0894034,
      "min": 2.390550279,
      "max": 2.665694829,
      "times": [
        2.665694829,
        2.401485141,
        2.409327993,
        2.458352473,
        2.390550279,
        2.431091646,
        2.421543737,
        2.398181961,
        2.404441362,
        2.393029808
      ],
      "exit_codes": [
        0,
        0,
        0,
        0,
        0,
        0,
        0,
        0,
        0,
        0
      ]
    }
  ]
}
