{
  "results": [
    {
      "command": "LOGOS (interpreted)",
      "mean": 0.34598301346,
      "stddev": 0.004573898693416421,
      "median": 0.34416754316,
      "user": 0.34392349999999994,
      "system": 0.001751492,
      "min": 0.34178448366,
      "max": 0.35744743766000003,
      "times": [
        0.34348422466,
        0.34368022766,
        0.34529960466000004,
        0.34465485866,
        0.34875415766,
        0.34798399766000004,
        0.35744743766000003,
        0.34313227466,
        0.34178448366,
        0.34360886766000004
      ],
      "exit_codes": [
        0,
        0,
        0,
        0,
        0,
        0,
        0,
        0,
        0,
        0
      ]
    },
    {
      "command": "LOGOS (tiered)",
      "mean": 1.7122394587999998,
      "stddev": 0.012607437454472965,
      "median": 1.7081880737000001,
      "user": 1.7000214799999998,
      "system": 0.011880459999999999,
      "min": 1.7002231547,
      "max": 1.7385763307000002,
      "times": [
        1.7385763307000002,
        1.7067143477,
        1.7032419537,
        1.7089059967000002,
        1.7125178947000002,
        1.7042769977,
        1.7078318817,
        1.7085442657000003,
        1.7002231547,
        1.7315617647000001
      ],
      "exit_codes": [
        0,
        0,
        0,
        0,
        0,
        0,
        0,
        0,
        0,
        0
      ]
    },
    {
      "command": "JavaScript (Node)",
      "mean": 0.2427241531,
      "stddev": 0.004287766691347307,
      "median": 0.2418802645,
      "user": 0.2429039,
      "system": 0.0052104,
      "min": 0.238258186,
      "max": 0.251511498,
      "times": [
        0.24444544,
        0.241304341,
        0.24527937200000002,
        0.251511498,
        0.24671658500000002,
        0.24245618800000002,
        0.238279752,
        0.239792213,
        0.23919795600000002,
        0.238258186
      ],
      "exit_codes": [
        0,
        0,
        0,
        0,
        0,
        0,
        0,
        0,
        0,
        0
      ]
    }
  ]
}
