{
  "results": [
    {
      "command": "LOGOS (interpreted)",
      "mean": 0.31098011602,
      "stddev": 0.0066778779975682255,
      "median": 0.30825441312,
      "user": 0.30930544000000004,
      "system": 0.0015177199999999997,
      "min": 0.30497013062000006,
      "max": 0.32357643262,
      "times": [
        0.31681902362000003,
        0.30766100262,
        0.30543910562000004,
        0.30669565362,
        0.30963382662000005,
        0.32357643262,
        0.32005117262000005,
        0.30884782362,
        0.30610698862,
        0.30497013062000006
      ],
      "exit_codes": [
        0,
        0,
        0,
        0,
        0,
        0,
        0,
        0,
        0,
        0
      ]
    },
    {
      "command": "LOGOS (tiered)",
      "mean": 1.66338276826,
      "stddev": 0.007706450092366747,
      "median": 1.6623080294600001,
      "user": 1.6519211999999999,
      "system": 0.01120974,
      "min": 1.6512700549600001,
      "max": 1.6755158139600002,
      "times": [
        1.6619724259600002,
        1.6512700549600001,
        1.66015431496,
        1.6674032069600002,
        1.6755158139600002,
        1.66082853796,
        1.67516957096,
        1.6552618179600003,
        1.6626436329600003,
        1.6636083059600002
      ],
      "exit_codes": [
        0,
        0,
        0,
        0,
        0,
        0,
        0,
        0,
        0,
        0
      ]
    },
    {
      "command": "JavaScript (Node)",
      "mean": 0.24462815449999997,
      "stddev": 0.005719285815409133,
      "median": 0.2441430565,
      "user": 0.24200589999999997,
      "system": 0.007896,
      "min": 0.238014037,
      "max": 0.25613520300000003,
      "times": [
        0.24031626,
        0.243481516,
        0.24092191200000002,
        0.250801694,
        0.23847188200000002,
        0.25613520300000003,
        0.247007004,
        0.238014037,
        0.24632744,
        0.244804597
      ],
      "exit_codes": [
        0,
        0,
        0,
        0,
        0,
        0,
        0,
        0,
        0,
        0
      ]
    }
  ]
}
