{
  "results": [
    {
      "command": "LOGOS (interpreted)",
      "mean": 0.10905376666,
      "stddev": 0.004229310142109421,
      "median": 0.10882559656000002,
      "user": 0.10406056,
      "system": 0.0047458199999999996,
      "min": 0.10417012806,
      "max": 0.11691531106000001,
      "times": [
        0.10417012806,
        0.11691531106000001,
        0.10437234306000001,
        0.11228824706000001,
        0.11369688706,
        0.10974910006000001,
        0.10615837906,
        0.10553607806000001,
        0.10898148206000001,
        0.10866971106000001
      ],
      "exit_codes": [
        0,
        0,
        0,
        0,
        0,
        0,
        0,
        0,
        0,
        0
      ]
    },
    {
      "command": "LOGOS (tiered)",
      "mean": 0.1100135313,
      "stddev": 0.005135732539322209,
      "median": 0.11064476470000001,
      "user": 0.10435412,
      "system": 0.00543444,
      "min": 0.10159282270000002,
      "max": 0.11812963170000002,
      "times": [
        0.10555154770000001,
        0.11142087570000002,
        0.1060242437,
        0.10159282270000002,
        0.11314059870000001,
        0.10986865370000001,
        0.11335165170000001,
        0.11812963170000002,
        0.11507334370000001,
        0.10598194370000001
      ],
      "exit_codes": [
        0,
        0,
        0,
        0,
        0,
        0,
        0,
        0,
        0,
        0
      ]
    },
    {
      "command": "JavaScript (Node)",
      "mean": 0.24389655070000002,
      "stddev": 0.007346726961017314,
      "median": 0.24404943950000002,
      "user": 0.29128029999999994,
      "system": 0.0647998,
      "min": 0.23029315900000003,
      "max": 0.257509566,
      "times": [
        0.257509566,
        0.24647522500000002,
        0.243874591,
        0.24540676900000002,
        0.24166225400000002,
        0.237439418,
        0.244224288,
        0.25106448400000003,
        0.23029315900000003,
        0.24101575300000003
      ],
      "exit_codes": [
        0,
        0,
        0,
        0,
        0,
        0,
        0,
        0,
        0,
        0
      ]
    },
    {
      "command": "Python",
      "mean": 0.21086356300000003,
      "stddev": 0.006493791798154997,
      "median": 0.21128912100000002,
      "user": 0.18004439999999997,
      "system": 0.030590300000000004,
      "min": 0.198582577,
      "max": 0.22032215700000002,
      "times": [
        0.22032215700000002,
        0.218209487,
        0.214799377,
        0.212155266,
        0.21386015000000003,
        0.20909592000000002,
        0.20522177800000002,
        0.210422976,
        0.205965942,
        0.198582577
      ],
      "exit_codes": [
        0,
        0,
        0,
        0,
        0,
        0,
        0,
        0,
        0,
        0
      ]
    },
    {
      "command": "Ruby",
      "mean": 0.17820579279999998,
      "stddev": 0.004757411249342346,
      "median": 0.178410797,
      "user": 0.16647249999999997,
      "system": 0.0115157,
      "min": 0.17205929,
      "max": 0.18579948300000002,
      "times": [
        0.185528449,
        0.18579948300000002,
        0.17205929,
        0.17938182400000002,
        0.17871313800000002,
        0.17279819000000002,
        0.17888030500000002,
        0.17732788800000002,
        0.173460905,
        0.178108456
      ],
      "exit_codes": [
        0,
        0,
        0,
        0,
        0,
        0,
        0,
        0,
        0,
        0
      ]
    }
  ]
}
