{
  "results": [
    {
      "command": "LOGOS (interpreted)",
      "mean": 0.12612181460000002,
      "stddev": 0.005670352392517714,
      "median": 0.1248450384,
      "user": 0.12151704,
      "system": 0.0043843799999999985,
      "min": 0.1181337309,
      "max": 0.1352269409,
      "times": [
        0.1244815019,
        0.1325557749,
        0.1181337309,
        0.12196152390000001,
        0.1218510009,
        0.1252085749,
        0.12106400090000001,
        0.1298379619,
        0.1352269409,
        0.13089713490000002
      ],
      "exit_codes": [
        0,
        0,
        0,
        0,
        0,
        0,
        0,
        0,
        0,
        0
      ]
    },
    {
      "command": "LOGOS (tiered)",
      "mean": 0.09539270136000001,
      "stddev": 0.002772801392156765,
      "median": 0.09423871976,
      "user": 0.09094659999999997,
      "system": 0.0042942399999999995,
      "min": 0.09268129676,
      "max": 0.10018604376000001,
      "times": [
        0.10018604376000001,
        0.09327631976,
        0.09380010276,
        0.09372508676,
        0.09315557676000001,
        0.09467733676000001,
        0.09529772076000001,
        0.09987426876000001,
        0.09725326076,
        0.09268129676
      ],
      "exit_codes": [
        0,
        0,
        0,
        0,
        0,
        0,
        0,
        0,
        0,
        0
      ]
    },
    {
      "command": "JavaScript (Node)",
      "mean": 0.2148173421,
      "stddev": 0.005071000846269729,
      "median": 0.214427898,
      "user": 0.1377851,
      "system": 0.0949227,
      "min": 0.20589881000000002,
      "max": 0.224852147,
      "times": [
        0.21923081900000002,
        0.215599552,
        0.214007719,
        0.21448058900000003,
        0.21287554,
        0.210072153,
        0.214375207,
        0.224852147,
        0.216780885,
        0.20589881000000002
      ],
      "exit_codes": [
        0,
        0,
        0,
        0,
        0,
        0,
        0,
        0,
        0,
        0
      ]
    },
    {
      "command": "Python",
      "mean": 2.8341739351000004,
      "stddev": 0.049380345886288785,
      "median": 2.8340777745,
      "user": 2.8022639,
      "system": 0.031396099999999996,
      "min": 2.735638732,
      "max": 2.927159882,
      "times": [
        2.85973007,
        2.735638732,
        2.812531673,
        2.851071679,
        2.809025811,
        2.829625573,
        2.812191852,
        2.866234103,
        2.8385299760000002,
        2.927159882
      ],
      "exit_codes": [
        0,
        0,
        0,
        0,
        0,
        0,
        0,
        0,
        0,
        0
      ]
    },
    {
      "command": "Ruby",
      "mean": 2.9458791794,
      "stddev": 0.043587801519084174,
      "median": 2.9366609705,
      "user": 2.6681625,
      "system": 0.27459240000000007,
      "min": 2.885727169,
      "max": 3.002437509,
      "times": [
        2.915131419,
        2.9919168430000003,
        2.925110108,
        3.002100786,
        3.002437509,
        2.897982605,
        2.919356765,
        2.885727169,
        2.9482118330000002,
        2.970816757
      ],
      "exit_codes": [
        0,
        0,
        0,
        0,
        0,
        0,
        0,
        0,
        0,
        0
      ]
    }
  ]
}
