{
  "results": [
    {
      "command": "LOGOS (interpreted)",
      "mean": 0.9313309292600002,
      "stddev": 0.004586895705854053,
      "median": 0.93037068556,
      "user": 0.92584912,
      "system": 0.00522118,
      "min": 0.92628920406,
      "max": 0.94060727206,
      "times": [
        0.9324242930600001,
        0.9276407540600001,
        0.92931916806,
        0.9325363540600001,
        0.9372029470600001,
        0.94060727206,
        0.92628920406,
        0.9279508190600001,
        0.9279162780600001,
        0.9314222030600001
      ],
      "exit_codes": [
        0,
        0,
        0,
        0,
        0,
        0,
        0,
        0,
        0,
        0
      ]
    },
    {
      "command": "JavaScript (Node)",
      "mean": 0.24898095369999998,
      "stddev": 0.010797637769184226,
      "median": 0.24456848000000003,
      "user": 0.28531209999999996,
      "system": 0.0660788,
      "min": 0.23720068000000002,
      "max": 0.2675655,
      "times": [
        0.26140102200000004,
        0.260547387,
        0.24205967700000003,
        0.23720068000000002,
        0.24122095200000002,
        0.2675655,
        0.23860017000000003,
        0.24205453500000002,
        0.247077283,
        0.252082331
      ],
      "exit_codes": [
        0,
        0,
        0,
        0,
        0,
        0,
        0,
        0,
        0,
        0
      ]
    },
    {
      "command": "Python",
      "mean": 0.2075703663,
      "stddev": 0.006245892358216218,
      "median": 0.20755770500000004,
      "user": 0.17283819999999997,
      "system": 0.034509399999999996,
      "min": 0.1980503,
      "max": 0.217514386,
      "times": [
        0.20820881300000002,
        0.201718149,
        0.20211694700000002,
        0.217514386,
        0.1980503,
        0.204563887,
        0.215383612,
        0.20690659700000003,
        0.208613407,
        0.21262756500000002
      ],
      "exit_codes": [
        0,
        0,
        0,
        0,
        0,
        0,
        0,
        0,
        0,
        0
      ]
    },
    {
      "command": "Ruby",
      "mean": 0.18080264030000007,
      "stddev": 0.005939476079471373,
      "median": 0.18015584,
      "user": 0.166575,
      "system": 0.0139878,
      "min": 0.17390339700000002,
      "max": 0.190767025,
      "times": [
        0.179500497,
        0.17688435300000002,
        0.174751714,
        0.18304234800000002,
        0.190767025,
        0.188350551,
        0.185189092,
        0.17390339700000002,
        0.18081118300000001,
        0.17482624300000002
      ],
      "exit_codes": [
        0,
        0,
        0,
        0,
        0,
        0,
        0,
        0,
        0,
        0
      ]
    }
  ]
}
