{
  "results": [
    {
      "command": "LOGOS (interpreted)",
      "mean": 0.13073238182,
      "stddev": 0.004092036232969437,
      "median": 0.13158243922,
      "user": 0.125454,
      "system": 0.004929279999999999,
      "min": 0.12428348122,
      "max": 0.13646807222000001,
      "times": [
        0.12499699922000002,
        0.12428348122,
        0.13431649222,
        0.13078643122,
        0.13091878122,
        0.12685970322,
        0.13224609722,
        0.13261801222,
        0.13646807222000001,
        0.13382974822000002
      ],
      "exit_codes": [
        0,
        0,
        0,
        0,
        0,
        0,
        0,
        0,
        0,
        0
      ]
    },
    {
      "command": "LOGOS (tiered)",
      "mean": 0.10012730620000002,
      "stddev": 0.005833866978110343,
      "median": 0.10098401470000001,
      "user": 0.09416258,
      "system": 0.0056898,
      "min": 0.09184544970000001,
      "max": 0.11003156670000001,
      "times": [
        0.10350432270000001,
        0.0957959297,
        0.0937463597,
        0.09184544970000001,
        0.1064477577,
        0.1014145017,
        0.1024497017,
        0.11003156670000001,
        0.1005535277,
        0.0954839447
      ],
      "exit_codes": [
        0,
        0,
        0,
        0,
        0,
        0,
        0,
        0,
        0,
        0
      ]
    },
    {
      "command": "JavaScript (Node)",
      "mean": 0.21339884390000002,
      "stddev": 0.008702592535275137,
      "median": 0.21423971950000004,
      "user": 0.1409039,
      "system": 0.09233530000000001,
      "min": 0.197894164,
      "max": 0.22441991600000002,
      "times": [
        0.222672544,
        0.206929304,
        0.217403795,
        0.205063971,
        0.21411421200000003,
        0.20864958800000002,
        0.197894164,
        0.22247571800000002,
        0.22441991600000002,
        0.21436522700000002
      ],
      "exit_codes": [
        0,
        0,
        0,
        0,
        0,
        0,
        0,
        0,
        0,
        0
      ]
    },
    {
      "command": "Python",
      "mean": 2.9207073978,
      "stddev": 0.1145583697256064,
      "median": 2.894804186,
      "user": 2.8897839000000003,
      "system": 0.030397399999999998,
      "min": 2.804185226,
      "max": 3.211247592,
      "times": [
        2.950636854,
        2.944053878,
        2.954423949,
        2.870055862,
        2.804185226,
        2.857630799,
        2.878340926,
        2.825231446,
        2.911267446,
        3.211247592
      ],
      "exit_codes": [
        0,
        0,
        0,
        0,
        0,
        0,
        0,
        0,
        0,
        0
      ]
    },
    {
      "command": "Ruby",
      "mean": 2.9682016375000004,
      "stddev": 0.05427177066254044,
      "median": 2.981937237,
      "user": 2.6958998999999997,
      "system": 0.2696382,
      "min": 2.8659631340000002,
      "max": 3.029732115,
      "times": [
        3.029732115,
        3.004638032,
        2.985374243,
        3.010231699,
        2.965003093,
        2.892786263,
        2.8659631340000002,
        2.9362431730000003,
        2.978500231,
        3.013544392
      ],
      "exit_codes": [
        0,
        0,
        0,
        0,
        0,
        0,
        0,
        0,
        0,
        0
      ]
    }
  ]
}
