{
  "results": [
    {
      "command": "LOGOS (interpreted)",
      "mean": 0.10310994710000002,
      "stddev": 0.003715985288362952,
      "median": 0.101897782,
      "user": 0.09817411999999999,
      "system": 0.0047715399999999995,
      "min": 0.09921014500000001,
      "max": 0.10984968300000002,
      "times": [
        0.10342008100000001,
        0.101306323,
        0.09921014500000001,
        0.100381748,
        0.10102860000000001,
        0.10116746200000001,
        0.10974272600000001,
        0.10248924100000001,
        0.102503462,
        0.10984968300000002
      ],
      "exit_codes": [
        0,
        0,
        0,
        0,
        0,
        0,
        0,
        0,
        0,
        0
      ]
    },
    {
      "command": "LOGOS (tiered)",
      "mean": 0.10300131490000002,
      "stddev": 0.0027970058402850893,
      "median": 0.10256623120000001,
      "user": 0.09818288,
      "system": 0.00462992,
      "min": 0.09953783120000001,
      "max": 0.1074031482,
      "times": [
        0.1069014182,
        0.09953783120000001,
        0.0999944522,
        0.10557836120000001,
        0.10265503020000001,
        0.10247743220000001,
        0.1074031482,
        0.10336532520000001,
        0.10101415720000001,
        0.1010859932
      ],
      "exit_codes": [
        0,
        0,
        0,
        0,
        0,
        0,
        0,
        0,
        0,
        0
      ]
    },
    {
      "command": "JavaScript (Node)",
      "mean": 0.2570585368,
      "stddev": 0.010568418640471082,
      "median": 0.257415045,
      "user": 0.29500760000000004,
      "system": 0.0683236,
      "min": 0.24626354900000003,
      "max": 0.283768057,
      "times": [
        0.248072372,
        0.252772323,
        0.257131541,
        0.259300018,
        0.24885463900000002,
        0.25848100100000004,
        0.24626354900000003,
        0.283768057,
        0.257698549,
        0.258243319
      ],
      "exit_codes": [
        0,
        0,
        0,
        0,
        0,
        0,
        0,
        0,
        0,
        0
      ]
    },
    {
      "command": "Python",
      "mean": 0.2089673687,
      "stddev": 0.01105465877686493,
      "median": 0.2092723955,
      "user": 0.17769519999999997,
      "system": 0.030999000000000006,
      "min": 0.19646512600000002,
      "max": 0.227898385,
      "times": [
        0.21801794900000002,
        0.218609154,
        0.20617996300000002,
        0.215456162,
        0.212364828,
        0.227898385,
        0.197195799,
        0.19795979300000002,
        0.199526528,
        0.19646512600000002
      ],
      "exit_codes": [
        0,
        0,
        0,
        0,
        0,
        0,
        0,
        0,
        0,
        0
      ]
    },
    {
      "command": "Ruby",
      "mean": 0.1770516013,
      "stddev": 0.002461435408049043,
      "median": 0.1769420585,
      "user": 0.1642602,
      "system": 0.0126027,
      "min": 0.173280809,
      "max": 0.18274065,
      "times": [
        0.175214729,
        0.17701365400000002,
        0.178321206,
        0.17731579,
        0.176625526,
        0.176870463,
        0.18274065,
        0.173280809,
        0.17551736,
        0.177615826
      ],
      "exit_codes": [
        0,
        0,
        0,
        0,
        0,
        0,
        0,
        0,
        0,
        0
      ]
    }
  ]
}
