{
  "results": [
    {
      "command": "LOGOS (interpreted)",
      "mean": 5.352248835279999,
      "stddev": 0.014231065279839524,
      "median": 5.35667686678,
      "user": 5.34724438,
      "system": 0.00468116,
      "min": 5.33222988928,
      "max": 5.368384594279999,
      "times": [
        5.36713246128,
        5.342835184279999,
        5.35287684628,
        5.368384594279999,
        5.36047688728,
        5.3616843112799994,
        5.3649849742799995,
        5.33557792128,
        5.33630528328,
        5.33222988928
      ],
      "exit_codes": [
        0,
        0,
        0,
        0,
        0,
        0,
        0,
        0,
        0,
        0
      ]
    },
    {
      "command": "JavaScript (Node)",
      "mean": 0.21885333090000003,
      "stddev": 0.009207698868232254,
      "median": 0.219505275,
      "user": 0.1437447,
      "system": 0.0931101,
      "min": 0.206407853,
      "max": 0.23606089500000002,
      "times": [
        0.22337673800000002,
        0.206407853,
        0.22017198000000002,
        0.22582469900000002,
        0.215382916,
        0.21883857,
        0.208615873,
        0.23606089500000002,
        0.224574552,
        0.209279233
      ],
      "exit_codes": [
        0,
        0,
        0,
        0,
        0,
        0,
        0,
        0,
        0,
        0
      ]
    },
    {
      "command": "Python",
      "mean": 2.8927780633000006,
      "stddev": 0.1066905903472936,
      "median": 2.8587855925000003,
      "user": 2.8614880000000005,
      "system": 0.0306946,
      "min": 2.7788512030000003,
      "max": 3.097736123,
      "times": [
        2.840062714,
        2.7788512030000003,
        2.85556556,
        2.822288322,
        3.053258736,
        2.92554456,
        2.790471143,
        2.862005625,
        2.901996647,
        3.097736123
      ],
      "exit_codes": [
        0,
        0,
        0,
        0,
        0,
        0,
        0,
        0,
        0,
        0
      ]
    },
    {
      "command": "Ruby",
      "mean": 2.9666115705000005,
      "stddev": 0.045675168482593766,
      "median": 2.9562435675,
      "user": 2.6869091000000003,
      "system": 0.27700179999999996,
      "min": 2.914281883,
      "max": 3.032216071,
      "times": [
        3.009036452,
        3.032216071,
        2.9164432810000003,
        2.956985199,
        2.9271508710000003,
        3.010337379,
        2.929233363,
        3.01492927,
        2.955501936,
        2.914281883
      ],
      "exit_codes": [
        0,
        0,
        0,
        0,
        0,
        0,
        0,
        0,
        0,
        0
      ]
    }
  ]
}
