{
  "results": [
    {
      "command": "LOGOS (interpreted)",
      "mean": 0.13542422922000003,
      "stddev": 0.004994831790811065,
      "median": 0.13572664522000003,
      "user": 0.12487067999999998,
      "system": 0.01030606,
      "min": 0.12880784822000002,
      "max": 0.14236098822,
      "times": [
        0.12953658722000003,
        0.14236098822,
        0.13816074222000002,
        0.13274688622000003,
        0.13329254822000003,
        0.13989693822000002,
        0.12880784822000002,
        0.13040767422000002,
        0.13927299522000003,
        0.13975908422000002
      ],
      "exit_codes": [
        0,
        0,
        0,
        0,
        0,
        0,
        0,
        0,
        0,
        0
      ]
    },
    {
      "command": "LOGOS (tiered)",
      "mean": 0.13432837028,
      "stddev": 0.0034897525625243574,
      "median": 0.13348997508,
      "user": 0.12510614,
      "system": 0.00902012,
      "min": 0.13089621308,
      "max": 0.14363966408,
      "times": [
        0.13359544208,
        0.13089621308,
        0.13329631508,
        0.13173597207999999,
        0.13310067208,
        0.14363966408,
        0.13414142708,
        0.13464807707999998,
        0.13484541208,
        0.13338450808
      ],
      "exit_codes": [
        0,
        0,
        0,
        0,
        0,
        0,
        0,
        0,
        0,
        0
      ]
    },
    {
      "command": "JavaScript (Node)",
      "mean": 0.24708888540000004,
      "stddev": 0.005785585344918877,
      "median": 0.246073645,
      "user": 0.22985919999999993,
      "system": 0.020334899999999996,
      "min": 0.239481353,
      "max": 0.256723329,
      "times": [
        0.24790313500000002,
        0.241910637,
        0.24885314600000003,
        0.24424415500000002,
        0.256723329,
        0.243157859,
        0.24231402600000002,
        0.252889481,
        0.239481353,
        0.25341173300000003
      ],
      "exit_codes": [
        0,
        0,
        0,
        0,
        0,
        0,
        0,
        0,
        0,
        0
      ]
    },
    {
      "command": "Python",
      "mean": 1.3030320832000002,
      "stddev": 0.046830397374153926,
      "median": 1.2880063355,
      "user": 1.2466928,
      "system": 0.0561,
      "min": 1.252123428,
      "max": 1.4075681310000001,
      "times": [
        1.306121525,
        1.4075681310000001,
        1.282622472,
        1.293390199,
        1.273047636,
        1.252123428,
        1.27498303,
        1.358921881,
        1.2736088859999999,
        1.307933644
      ],
      "exit_codes": [
        0,
        0,
        0,
        0,
        0,
        0,
        0,
        0,
        0,
        0
      ]
    },
    {
      "command": "Ruby",
      "mean": 0.6133306987,
      "stddev": 0.0045819015136237635,
      "median": 0.615089403,
      "user": 0.5943119,
      "system": 0.018804300000000003,
      "min": 0.605656017,
      "max": 0.619969396,
      "times": [
        0.607369123,
        0.605656017,
        0.619969396,
        0.6130158330000001,
        0.6150635010000001,
        0.616489787,
        0.615115305,
        0.616624042,
        0.615147427,
        0.608856556
      ],
      "exit_codes": [
        0,
        0,
        0,
        0,
        0,
        0,
        0,
        0,
        0,
        0
      ]
    }
  ]
}
