{
  "results": [
    {
      "command": "LOGOS (interpreted)",
      "mean": 0.21842213686000003,
      "stddev": 0.004351070164319485,
      "median": 0.21872883146,
      "user": 0.20690352,
      "system": 0.011356279999999998,
      "min": 0.21249925546,
      "max": 0.22419089746,
      "times": [
        0.22085691546,
        0.21672508546,
        0.21323768546,
        0.21681495346,
        0.22419089746,
        0.22153577146,
        0.22064270946,
        0.21249925546,
        0.21392194146,
        0.22379615346
      ],
      "exit_codes": [
        0,
        0,
        0,
        0,
        0,
        0,
        0,
        0,
        0,
        0
      ]
    },
    {
      "command": "JavaScript (Node)",
      "mean": 0.23923749360000005,
      "stddev": 0.0033127319238762335,
      "median": 0.23931384300000003,
      "user": 0.2231937,
      "system": 0.019000399999999997,
      "min": 0.234926929,
      "max": 0.244756557,
      "times": [
        0.237416489,
        0.236830703,
        0.24360720500000002,
        0.2390819,
        0.244756557,
        0.234926929,
        0.23510755700000002,
        0.239545786,
        0.23988086700000003,
        0.24122094300000002
      ],
      "exit_codes": [
        0,
        0,
        0,
        0,
        0,
        0,
        0,
        0,
        0,
        0
      ]
    },
    {
      "command": "Python",
      "mean": 1.2061061453000002,
      "stddev": 0.037239768603176786,
      "median": 1.2070556725000001,
      "user": 1.1535467,
      "system": 0.052298,
      "min": 1.145183649,
      "max": 1.269231303,
      "times": [
        1.247562362,
        1.204165453,
        1.156017322,
        1.221737804,
        1.213497319,
        1.202729373,
        1.269231303,
        1.190990976,
        1.145183649,
        1.209945892
      ],
      "exit_codes": [
        0,
        0,
        0,
        0,
        0,
        0,
        0,
        0,
        0,
        0
      ]
    },
    {
      "command": "Ruby",
      "mean": 0.6008330515,
      "stddev": 0.010454607080996362,
      "median": 0.6000498795,
      "user": 0.5822604,
      "system": 0.018295099999999998,
      "min": 0.588254783,
      "max": 0.6174478880000001,
      "times": [
        0.603852758,
        0.6174478880000001,
        0.591246413,
        0.6119424760000001,
        0.610766664,
        0.5931501770000001,
        0.588254783,
        0.6056721700000001,
        0.596247001,
        0.589750185
      ],
      "exit_codes": [
        0,
        0,
        0,
        0,
        0,
        0,
        0,
        0,
        0,
        0
      ]
    }
  ]
}
