{
  "results": [
    {
      "command": "LOGOS (interpreted)",
      "mean": 0.16827113840000002,
      "stddev": 0.003328798889081532,
      "median": 0.16835605360000003,
      "user": 0.15764468,
      "system": 0.010317539999999998,
      "min": 0.1611801046,
      "max": 0.17459660660000004,
      "times": [
        0.16700975660000003,
        0.16867686260000003,
        0.1676152606,
        0.16701408660000003,
        0.16803524460000002,
        0.16959149360000003,
        0.1611801046,
        0.16883709060000002,
        0.17015487760000003,
        0.17459660660000004
      ],
      "exit_codes": [
        0,
        0,
        0,
        0,
        0,
        0,
        0,
        0,
        0,
        0
      ]
    },
    {
      "command": "LOGOS (tiered)",
      "mean": 0.16287825402,
      "stddev": 0.0030552688278414797,
      "median": 0.16321992862,
      "user": 0.15403229999999998,
      "system": 0.008544699999999999,
      "min": 0.15675414962,
      "max": 0.16839888262000002,
      "times": [
        0.16839888262000002,
        0.16318338762,
        0.16462095562,
        0.16354089962,
        0.16325646962,
        0.15675414962,
        0.16316890662000003,
        0.16043069062,
        0.16447319162000001,
        0.16095500662
      ],
      "exit_codes": [
        0,
        0,
        0,
        0,
        0,
        0,
        0,
        0,
        0,
        0
      ]
    },
    {
      "command": "JavaScript (Node)",
      "mean": 0.2476117892,
      "stddev": 0.005003009153667734,
      "median": 0.2463763605,
      "user": 0.230176,
      "system": 0.020451499999999997,
      "min": 0.240553965,
      "max": 0.25452639800000004,
      "times": [
        0.244377532,
        0.25230889500000003,
        0.240553965,
        0.250295425,
        0.24648630600000002,
        0.241809829,
        0.24626641500000002,
        0.24516033,
        0.25452639800000004,
        0.254332797
      ],
      "exit_codes": [
        0,
        0,
        0,
        0,
        0,
        0,
        0,
        0,
        0,
        0
      ]
    },
    {
      "command": "Python",
      "mean": 1.2394265340000001,
      "stddev": 0.03068524859937226,
      "median": 1.233866984,
      "user": 1.1854999999999998,
      "system": 0.053704299999999996,
      "min": 1.209231803,
      "max": 1.3191986770000002,
      "times": [
        1.236286249,
        1.235042359,
        1.219451782,
        1.225801026,
        1.220163314,
        1.209231803,
        1.250925418,
        1.2454731030000001,
        1.232691609,
        1.3191986770000002
      ],
      "exit_codes": [
        0,
        0,
        0,
        0,
        0,
        0,
        0,
        0,
        0,
        0
      ]
    },
    {
      "command": "Ruby",
      "mean": 0.6139790936,
      "stddev": 0.005089439631850618,
      "median": 0.6137623535000001,
      "user": 0.594439,
      "system": 0.019300900000000003,
      "min": 0.6057100400000001,
      "max": 0.622303267,
      "times": [
        0.6087375150000001,
        0.612044389,
        0.610805204,
        0.613117533,
        0.614407174,
        0.622303267,
        0.619421238,
        0.6057100400000001,
        0.61442613,
        0.618818446
      ],
      "exit_codes": [
        0,
        0,
        0,
        0,
        0,
        0,
        0,
        0,
        0,
        0
      ]
    }
  ]
}
