{
  "results": [
    {
      "command": "C",
      "mean": 3.718134072546667,
      "stddev": 1.095222733229073,
      "median": 3.5096465183800003,
      "user": 2.342053166666667,
      "system": 0.04071498,
      "min": 2.26579233088,
      "max": 6.60653474688,
      "times": [
        3.94611233088,
        3.4252106218800003,
        3.48013553888,
        2.76049774788,
        3.27955583088,
        5.585501289880001,
        3.5391574978800002,
        2.60888833088,
        3.68590808088,
        5.0112752478800004,
        3.63381166388,
        3.19403783088,
        6.60653474688,
        3.20589603888,
        2.86491416388,
        4.820352246880001,
        4.28669799788,
        2.33037295588,
        2.31172562288,
        2.26579233088,
        2.48844049788,
        2.62960608088,
        3.59264916388,
        4.33259187288,
        4.60002295588,
        3.09309770588,
        5.72639633088,
        4.80165178888,
        3.25650074788,
        4.180686914880001
      ],
      "memory_usage_byte": [
        2097152,
        2097152,
        2097152,
        2097152,
        2097152,
        2097152,
        2097152,
        2097152,
        2097152,
        2097152,
        2129920,
        2129920,
        2129920,
        2129920,
        2129920,
        2129920,
        2129920,
        2129920,
        2129920,
        2129920,
        2129920,
        2129920,
        2162688,
        2162688,
        2162688,
        2162688,
        2162688,
        2162688,
        2162688,
        2162688
      ],
      "exit_codes": [
        0,
        0,
        0,
        0,
        0,
        0,
        0,
        0,
        0,
        0,
        0,
        0,
        0,
        0,
        0,
        0,
        0,
        0,
        0,
        0,
        0,
        0,
        0,
        0,
        0,
        0,
        0,
        0,
        0,
        0
      ]
    },
    {
      "command": "LOGOS (release)",
      "mean": 2.8135117323133323,
      "stddev": 0.8336851305835893,
      "median": 2.39294112288,
      "user": 2.332271766666666,
      "system": 0.02394958,
      "min": 2.24457266388,
      "max": 5.70154178988,
      "times": [
        3.12060145588,
        2.8750196638800003,
        3.17463266388,
        2.71290049788,
        2.76750187288,
        2.38229008088,
        2.66669424788,
        3.60297153888,
        2.99764533088,
        5.70154178988,
        3.21769303988,
        4.26155153888,
        4.82631691388,
        3.24679837288,
        2.44081358088,
        2.30208233088,
        2.28474445588,
        2.31869003988,
        2.3082855808800002,
        2.25858478888,
        2.28882128988,
        2.26692449788,
        2.26819637188,
        2.33956137188,
        2.40359216488,
        2.25198503888,
        2.24457266388,
        2.28374808088,
        2.32300749788,
        2.26758320588
      ],
      "memory_usage_byte": [
        3719168,
        3719168,
        3719168,
        3719168,
        3719168,
        3719168,
        3719168,
        3719168,
        3719168,
        3719168,
        3719168,
        3719168,
        3719168,
        3719168,
        3719168,
        3719168,
        3719168,
        3719168,
        3719168,
        3719168,
        3719168,
        3719168,
        3719168,
        3719168,
        3719168,
        3719168,
        3719168,
        3719168,
        3719168,
        3719168
      ],
      "exit_codes": [
        0,
        0,
        0,
        0,
        0,
        0,
        0,
        0,
        0,
        0,
        0,
        0,
        0,
        0,
        0,
        0,
        0,
        0,
        0,
        0,
        0,
        0,
        0,
        0,
        0,
        0,
        0,
        0,
        0,
        0
      ]
    }
  ]
}
