{
  "results": [
    {
      "command": "C",
      "mean": 0.5542143677000001,
      "stddev": 0.011379434361565096,
      "median": 0.5521268733,
      "user": 0.5440550866666667,
      "system": 0.004073226666666666,
      "min": 0.5368772688000001,
      "max": 0.5892961858,
      "times": [
        0.5486946858,
        0.5514081858000001,
        0.5454912698000001,
        0.5495518528000001,
        0.5399765608,
        0.5528455608,
        0.5368772688000001,
        0.5429319778,
        0.5410212278000001,
        0.5469375608,
        0.5449929358000001,
        0.5418807688,
        0.5683550608000001,
        0.5689450188,
        0.5590742278,
        0.5585183108,
        0.5664504358,
        0.5723238518,
        0.5541175608000001,
        0.5463058938,
        0.5892961858,
        0.5573591018,
        0.5500726858,
        0.5623607688000001,
        0.5486500608,
        0.5465088938,
        0.5558287268000001,
        0.5584459778,
        0.5588026858,
        0.5624057278000001
      ],
      "memory_usage_byte": [
        1785856,
        1785856,
        1785856,
        1785856,
        1785856,
        1785856,
        1785856,
        1785856,
        1785856,
        1785856,
        1785856,
        1785856,
        1785856,
        1785856,
        1785856,
        1785856,
        1785856,
        1785856,
        1785856,
        1785856,
        1785856,
        1785856,
        1785856,
        1785856,
        1785856,
        1785856,
        1785856,
        1785856,
        1785856,
        1785856
      ],
      "exit_codes": [
        0,
        0,
        0,
        0,
        0,
        0,
        0,
        0,
        0,
        0,
        0,
        0,
        0,
        0,
        0,
        0,
        0,
        0,
        0,
        0,
        0,
        0,
        0,
        0,
        0,
        0,
        0,
        0,
        0,
        0
      ]
    },
    {
      "command": "LOGOS (release)",
      "mean": 0.6010057772999999,
      "stddev": 0.08188184204460054,
      "median": 0.5743318523000001,
      "user": 0.5652091199999998,
      "system": 0.0059381600000000005,
      "min": 0.5587033938,
      "max": 0.9661408528000001,
      "times": [
        0.5743491858,
        0.5805273938000001,
        0.5708444768000001,
        0.5769517688,
        0.5855315188,
        0.5641128518,
        0.5623226858,
        0.5625163108000001,
        0.5646037688000001,
        0.5675232688,
        0.5687316438000001,
        0.5598489768,
        0.5692880608,
        0.5587033938,
        0.5626662278000001,
        0.6073229778,
        0.5743145188000001,
        0.5695433528,
        0.5649651438000001,
        0.5743892278,
        0.5995683108000001,
        0.7776601858000001,
        0.6352286028,
        0.6620653518,
        0.6526037688,
        0.5851391858,
        0.5721608938,
        0.9661408528000001,
        0.5816023518000001,
        0.5789470608
      ],
      "memory_usage_byte": [
        3145728,
        3145728,
        3145728,
        3145728,
        3145728,
        3145728,
        3145728,
        3145728,
        3145728,
        3145728,
        3145728,
        3145728,
        3162112,
        3162112,
        3162112,
        3162112,
        3162112,
        3162112,
        3162112,
        3162112,
        3162112,
        3162112,
        3162112,
        3162112,
        3162112,
        3178496,
        3194880,
        3194880,
        3194880,
        3194880
      ],
      "exit_codes": [
        0,
        0,
        0,
        0,
        0,
        0,
        0,
        0,
        0,
        0,
        0,
        0,
        0,
        0,
        0,
        0,
        0,
        0,
        0,
        0,
        0,
        0,
        0,
        0,
        0,
        0,
        0,
        0,
        0,
        0
      ]
    }
  ]
}
