{
  "results": [
    {
      "command": "C",
      "mean": 0.026831743213333332,
      "stddev": 0.006868277096475637,
      "median": 0.02512164158,
      "user": 0.016672226666666665,
      "system": 0.006701513333333331,
      "min": 0.023030558080000003,
      "max": 0.06038026608000001,
      "times": [
        0.023597559080000004,
        0.02826218308,
        0.02431785008,
        0.026904767080000003,
        0.023030558080000003,
        0.06038026608000001,
        0.03696326708000001,
        0.027142433080000004,
        0.02504768308,
        0.025484225080000002,
        0.024297684080000003,
        0.02549605908,
        0.023840600080000003,
        0.027794475080000002,
        0.023613142080000003,
        0.025986142080000003,
        0.024611808080000002,
        0.02530339208,
        0.02395985008,
        0.02333705808,
        0.02385089208,
        0.02377593408,
        0.024390017080000003,
        0.02519560008,
        0.02794910008,
        0.02562472508,
        0.028901100080000002,
        0.02462855808,
        0.026865434080000004,
        0.024399933080000002
      ],
      "memory_usage_byte": [
        81199104,
        81199104,
        81199104,
        81199104,
        81199104,
        81199104,
        81199104,
        81199104,
        81199104,
        81199104,
        81199104,
        81199104,
        81199104,
        81199104,
        81199104,
        81199104,
        81199104,
        81199104,
        81199104,
        81199104,
        81199104,
        81199104,
        81199104,
        81199104,
        81199104,
        81199104,
        81199104,
        81199104,
        81199104,
        81199104
      ],
      "exit_codes": [
        0,
        0,
        0,
        0,
        0,
        0,
        0,
        0,
        0,
        0,
        0,
        0,
        0,
        0,
        0,
        0,
        0,
        0,
        0,
        0,
        0,
        0,
        0,
        0,
        0,
        0,
        0,
        0,
        0,
        0
      ]
    },
    {
      "command": "LOGOS (release)",
      "mean": 0.04151962514666667,
      "stddev": 0.005463818768170261,
      "median": 0.042022038080000004,
      "user": 0.022053159999999995,
      "system": 0.01664258,
      "min": 0.03182251608000001,
      "max": 0.05214351708000001,
      "times": [
        0.045207641080000006,
        0.04231664208000001,
        0.03693130908000001,
        0.034459934080000004,
        0.04992972508000001,
        0.05214351708000001,
        0.03651610008000001,
        0.039268183080000005,
        0.04299072508000001,
        0.040577391080000004,
        0.044835808080000004,
        0.03936510008000001,
        0.04172743408000001,
        0.04592693308000001,
        0.03182251608000001,
        0.045697809080000006,
        0.037226309080000006,
        0.04042160008000001,
        0.04601872508000001,
        0.03341518308000001,
        0.03816068408000001,
        0.04383139208,
        0.04732614208000001,
        0.039507808080000005,
        0.044453725080000006,
        0.04825093308000001,
        0.03298743308,
        0.04714118408000001,
        0.032180267080000005,
        0.04495060008000001
      ],
      "memory_usage_byte": [
        149848064,
        149848064,
        149848064,
        149848064,
        149848064,
        149848064,
        149848064,
        149848064,
        149848064,
        149848064,
        149848064,
        149848064,
        149848064,
        149848064,
        149848064,
        149979136,
        149979136,
        149979136,
        149979136,
        149979136,
        149979136,
        149979136,
        149979136,
        149979136,
        149979136,
        149979136,
        149979136,
        149979136,
        149979136,
        149979136
      ],
      "exit_codes": [
        0,
        0,
        0,
        0,
        0,
        0,
        0,
        0,
        0,
        0,
        0,
        0,
        0,
        0,
        0,
        0,
        0,
        0,
        0,
        0,
        0,
        0,
        0,
        0,
        0,
        0,
        0,
        0,
        0,
        0
      ]
    }
  ]
}
