{
  "results": [
    {
      "command": "C",
      "mean": 0.2618940357266667,
      "stddev": 0.008961406664911296,
      "median": 0.26031629006,
      "user": 0.2147815533333333,
      "system": 0.03890548,
      "min": 0.25131787356,
      "max": 0.28896262356,
      "times": [
        0.28050633156000004,
        0.25550462256,
        0.25141695656,
        0.26032683156,
        0.28896262356,
        0.25131787356,
        0.25706516456,
        0.27048995656,
        0.26581095656000003,
        0.25935878956,
        0.26397866456,
        0.26222795656000003,
        0.26117291556000005,
        0.25486933156,
        0.26757853956000005,
        0.26142749856,
        0.25536287356000004,
        0.26410416556000005,
        0.26144520656000003,
        0.28369528956,
        0.26068699756,
        0.25828512256,
        0.26286487356000005,
        0.26030574856000005,
        0.25294433156,
        0.26017112356000005,
        0.25701412356000003,
        0.25833178956,
        0.25181795656,
        0.25777645656000003
      ],
      "memory_usage_byte": [
        401145856,
        401145856,
        401145856,
        401145856,
        401145856,
        401145856,
        401145856,
        401145856,
        401145856,
        401145856,
        401145856,
        401145856,
        401145856,
        401145856,
        401145856,
        401145856,
        401145856,
        401145856,
        401145856,
        401145856,
        401145856,
        401145856,
        401145856,
        401145856,
        401145856,
        401145856,
        401145856,
        401145856,
        401145856,
        401145856
      ],
      "exit_codes": [
        0,
        0,
        0,
        0,
        0,
        0,
        0,
        0,
        0,
        0,
        0,
        0,
        0,
        0,
        0,
        0,
        0,
        0,
        0,
        0,
        0,
        0,
        0,
        0,
        0,
        0,
        0,
        0,
        0,
        0
      ]
    },
    {
      "command": "LOGOS (release)",
      "mean": 0.30702482882666665,
      "stddev": 0.014353126723011533,
      "median": 0.30618201906,
      "user": 0.2473732866666666,
      "system": 0.04846214666666668,
      "min": 0.28618883156,
      "max": 0.35538795656000005,
      "times": [
        0.30296383156,
        0.29606245656,
        0.29402774856,
        0.29021512256000004,
        0.30675724856000003,
        0.29469987356000005,
        0.28618883156,
        0.30571241456000003,
        0.30614228956,
        0.30624124856,
        0.33161591456000006,
        0.30586733156,
        0.28716791456,
        0.31264778956000006,
        0.30904054056,
        0.35538795656000005,
        0.31607949756000003,
        0.31146574856000003,
        0.30689233156,
        0.29498541556,
        0.30800370656000003,
        0.30576624856,
        0.33511729056,
        0.29588720656,
        0.31307737356000004,
        0.30616928956,
        0.30830470656000003,
        0.31646745656,
        0.29559533156,
        0.30619474856
      ],
      "memory_usage_byte": [
        671252480,
        671252480,
        671252480,
        671252480,
        671252480,
        671252480,
        671252480,
        671252480,
        671252480,
        671252480,
        671252480,
        671252480,
        671252480,
        671252480,
        671252480,
        671252480,
        671252480,
        671252480,
        671285248,
        671285248,
        671285248,
        671285248,
        671285248,
        671285248,
        671285248,
        671285248,
        671367168,
        671367168,
        671367168,
        671367168
      ],
      "exit_codes": [
        0,
        0,
        0,
        0,
        0,
        0,
        0,
        0,
        0,
        0,
        0,
        0,
        0,
        0,
        0,
        0,
        0,
        0,
        0,
        0,
        0,
        0,
        0,
        0,
        0,
        0,
        0,
        0,
        0,
        0
      ]
    }
  ]
}
