{
  "results": [
    {
      "command": "C",
      "mean": 0.12612406293333328,
      "stddev": 0.007373989602700207,
      "median": 0.1250060642,
      "user": 0.08266023333333335,
      "system": 0.038587006666666666,
      "min": 0.11938898120000001,
      "max": 0.1630867312,
      "times": [
        0.1253628142,
        0.12485193920000001,
        0.1302693982,
        0.1284130642,
        0.12169864820000001,
        0.12200927219999999,
        0.1295295222,
        0.11938898120000001,
        0.1266435642,
        0.1265341062,
        0.12327610520000001,
        0.12556781420000002,
        0.1223125222,
        0.1253612732,
        0.12375106420000001,
        0.1268264812,
        0.1257100222,
        0.1253516892,
        0.12423285619999999,
        0.12693514820000001,
        0.1223419812,
        0.12419923120000001,
        0.12511843920000001,
        0.12335931420000001,
        0.12489368919999999,
        0.1272296062,
        0.1241919812,
        0.1630867312,
        0.12254077220000001,
        0.12273385619999999
      ],
      "memory_usage_byte": [
        401145856,
        401145856,
        401145856,
        401145856,
        401145856,
        401145856,
        401145856,
        401145856,
        401145856,
        401145856,
        401145856,
        401145856,
        401145856,
        401145856,
        401145856,
        401145856,
        401145856,
        401145856,
        401145856,
        401145856,
        401145856,
        401145856,
        401145856,
        401145856,
        401145856,
        401145856,
        401145856,
        401145856,
        401145856,
        401145856
      ],
      "exit_codes": [
        0,
        0,
        0,
        0,
        0,
        0,
        0,
        0,
        0,
        0,
        0,
        0,
        0,
        0,
        0,
        0,
        0,
        0,
        0,
        0,
        0,
        0,
        0,
        0,
        0,
        0,
        0,
        0,
        0,
        0
      ]
    },
    {
      "command": "LOGOS (release)",
      "mean": 0.14819936826666666,
      "stddev": 0.018169877590123142,
      "median": 0.1416082937,
      "user": 0.09958006666666668,
      "system": 0.04106874000000002,
      "min": 0.1343103142,
      "max": 0.21494693920000002,
      "times": [
        0.1343103142,
        0.1396134802,
        0.1368494802,
        0.1525002722,
        0.17023135620000002,
        0.1508371482,
        0.1409381892,
        0.1414694812,
        0.1358320222,
        0.1375741892,
        0.1414022302,
        0.1456051052,
        0.1417471062,
        0.1450176892,
        0.1400667732,
        0.1474016062,
        0.1541956892,
        0.20250339720000002,
        0.1441050642,
        0.21494693920000002,
        0.1398412312,
        0.1413550222,
        0.1436081892,
        0.1500369392,
        0.1465673552,
        0.15686785520000002,
        0.1383404392,
        0.1378421062,
        0.1349848552,
        0.1393895222
      ],
      "memory_usage_byte": [
        402931712,
        402931712,
        402931712,
        402931712,
        402931712,
        402931712,
        402931712,
        402931712,
        402931712,
        402931712,
        402931712,
        402931712,
        402931712,
        402931712,
        402931712,
        402931712,
        402931712,
        402931712,
        402931712,
        402931712,
        402931712,
        402931712,
        402931712,
        402931712,
        402931712,
        402931712,
        402931712,
        402931712,
        402931712,
        402931712
      ],
      "exit_codes": [
        0,
        0,
        0,
        0,
        0,
        0,
        0,
        0,
        0,
        0,
        0,
        0,
        0,
        0,
        0,
        0,
        0,
        0,
        0,
        0,
        0,
        0,
        0,
        0,
        0,
        0,
        0,
        0,
        0,
        0
      ]
    }
  ]
}
