{
  "results": [
    {
      "command": "C",
      "mean": 0.2600220989866667,
      "stddev": 0.012442684832921849,
      "median": 0.25563837272,
      "user": 0.2124261066666667,
      "system": 0.03954253333333334,
      "min": 0.24682905972000002,
      "max": 0.29520193572000003,
      "times": [
        0.25631110172,
        0.25376872672,
        0.25687843472,
        0.29520193572000003,
        0.25036851872,
        0.25737001772,
        0.25408472672,
        0.24682905972000002,
        0.25539722672000004,
        0.25477439372,
        0.25587951872000003,
        0.25464635172,
        0.25002618472,
        0.25631506072,
        0.25253097672,
        0.24877422672,
        0.25264130972000004,
        0.28580060172,
        0.26602514272,
        0.28762205972,
        0.25517468572,
        0.25883397672,
        0.26721985172,
        0.25177097672000004,
        0.28726785172,
        0.26426439372,
        0.25448631072,
        0.25500489372,
        0.25754893472,
        0.25784551872
      ],
      "memory_usage_byte": [
        401162240,
        401162240,
        401162240,
        401162240,
        401162240,
        401162240,
        401162240,
        401162240,
        401162240,
        401162240,
        401162240,
        401162240,
        401162240,
        401162240,
        401162240,
        401162240,
        401162240,
        401227776,
        401227776,
        401227776,
        401227776,
        401227776,
        401227776,
        401227776,
        401227776,
        401227776,
        401227776,
        401227776,
        401227776,
        401227776
      ],
      "exit_codes": [
        0,
        0,
        0,
        0,
        0,
        0,
        0,
        0,
        0,
        0,
        0,
        0,
        0,
        0,
        0,
        0,
        0,
        0,
        0,
        0,
        0,
        0,
        0,
        0,
        0,
        0,
        0,
        0,
        0,
        0
      ]
    },
    {
      "command": "LOGOS (release)",
      "mean": 0.29610778512,
      "stddev": 0.014410145848187894,
      "median": 0.29337416422,
      "user": 0.24345327333333333,
      "system": 0.04642,
      "min": 0.27839143472,
      "max": 0.33299426872000004,
      "times": [
        0.29323493472,
        0.28740201872000004,
        0.28303047672000003,
        0.28449251872000003,
        0.29520160172000004,
        0.30310543572000004,
        0.28539897672000003,
        0.29220268472,
        0.28776772672,
        0.28031514372,
        0.32515635172,
        0.33299426872000004,
        0.31906672672,
        0.29660918472000003,
        0.29756376772000004,
        0.30996501772,
        0.29819501772,
        0.29650293572,
        0.33223239372,
        0.28615264372,
        0.29351339372,
        0.28976589372,
        0.28786956072000003,
        0.29668889372,
        0.29557755972,
        0.27839143472,
        0.29128476872000003,
        0.29543264372,
        0.28932218572,
        0.27879739272000004
      ],
      "memory_usage_byte": [
        402784256,
        402784256,
        402784256,
        402784256,
        402784256,
        402817024,
        402817024,
        402817024,
        402817024,
        402849792,
        402849792,
        402849792,
        402849792,
        402849792,
        402849792,
        402849792,
        402849792,
        402849792,
        402849792,
        402849792,
        402849792,
        402849792,
        402849792,
        402849792,
        402849792,
        402849792,
        402849792,
        402849792,
        402849792,
        402849792
      ],
      "exit_codes": [
        0,
        0,
        0,
        0,
        0,
        0,
        0,
        0,
        0,
        0,
        0,
        0,
        0,
        0,
        0,
        0,
        0,
        0,
        0,
        0,
        0,
        0,
        0,
        0,
        0,
        0,
        0,
        0,
        0,
        0
      ]
    }
  ]
}
