{
  "results": [
    {
      "command": "C",
      "mean": 4.713289712946667,
      "stddev": 1.5004080326467923,
      "median": 4.0630440742800005,
      "user": 3.488711926666667,
      "system": 0.08776131333333331,
      "min": 3.45456492828,
      "max": 8.04759026128,
      "times": [
        3.48079047028,
        3.46902455328,
        3.51969409428,
        3.49040113628,
        3.45456492828,
        3.51729759428,
        3.50477713628,
        3.47471717828,
        3.99180459528,
        3.99318601128,
        7.74393401128,
        4.36696542828,
        4.14441267828,
        8.04759026128,
        3.78593947028,
        3.91364617828,
        7.16569213728,
        3.8395418032800004,
        4.03718659528,
        6.662498219280001,
        4.19158755328,
        5.88070209528,
        6.30031563628,
        5.14326130328,
        7.80712263728,
        4.3634140532800005,
        4.12249076128,
        6.37824534428,
        4.08890155328,
        3.51898597028
      ],
      "memory_usage_byte": [
        26198016,
        26198016,
        26198016,
        26198016,
        26198016,
        26198016,
        26198016,
        26198016,
        26198016,
        26198016,
        26198016,
        26198016,
        26198016,
        26198016,
        26198016,
        26198016,
        26198016,
        26198016,
        26198016,
        26198016,
        26198016,
        26525696,
        26525696,
        26738688,
        26738688,
        26738688,
        26738688,
        26738688,
        26738688,
        26738688
      ],
      "exit_codes": [
        0,
        0,
        0,
        0,
        0,
        0,
        0,
        0,
        0,
        0,
        0,
        0,
        0,
        0,
        0,
        0,
        0,
        0,
        0,
        0,
        0,
        0,
        0,
        0,
        0,
        0,
        0,
        0,
        0,
        0
      ]
    },
    {
      "command": "LOGOS (release)",
      "mean": 0.006605483846666665,
      "stddev": 0.0011926472339621776,
      "median": 0.006288657779999998,
      "user": 0.004462226666666666,
      "system": 0.0010307133333333333,
      "min": 0.005296428279999998,
      "max": 0.011045595279999999,
      "times": [
        0.005872761279999998,
        0.006203178279999999,
        0.006436053279999998,
        0.006123011279999998,
        0.006477678279999998,
        0.005735970279999999,
        0.005914303279999998,
        0.0055370112799999986,
        0.0055373442799999985,
        0.005531595279999999,
        0.007245428279999999,
        0.009375553279999999,
        0.007282094279999998,
        0.007407637279999999,
        0.011045595279999999,
        0.005778345279999998,
        0.005926428279999998,
        0.007882970279999998,
        0.006823053279999998,
        0.005787011279999999,
        0.006151845279999998,
        0.005910970279999999,
        0.0066310532799999985,
        0.005296428279999998,
        0.006322553279999999,
        0.006887011279999999,
        0.006254762279999998,
        0.006616261279999999,
        0.0072659282799999985,
        0.006904678279999998
      ],
      "memory_usage_byte": [
        26738688,
        26738688,
        26738688,
        26738688,
        26738688,
        26738688,
        26738688,
        26738688,
        26738688,
        26738688,
        26738688,
        26738688,
        26738688,
        26738688,
        26738688,
        26738688,
        26738688,
        26738688,
        26738688,
        26738688,
        26738688,
        26738688,
        26738688,
        26738688,
        26738688,
        26738688,
        26738688,
        26738688,
        26738688,
        26738688
      ],
      "exit_codes": [
        0,
        0,
        0,
        0,
        0,
        0,
        0,
        0,
        0,
        0,
        0,
        0,
        0,
        0,
        0,
        0,
        0,
        0,
        0,
        0,
        0,
        0,
        0,
        0,
        0,
        0,
        0,
        0,
        0,
        0
      ]
    }
  ]
}
