{
  "results": [
    {
      "command": "C",
      "mean": 0.0011687297799999978,
      "stddev": 0.000310271957656744,
      "median": 0.0011650659799999977,
      "user": 0.0004514266666666667,
      "system": 0.0004206066666666666,
      "min": 0.0005616904799999978,
      "max": 0.0019853574799999977,
      "times": [
        0.0007112324799999977,
        0.0013361914799999972,
        0.0008331904799999978,
        0.0015157744799999978,
        0.0010964824799999978,
        0.0012774824799999976,
        0.0010256074799999972,
        0.001093107479999997,
        0.0010893154799999972,
        0.0007243164799999977,
        0.0010958574799999972,
        0.0013225654799999972,
        0.0008365654799999977,
        0.0012336494799999975,
        0.0008511914799999971,
        0.0012532324799999976,
        0.000980441479999997,
        0.0013978994799999978,
        0.0013462744799999974,
        0.0019853574799999977,
        0.0013165654799999972,
        0.0015203984799999977,
        0.0010076494799999979,
        0.0017911914799999978,
        0.0005616904799999978,
        0.0012883994799999976,
        0.0010298574799999971,
        0.0009643154799999971,
        0.0012370664799999979,
        0.0013390234799999976
      ],
      "memory_usage_byte": [
        1785856,
        1785856,
        1785856,
        1785856,
        1785856,
        1785856,
        1785856,
        1785856,
        1785856,
        1785856,
        1785856,
        1785856,
        1785856,
        1785856,
        1785856,
        1785856,
        1785856,
        1785856,
        1785856,
        1785856,
        1785856,
        1785856,
        1785856,
        1785856,
        1785856,
        1785856,
        1785856,
        1785856,
        1785856,
        1785856
      ],
      "exit_codes": [
        0,
        0,
        0,
        0,
        0,
        0,
        0,
        0,
        0,
        0,
        0,
        0,
        0,
        0,
        0,
        0,
        0,
        0,
        0,
        0,
        0,
        0,
        0,
        0,
        0,
        0,
        0,
        0,
        0,
        0
      ]
    },
    {
      "command": "LOGOS (release)",
      "mean": 0.004064411646666664,
      "stddev": 0.007174963788138885,
      "median": 0.002651836479999998,
      "user": 0.0015173933333333335,
      "system": 0.0007466733333333333,
      "min": 0.0020243994799999973,
      "max": 0.04177952448,
      "times": [
        0.04177952448,
        0.006892857479999997,
        0.002695857479999998,
        0.0027804824799999976,
        0.0021899824799999977,
        0.002603857479999998,
        0.002577107479999997,
        0.0030091904799999978,
        0.0028682744799999973,
        0.0028419414799999974,
        0.0027662744799999976,
        0.003101190479999998,
        0.002743899479999998,
        0.002552732479999998,
        0.0023723154799999975,
        0.0022318154799999975,
        0.002607815479999998,
        0.002262107479999998,
        0.002296982479999997,
        0.002109940479999998,
        0.002751482479999997,
        0.002091357479999998,
        0.002492898479999998,
        0.0021990244799999976,
        0.0033855244799999976,
        0.0028634404799999977,
        0.002880648479999997,
        0.002473857479999998,
        0.0020243994799999973,
        0.0034855664799999975
      ],
      "memory_usage_byte": [
        2703360,
        2703360,
        2703360,
        2703360,
        2703360,
        2703360,
        2703360,
        2785280,
        2785280,
        2785280,
        2785280,
        2785280,
        2785280,
        2785280,
        2785280,
        2785280,
        2785280,
        2785280,
        2785280,
        2785280,
        2785280,
        2785280,
        2785280,
        2785280,
        2785280,
        2785280,
        2785280,
        2785280,
        2785280,
        2785280
      ],
      "exit_codes": [
        0,
        0,
        0,
        0,
        0,
        0,
        0,
        0,
        0,
        0,
        0,
        0,
        0,
        0,
        0,
        0,
        0,
        0,
        0,
        0,
        0,
        0,
        0,
        0,
        0,
        0,
        0,
        0,
        0,
        0
      ]
    }
  ]
}
