{
  "results": [
    {
      "command": "C",
      "mean": 0.03634318844,
      "stddev": 0.014365729454164741,
      "median": 0.03175716324,
      "user": 0.029473293333333327,
      "system": 0.000859626666666667,
      "min": 0.029932350240000006,
      "max": 0.08922480924000001,
      "times": [
        0.03334360024,
        0.07099830924,
        0.03187072624,
        0.029932350240000006,
        0.03122818424,
        0.03118797624,
        0.03282576724,
        0.03126597624,
        0.03214176824,
        0.030648934240000005,
        0.03008685124,
        0.030444017240000006,
        0.031818267239999996,
        0.03011722524,
        0.030364393240000006,
        0.08922480924000001,
        0.033057934239999996,
        0.03243805924,
        0.03092172524,
        0.03646189224,
        0.03380076824,
        0.03211260124,
        0.03210860024,
        0.03203535124,
        0.031437268239999996,
        0.03169605924,
        0.07327485124000001,
        0.03157739324,
        0.030525559240000003,
        0.03134843424
      ],
      "memory_usage_byte": [
        1753088,
        1753088,
        1753088,
        1753088,
        1753088,
        1753088,
        1753088,
        1753088,
        1753088,
        1753088,
        1753088,
        1753088,
        1753088,
        1753088,
        1753088,
        1753088,
        1753088,
        1753088,
        1753088,
        1753088,
        1753088,
        1753088,
        1753088,
        1753088,
        1753088,
        1753088,
        1753088,
        1753088,
        1753088,
        1753088
      ],
      "exit_codes": [
        0,
        0,
        0,
        0,
        0,
        0,
        0,
        0,
        0,
        0,
        0,
        0,
        0,
        0,
        0,
        0,
        0,
        0,
        0,
        0,
        0,
        0,
        0,
        0,
        0,
        0,
        0,
        0,
        0,
        0
      ]
    },
    {
      "command": "LOGOS (release)",
      "mean": 0.08816915654,
      "stddev": 0.008269417884081712,
      "median": 0.08606468424,
      "user": 0.08235329333333333,
      "system": 0.0014079933333333336,
      "min": 0.08279555924,
      "max": 0.12517597624000001,
      "times": [
        0.08337326724,
        0.08414043424,
        0.08494305924000001,
        0.08554460024,
        0.08700635124,
        0.08568155924,
        0.09304197524,
        0.08541289324000001,
        0.08505622624,
        0.08279555924,
        0.08425026824000001,
        0.10734318424,
        0.08935385124,
        0.08469060124,
        0.08825072624000001,
        0.08745176724,
        0.08644780924,
        0.08338235024,
        0.08749685124,
        0.08703372624,
        0.08701576724,
        0.08774451824,
        0.08506614324,
        0.08665172624,
        0.08883255924,
        0.08822772524,
        0.12517597624000001,
        0.08379080924,
        0.08565464224000001,
        0.08421776824
      ],
      "memory_usage_byte": [
        2932736,
        2932736,
        2932736,
        2932736,
        2932736,
        2932736,
        2932736,
        2932736,
        2932736,
        2932736,
        2932736,
        2932736,
        2932736,
        2932736,
        2932736,
        2932736,
        2932736,
        2932736,
        2932736,
        2932736,
        2932736,
        2932736,
        2932736,
        2932736,
        2932736,
        2932736,
        2932736,
        2932736,
        2932736,
        2932736
      ],
      "exit_codes": [
        0,
        0,
        0,
        0,
        0,
        0,
        0,
        0,
        0,
        0,
        0,
        0,
        0,
        0,
        0,
        0,
        0,
        0,
        0,
        0,
        0,
        0,
        0,
        0,
        0,
        0,
        0,
        0,
        0,
        0
      ]
    }
  ]
}
