{
  "results": [
    {
      "command": "C",
      "mean": 0.6389719865066665,
      "stddev": 0.01568072455652178,
      "median": 0.6412745074399999,
      "user": 0.6323823733333335,
      "system": 0.0023157200000000003,
      "min": 0.59510650744,
      "max": 0.66771984044,
      "times": [
        0.64336192444,
        0.63159763244,
        0.65228688244,
        0.64729200744,
        0.64641838244,
        0.65149109044,
        0.62891034044,
        0.6670061324400001,
        0.6523177154400001,
        0.66771984044,
        0.65834250744,
        0.6401822164400001,
        0.62894759144,
        0.64850138244,
        0.64223434044,
        0.62952292344,
        0.64087375744,
        0.59510650744,
        0.60208946544,
        0.64935871544,
        0.6289232984400001,
        0.63552429844,
        0.63153625744,
        0.62461309044,
        0.63813934044,
        0.62396379944,
        0.64283350744,
        0.64236767344,
        0.63602171644,
        0.64167525744
      ],
      "memory_usage_byte": [
        1916928,
        1916928,
        1916928,
        1916928,
        1916928,
        1916928,
        1916928,
        1916928,
        1916928,
        1916928,
        1916928,
        1916928,
        1916928,
        1916928,
        1916928,
        1916928,
        1916928,
        1916928,
        1916928,
        1916928,
        1916928,
        1916928,
        1916928,
        1916928,
        1916928,
        1916928,
        1916928,
        1916928,
        1916928,
        1916928
      ],
      "exit_codes": [
        0,
        0,
        0,
        0,
        0,
        0,
        0,
        0,
        0,
        0,
        0,
        0,
        0,
        0,
        0,
        0,
        0,
        0,
        0,
        0,
        0,
        0,
        0,
        0,
        0,
        0,
        0,
        0,
        0,
        0
      ]
    },
    {
      "command": "LOGOS (release)",
      "mean": 0.9957520935733334,
      "stddev": 0.01917153809079907,
      "median": 0.98932598644,
      "user": 0.9879368066666666,
      "system": 0.0032864533333333322,
      "min": 0.98309742444,
      "max": 1.0727179234400002,
      "times": [
        0.98716713244,
        0.98309742444,
        1.0727179234400002,
        1.04005179944,
        1.0285951744400001,
        1.0077527994400002,
        0.9992548824399999,
        0.9919282984400001,
        0.9866453404400001,
        0.9856352994400001,
        0.98651350744,
        0.98532234044,
        0.9898983824400001,
        0.98765725744,
        0.9866939664400001,
        0.9893041744400001,
        0.98551671644,
        0.99355171544,
        0.98817192344,
        0.98986963244,
        0.99153975744,
        0.98873971644,
        0.98585134044,
        0.98957467444,
        0.98934779844,
        0.98728446544,
        1.0041873404400001,
        0.99183104944,
        0.9905479244400001,
        0.98831304944
      ],
      "memory_usage_byte": [
        2965504,
        2965504,
        2965504,
        2981888,
        3014656,
        3014656,
        3014656,
        3014656,
        3014656,
        3014656,
        3014656,
        3014656,
        3014656,
        3014656,
        3014656,
        3014656,
        3014656,
        3014656,
        3014656,
        3014656,
        3014656,
        3014656,
        3014656,
        3014656,
        3014656,
        3014656,
        3014656,
        3047424,
        3047424,
        3047424
      ],
      "exit_codes": [
        0,
        0,
        0,
        0,
        0,
        0,
        0,
        0,
        0,
        0,
        0,
        0,
        0,
        0,
        0,
        0,
        0,
        0,
        0,
        0,
        0,
        0,
        0,
        0,
        0,
        0,
        0,
        0,
        0,
        0
      ]
    }
  ]
}
