{
  "results": [
    {
      "command": "C",
      "mean": 0.003978081166666666,
      "stddev": 0.006145212225678711,
      "median": 0.0017358364000000003,
      "user": 0.0017094599999999997,
      "system": 0.0009077466666666666,
      "min": 0.0007615238999999999,
      "max": 0.0251110659,
      "times": [
        0.0016970659,
        0.0024530659,
        0.0020210239,
        0.0019223989000000004,
        0.0025836909000000003,
        0.0018887738999999997,
        0.0044831909,
        0.0251110659,
        0.0242961909,
        0.0124929829,
        0.0085854829,
        0.0048308159,
        0.0038813999000000005,
        0.0022884829000000004,
        0.0013855659,
        0.0017746069000000005,
        0.0007615238999999999,
        0.0009265658999999997,
        0.0015460239000000004,
        0.0011950659000000002,
        0.0013342739000000003,
        0.0014146078999999999,
        0.0014930658999999999,
        0.0007902329,
        0.0010508159,
        0.0018020659000000001,
        0.0009878578999999998,
        0.0015028988999999998,
        0.0014125659,
        0.0014290659
      ],
      "memory_usage_byte": [
        1998848,
        1998848,
        1998848,
        1998848,
        1998848,
        1998848,
        2113536,
        2113536,
        2113536,
        2113536,
        2113536,
        2113536,
        2113536,
        2113536,
        2113536,
        2113536,
        2113536,
        2113536,
        2113536,
        2113536,
        2113536,
        2113536,
        2113536,
        2113536,
        2113536,
        2113536,
        2113536,
        2113536,
        2113536,
        2113536
      ],
      "exit_codes": [
        0,
        0,
        0,
        0,
        0,
        0,
        0,
        0,
        0,
        0,
        0,
        0,
        0,
        0,
        0,
        0,
        0,
        0,
        0,
        0,
        0,
        0,
        0,
        0,
        0,
        0,
        0,
        0,
        0,
        0
      ]
    },
    {
      "command": "LOGOS (release)",
      "mean": 0.0034447032999999996,
      "stddev": 0.00062728385277533,
      "median": 0.0032875239000000004,
      "user": 0.00278036,
      "system": 0.0009728133333333337,
      "min": 0.0027403159,
      "max": 0.0054706489,
      "times": [
        0.0028710658999999998,
        0.0037001909000000006,
        0.0033834829,
        0.0030326909,
        0.0037531909,
        0.0027918159000000003,
        0.0031670239000000005,
        0.0030115239,
        0.0030923989000000004,
        0.0044856909,
        0.0034029829000000004,
        0.003586523900000001,
        0.0031926499000000004,
        0.0033013159000000007,
        0.0041833159,
        0.0037261068999999997,
        0.0048006079,
        0.0032696068999999994,
        0.0028915249000000002,
        0.0028823989000000003,
        0.0040038569,
        0.0033103158999999993,
        0.0027806489,
        0.0031172739,
        0.0031325659000000002,
        0.0027403159,
        0.0054706489,
        0.0035835659000000002,
        0.003402065900000001,
        0.0032737319
      ],
      "memory_usage_byte": [
        3571712,
        3571712,
        3571712,
        3571712,
        3571712,
        3571712,
        3571712,
        3571712,
        3571712,
        3571712,
        3571712,
        3571712,
        3571712,
        3571712,
        3571712,
        3571712,
        3670016,
        3670016,
        3670016,
        3670016,
        3670016,
        3670016,
        3670016,
        3670016,
        3670016,
        3670016,
        3670016,
        3670016,
        3670016,
        3670016
      ],
      "exit_codes": [
        0,
        0,
        0,
        0,
        0,
        0,
        0,
        0,
        0,
        0,
        0,
        0,
        0,
        0,
        0,
        0,
        0,
        0,
        0,
        0,
        0,
        0,
        0,
        0,
        0,
        0,
        0,
        0,
        0,
        0
      ]
    }
  ]
}
