{
  "results": [
    {
      "command": "C",
      "mean": 0.12999482712666666,
      "stddev": 0.009874039189224413,
      "median": 0.12672673366000003,
      "user": 0.11285410666666666,
      "system": 0.01192534,
      "min": 0.12312931716000002,
      "max": 0.16744906716000002,
      "times": [
        0.12719915116000002,
        0.12934810916000003,
        0.12962760916000002,
        0.12713265116000003,
        0.12946740016000002,
        0.12557377516,
        0.12722223416000003,
        0.15310910916000003,
        0.12411135916,
        0.12354910916000002,
        0.12873940116000002,
        0.12847465116,
        0.12748106716000002,
        0.14554048416,
        0.12375210916,
        0.12573069216000002,
        0.12370085916,
        0.12683027516000003,
        0.12640690116000003,
        0.12662319216,
        0.14530506716000002,
        0.12312931716000002,
        0.12533456816000002,
        0.12579402516000002,
        0.12554160916,
        0.12657002516000002,
        0.12940023416000002,
        0.12577802616000003,
        0.16744906716000002,
        0.12592273416000002
      ],
      "memory_usage_byte": [
        81149952,
        81149952,
        81149952,
        81149952,
        81149952,
        81166336,
        81166336,
        81166336,
        81166336,
        81166336,
        81166336,
        81166336,
        81166336,
        81166336,
        81166336,
        81166336,
        81166336,
        81166336,
        81166336,
        81166336,
        81166336,
        81166336,
        81166336,
        81166336,
        81166336,
        81166336,
        81166336,
        81166336,
        81166336,
        81166336
      ],
      "exit_codes": [
        0,
        0,
        0,
        0,
        0,
        0,
        0,
        0,
        0,
        0,
        0,
        0,
        0,
        0,
        0,
        0,
        0,
        0,
        0,
        0,
        0,
        0,
        0,
        0,
        0,
        0,
        0,
        0,
        0,
        0
      ]
    },
    {
      "command": "LOGOS (release)",
      "mean": 0.14720367442666668,
      "stddev": 0.004060882411191684,
      "median": 0.14659181766,
      "user": 0.13229050666666664,
      "system": 0.01201194,
      "min": 0.14177831716000003,
      "max": 0.16256819216,
      "times": [
        0.14431298416000002,
        0.14659723416000003,
        0.14644844316000002,
        0.14614606716000003,
        0.14440248416,
        0.14577873416000003,
        0.14781894316000002,
        0.14773744316,
        0.14356460916000002,
        0.14487281716000003,
        0.14696685916000002,
        0.14591381816000001,
        0.14714231816000004,
        0.16256819216,
        0.14177831716000003,
        0.14822519216000002,
        0.14411735916,
        0.14658640116000002,
        0.14579285916,
        0.14478248416000003,
        0.14304056716000002,
        0.14801881716,
        0.15833819216000003,
        0.14753852516000002,
        0.14982310916000002,
        0.14857877616,
        0.14746410916000002,
        0.14814148416000003,
        0.14729319216000003,
        0.14631990016000002
      ],
      "memory_usage_byte": [
        82673664,
        82673664,
        82788352,
        82788352,
        82788352,
        82788352,
        82788352,
        82788352,
        82788352,
        82788352,
        82788352,
        82788352,
        82788352,
        82788352,
        82788352,
        82853888,
        82853888,
        82853888,
        82853888,
        82853888,
        82853888,
        82853888,
        82853888,
        82853888,
        82853888,
        82853888,
        82853888,
        82853888,
        82853888,
        82853888
      ],
      "exit_codes": [
        0,
        0,
        0,
        0,
        0,
        0,
        0,
        0,
        0,
        0,
        0,
        0,
        0,
        0,
        0,
        0,
        0,
        0,
        0,
        0,
        0,
        0,
        0,
        0,
        0,
        0,
        0,
        0,
        0,
        0
      ]
    }
  ]
}
