{
  "results": [
    {
      "command": "C",
      "mean": 0.7295976476133335,
      "stddev": 0.029796998125265553,
      "median": 0.7201702809800001,
      "user": 0.6279518466666666,
      "system": 0.09071445333333335,
      "min": 0.7014097809800001,
      "max": 0.8581079059800001,
      "times": [
        0.7552603229800001,
        0.7721683639800001,
        0.71554907298,
        0.74092198998,
        0.72044582298,
        0.8581079059800001,
        0.7140269479800001,
        0.7156034479800001,
        0.7247499059800001,
        0.7229056139800001,
        0.7165446969800001,
        0.71467390598,
        0.7233773639800001,
        0.7306079889800001,
        0.74331586398,
        0.7130954889800001,
        0.7042556149800001,
        0.7136514479800001,
        0.7118662389800001,
        0.7111898639800001,
        0.7014097809800001,
        0.73864548898,
        0.7290007389800001,
        0.7309519479800001,
        0.7127571559800001,
        0.7089054469800001,
        0.7198947389800001,
        0.7636556979800001,
        0.7468994479800001,
        0.7134911139800001
      ],
      "memory_usage_byte": [
        806453248,
        806453248,
        806453248,
        806453248,
        806453248,
        806453248,
        806453248,
        806453248,
        806453248,
        806453248,
        806453248,
        806453248,
        806453248,
        806453248,
        806453248,
        806453248,
        806453248,
        806453248,
        806453248,
        806453248,
        806453248,
        806453248,
        806453248,
        806453248,
        806469632,
        806469632,
        806469632,
        806469632,
        806469632,
        806469632
      ],
      "exit_codes": [
        0,
        0,
        0,
        0,
        0,
        0,
        0,
        0,
        0,
        0,
        0,
        0,
        0,
        0,
        0,
        0,
        0,
        0,
        0,
        0,
        0,
        0,
        0,
        0,
        0,
        0,
        0,
        0,
        0,
        0
      ]
    },
    {
      "command": "LOGOS (release)",
      "mean": 1.3497654184133334,
      "stddev": 0.03537975776896037,
      "median": 1.33968565598,
      "user": 1.2039564133333334,
      "system": 0.1287618866666667,
      "min": 1.2987668639799999,
      "max": 1.43063957198,
      "times": [
        1.36349665598,
        1.38819390598,
        1.3182645309799998,
        1.31143382298,
        1.32862828098,
        1.31599415598,
        1.40479586398,
        1.34982186498,
        1.3392647389799999,
        1.43063957198,
        1.3655203649799998,
        1.33263123898,
        1.32124457298,
        1.3734458219799999,
        1.34010657298,
        1.36954998898,
        1.40116815598,
        1.35136819798,
        1.32885503098,
        1.2987668639799999,
        1.32904915598,
        1.30482748898,
        1.3526921139799999,
        1.39039036398,
        1.3314597389799998,
        1.3144463229799999,
        1.32595728098,
        1.42965544698,
        1.33769507298,
        1.34359936398
      ],
      "memory_usage_byte": [
        1143603200,
        1143603200,
        1143603200,
        1143603200,
        1143603200,
        1143603200,
        1143603200,
        1143603200,
        1143603200,
        1143603200,
        1143603200,
        1143635968,
        1143635968,
        1143635968,
        1143635968,
        1143635968,
        1143635968,
        1143635968,
        1143635968,
        1143635968,
        1143635968,
        1143635968,
        1143635968,
        1143635968,
        1143635968,
        1143635968,
        1143635968,
        1143635968,
        1143635968,
        1143635968
      ],
      "exit_codes": [
        0,
        0,
        0,
        0,
        0,
        0,
        0,
        0,
        0,
        0,
        0,
        0,
        0,
        0,
        0,
        0,
        0,
        0,
        0,
        0,
        0,
        0,
        0,
        0,
        0,
        0,
        0,
        0,
        0,
        0
      ]
    }
  ]
}
