{
  "results": [
    {
      "command": "C",
      "mean": 2.3881547137466663,
      "stddev": 0.5432941500061801,
      "median": 2.17188028298,
      "user": 2.15640452,
      "system": 0.016494766666666667,
      "min": 2.13853632498,
      "max": 4.48308032498,
      "times": [
        2.80393365898,
        2.9836346159800002,
        4.48308032498,
        2.46751803298,
        3.8865447419800003,
        2.89705015898,
        2.13853632498,
        2.19640815798,
        2.16602794998,
        2.16105453298,
        2.15308515898,
        2.15273199098,
        2.16164928298,
        2.22790461598,
        2.1594369919800003,
        2.15817482498,
        2.1529634089800003,
        2.1938489909800003,
        2.17354532498,
        2.21041103298,
        2.1828489499800003,
        2.16727324098,
        2.15780719998,
        2.16192278298,
        2.1745134909800004,
        2.1969251999800004,
        2.1716633249800004,
        2.1720972409800003,
        2.1713444499800003,
        2.16070540798
      ],
      "memory_usage_byte": [
        1916928,
        1916928,
        1916928,
        1916928,
        1916928,
        1916928,
        1916928,
        1916928,
        1916928,
        1916928,
        1916928,
        1916928,
        1916928,
        1916928,
        1916928,
        1916928,
        1916928,
        1916928,
        1916928,
        1916928,
        1916928,
        1916928,
        1916928,
        1916928,
        1916928,
        1916928,
        1916928,
        1916928,
        1916928,
        1916928
      ],
      "exit_codes": [
        0,
        0,
        0,
        0,
        0,
        0,
        0,
        0,
        0,
        0,
        0,
        0,
        0,
        0,
        0,
        0,
        0,
        0,
        0,
        0,
        0,
        0,
        0,
        0,
        0,
        0,
        0,
        0,
        0,
        0
      ]
    },
    {
      "command": "LOGOS (release)",
      "mean": 1.6133079625466664,
      "stddev": 0.03497230137429512,
      "median": 1.60532824148,
      "user": 1.58519472,
      "system": 0.007052433333333333,
      "min": 1.57371086698,
      "max": 1.73198699198,
      "times": [
        1.59730440898,
        1.59245832498,
        1.60743128398,
        1.60614549098,
        1.67269253298,
        1.6126867839799999,
        1.60838399098,
        1.5973750329799998,
        1.60375882498,
        1.60962869998,
        1.70092290898,
        1.61889532498,
        1.60276974198,
        1.59483665898,
        1.6156554909799998,
        1.64697232498,
        1.60451099198,
        1.63725811698,
        1.6176564919799998,
        1.6033301579800001,
        1.73198699198,
        1.61197490898,
        1.61464765798,
        1.60418365898,
        1.58607099098,
        1.57371086698,
        1.57455390798,
        1.58966815798,
        1.58678490798,
        1.5749832419799998
      ],
      "memory_usage_byte": [
        2719744,
        2719744,
        2719744,
        2719744,
        2719744,
        2719744,
        2719744,
        2719744,
        2719744,
        2719744,
        2719744,
        2719744,
        2719744,
        2719744,
        2719744,
        2719744,
        2719744,
        2801664,
        2801664,
        2801664,
        2801664,
        2801664,
        2801664,
        2801664,
        2801664,
        2801664,
        2801664,
        2801664,
        2801664,
        2801664
      ],
      "exit_codes": [
        0,
        0,
        0,
        0,
        0,
        0,
        0,
        0,
        0,
        0,
        0,
        0,
        0,
        0,
        0,
        0,
        0,
        0,
        0,
        0,
        0,
        0,
        0,
        0,
        0,
        0,
        0,
        0,
        0,
        0
      ]
    }
  ]
}
