{
  "results": [
    {
      "command": "C",
      "mean": 0.012015250733333337,
      "stddev": 0.005907729879503214,
      "median": 0.011034263600000002,
      "user": 0.008257039999999998,
      "system": 0.0016744000000000002,
      "min": 0.0095518671,
      "max": 0.0429980341,
      "times": [
        0.012350325100000004,
        0.011769450100000002,
        0.010275909100000001,
        0.010426576100000001,
        0.011292242100000002,
        0.0098972841,
        0.010388409100000003,
        0.012358576100000001,
        0.011795784100000001,
        0.010128575100000002,
        0.010409659100000003,
        0.011586576100000003,
        0.0121232421,
        0.010642826100000002,
        0.010863409100000002,
        0.0115980761,
        0.0106189501,
        0.0099904091,
        0.011205118100000001,
        0.0429980341,
        0.0098986171,
        0.0112182431,
        0.011695368100000002,
        0.010120909100000002,
        0.011682034100000002,
        0.0115208251,
        0.010415534100000002,
        0.0095518671,
        0.0117058261,
        0.009928867100000002
      ],
      "memory_usage_byte": [
        13713408,
        13762560,
        13762560,
        13762560,
        13762560,
        13762560,
        13762560,
        13762560,
        13762560,
        13762560,
        13762560,
        13762560,
        13778944,
        13778944,
        13778944,
        13778944,
        13778944,
        13778944,
        13795328,
        13795328,
        13795328,
        13795328,
        13795328,
        13795328,
        13795328,
        13795328,
        13795328,
        13795328,
        13795328,
        13795328
      ],
      "exit_codes": [
        0,
        0,
        0,
        0,
        0,
        0,
        0,
        0,
        0,
        0,
        0,
        0,
        0,
        0,
        0,
        0,
        0,
        0,
        0,
        0,
        0,
        0,
        0,
        0,
        0,
        0,
        0,
        0,
        0,
        0
      ]
    },
    {
      "command": "LOGOS (release)",
      "mean": 0.009033182733333334,
      "stddev": 0.0007380382702365491,
      "median": 0.008878159100000001,
      "user": 0.00576057333333333,
      "system": 0.0020821333333333335,
      "min": 0.008072909100000001,
      "max": 0.010794867100000001,
      "times": [
        0.0081883671,
        0.0084816591,
        0.009931367100000001,
        0.008148492100000002,
        0.008951284100000002,
        0.008319784100000002,
        0.008417784100000002,
        0.009397992100000002,
        0.0082109091,
        0.008888492100000003,
        0.008304742100000002,
        0.0084194501,
        0.0093508681,
        0.0089409511,
        0.0086122431,
        0.0081775761,
        0.009975451100000001,
        0.0102514091,
        0.008818326100000003,
        0.009386326100000002,
        0.0092315761,
        0.0102959091,
        0.0088678261,
        0.010794867100000001,
        0.008833118100000002,
        0.009288450100000002,
        0.009650076100000002,
        0.009924326100000002,
        0.008072909100000001,
        0.008862950100000003
      ],
      "memory_usage_byte": [
        20643840,
        20643840,
        20643840,
        20643840,
        20643840,
        20643840,
        20643840,
        20643840,
        20643840,
        20643840,
        20643840,
        20643840,
        20660224,
        20660224,
        20660224,
        20660224,
        20660224,
        20660224,
        20660224,
        20660224,
        20660224,
        20660224,
        20660224,
        20660224,
        20660224,
        20660224,
        20709376,
        20709376,
        20709376,
        20709376
      ],
      "exit_codes": [
        0,
        0,
        0,
        0,
        0,
        0,
        0,
        0,
        0,
        0,
        0,
        0,
        0,
        0,
        0,
        0,
        0,
        0,
        0,
        0,
        0,
        0,
        0,
        0,
        0,
        0,
        0,
        0,
        0,
        0
      ]
    }
  ]
}
