{
  "results": [
    {
      "command": "C",
      "mean": 1.0183970846533335,
      "stddev": 0.01154963297719756,
      "median": 1.01373157912,
      "user": 1.0072077666666666,
      "system": 0.004342113333333333,
      "min": 1.0085525576199998,
      "max": 1.05470347462,
      "times": [
        1.0119288496199998,
        1.01191534962,
        1.01407568362,
        1.01104618362,
        1.03245651662,
        1.0162991826199999,
        1.00903555862,
        1.01205464162,
        1.01805405862,
        1.01401014162,
        1.0106995996199999,
        1.0099798496199999,
        1.0111662666199999,
        1.02761089162,
        1.01017580862,
        1.01432214162,
        1.03957580862,
        1.0126529336199999,
        1.03767201662,
        1.0307348916199999,
        1.0140510996199998,
        1.01279647462,
        1.05470347462,
        1.01014689162,
        1.00958514162,
        1.01345301662,
        1.0085525576199998,
        1.03711618362,
        1.01488655862,
        1.02115476662
      ],
      "memory_usage_byte": [
        1753088,
        1753088,
        1753088,
        1753088,
        1753088,
        1753088,
        1753088,
        1753088,
        1753088,
        1753088,
        1753088,
        1753088,
        1753088,
        1753088,
        1753088,
        1753088,
        1753088,
        1753088,
        1753088,
        1753088,
        1753088,
        1753088,
        1753088,
        1753088,
        1753088,
        1753088,
        1753088,
        1753088,
        1753088,
        1753088
      ],
      "exit_codes": [
        0,
        0,
        0,
        0,
        0,
        0,
        0,
        0,
        0,
        0,
        0,
        0,
        0,
        0,
        0,
        0,
        0,
        0,
        0,
        0,
        0,
        0,
        0,
        0,
        0,
        0,
        0,
        0,
        0,
        0
      ]
    },
    {
      "command": "LOGOS (release)",
      "mean": 0.7654442459533334,
      "stddev": 0.02276714927978767,
      "median": 0.75923382912,
      "user": 0.751418733333333,
      "system": 0.004630846666666668,
      "min": 0.7476839336200001,
      "max": 0.8679632256200001,
      "times": [
        0.7476839336200001,
        0.74949434962,
        0.7520733506200001,
        0.7483983916200001,
        0.74818160062,
        0.75466468362,
        0.7845538496200001,
        0.7729296416200001,
        0.77082105862,
        0.7681456836200001,
        0.7551706416200001,
        0.8679632256200001,
        0.7656673506200001,
        0.7824651416200001,
        0.7687629336200001,
        0.7674972246200001,
        0.7700689336200001,
        0.7654186416200001,
        0.76127076662,
        0.7990608086200001,
        0.7572877666200001,
        0.7541273076200001,
        0.75085843362,
        0.7551789336200001,
        0.7667880166200001,
        0.7531019756200001,
        0.7525658916200001,
        0.7546591836200001,
        0.75758464162,
        0.7608830166200001
      ],
      "memory_usage_byte": [
        2703360,
        2703360,
        2703360,
        2703360,
        2719744,
        2719744,
        2719744,
        2752512,
        2752512,
        2752512,
        2752512,
        2752512,
        2768896,
        2768896,
        2768896,
        2768896,
        2768896,
        2785280,
        2785280,
        2785280,
        2785280,
        2785280,
        2785280,
        2785280,
        2785280,
        2785280,
        2785280,
        2785280,
        2785280,
        2785280
      ],
      "exit_codes": [
        0,
        0,
        0,
        0,
        0,
        0,
        0,
        0,
        0,
        0,
        0,
        0,
        0,
        0,
        0,
        0,
        0,
        0,
        0,
        0,
        0,
        0,
        0,
        0,
        0,
        0,
        0,
        0,
        0,
        0
      ]
    }
  ]
}
