{
  "results": [
    {
      "command": "C",
      "mean": 0.007596771900000002,
      "stddev": 0.0043782545304902835,
      "median": 0.006778252200000001,
      "user": 0.006119313333333334,
      "system": 0.0011467933333333328,
      "min": 0.006193252200000001,
      "max": 0.0306720862,
      "times": [
        0.0066856272000000005,
        0.006571586200000002,
        0.0066014612,
        0.0070665442,
        0.006220877200000001,
        0.006990377200000002,
        0.006779502200000001,
        0.006864294200000001,
        0.0064376272000000005,
        0.006777002200000002,
        0.006193252200000001,
        0.006418002200000002,
        0.007145503200000002,
        0.007002294200000002,
        0.0074430442,
        0.0065942942000000015,
        0.006498169200000001,
        0.007085836200000001,
        0.006590377200000001,
        0.006438710200000001,
        0.006415169200000001,
        0.0064994192,
        0.0062900022,
        0.007124627200000001,
        0.0070122532000000005,
        0.0067969602,
        0.0070110442,
        0.0080132532,
        0.007663960200000002,
        0.0306720862
      ],
      "memory_usage_byte": [
        9191424,
        9191424,
        9191424,
        9191424,
        9191424,
        9191424,
        9191424,
        9191424,
        9191424,
        9191424,
        9191424,
        9191424,
        9191424,
        9191424,
        9191424,
        9191424,
        9191424,
        9191424,
        9191424,
        9191424,
        9191424,
        9191424,
        9191424,
        9191424,
        9191424,
        9191424,
        9191424,
        9191424,
        9224192,
        9224192
      ],
      "exit_codes": [
        0,
        0,
        0,
        0,
        0,
        0,
        0,
        0,
        0,
        0,
        0,
        0,
        0,
        0,
        0,
        0,
        0,
        0,
        0,
        0,
        0,
        0,
        0,
        0,
        0,
        0,
        0,
        0,
        0,
        0
      ]
    },
    {
      "command": "LOGOS (release)",
      "mean": 0.011989590033333334,
      "stddev": 0.007084197649255314,
      "median": 0.010605106700000002,
      "user": 0.008932879999999999,
      "system": 0.0020764933333333336,
      "min": 0.009925835200000002,
      "max": 0.049396960200000006,
      "times": [
        0.0105135442,
        0.010037669200000002,
        0.009925835200000002,
        0.012367461200000002,
        0.0104787942,
        0.010896753200000001,
        0.0105855032,
        0.010804669200000002,
        0.0107100022,
        0.010971044200000002,
        0.011154044200000001,
        0.010299336200000002,
        0.010461586200000001,
        0.0110905442,
        0.011172294200000002,
        0.010050210200000001,
        0.010337627200000001,
        0.0109949612,
        0.010624710200000002,
        0.011787961200000002,
        0.010351252200000001,
        0.0112571692,
        0.010543086200000001,
        0.010801252200000002,
        0.049396960200000006,
        0.010463585200000002,
        0.010794461200000001,
        0.010047294200000001,
        0.0103568362,
        0.010411253200000001
      ],
      "memory_usage_byte": [
        18874368,
        18874368,
        18874368,
        18874368,
        18874368,
        18874368,
        18907136,
        18907136,
        18907136,
        18907136,
        18907136,
        18907136,
        18907136,
        18923520,
        18923520,
        18923520,
        18923520,
        18923520,
        18923520,
        19005440,
        19005440,
        19005440,
        19005440,
        19005440,
        19005440,
        19005440,
        19005440,
        19005440,
        19005440,
        19005440
      ],
      "exit_codes": [
        0,
        0,
        0,
        0,
        0,
        0,
        0,
        0,
        0,
        0,
        0,
        0,
        0,
        0,
        0,
        0,
        0,
        0,
        0,
        0,
        0,
        0,
        0,
        0,
        0,
        0,
        0,
        0,
        0,
        0
      ]
    }
  ]
}
