{
  "results": [
    {
      "command": "C",
      "mean": 0.26363949692000005,
      "stddev": 0.011140310346495494,
      "median": 0.26072055682000006,
      "user": 0.2248866666666666,
      "system": 0.034116240000000006,
      "min": 0.25332478582,
      "max": 0.29761091082,
      "times": [
        0.29263911982,
        0.26545786982,
        0.25450428582,
        0.25918591082000003,
        0.27823495282000005,
        0.28295516082000005,
        0.25558399382,
        0.26478870182,
        0.26102616082,
        0.25379153582,
        0.25775907682000004,
        0.26157757782,
        0.26194807782,
        0.26041495282000005,
        0.25333011982000003,
        0.27342136882,
        0.26139811882,
        0.25402366082,
        0.25606132782,
        0.25994166082000003,
        0.25884195282,
        0.25646003582000004,
        0.26334220182,
        0.29761091082,
        0.26752078582,
        0.25826257682000003,
        0.26591932682,
        0.26544841082000004,
        0.25441028582,
        0.25332478582
      ],
      "memory_usage_byte": [
        321142784,
        321142784,
        321142784,
        321142784,
        321142784,
        321142784,
        321142784,
        321142784,
        321142784,
        321142784,
        321142784,
        321142784,
        321142784,
        321142784,
        321142784,
        321142784,
        321142784,
        321142784,
        321142784,
        321142784,
        321142784,
        321142784,
        321142784,
        321142784,
        321175552,
        321175552,
        321175552,
        321175552,
        321175552,
        321175552
      ],
      "exit_codes": [
        0,
        0,
        0,
        0,
        0,
        0,
        0,
        0,
        0,
        0,
        0,
        0,
        0,
        0,
        0,
        0,
        0,
        0,
        0,
        0,
        0,
        0,
        0,
        0,
        0,
        0,
        0,
        0,
        0,
        0
      ]
    },
    {
      "command": "LOGOS (release)",
      "mean": 0.39239250381999996,
      "stddev": 0.03898290584376399,
      "median": 0.38099709832000006,
      "user": 0.2904908333333333,
      "system": 0.08242484,
      "min": 0.34836716082,
      "max": 0.50479424482,
      "times": [
        0.35841341082000006,
        0.37083395182,
        0.34836716082,
        0.36712778582000005,
        0.41684524382000004,
        0.50479424482,
        0.43901349482,
        0.37238549482000005,
        0.47101928582,
        0.40491420282,
        0.40935370182,
        0.47716970282000004,
        0.39039395182000003,
        0.43553003582000005,
        0.37924307782000005,
        0.36983282682,
        0.40122374382000003,
        0.39216082682000003,
        0.37155932682000004,
        0.35414911882000005,
        0.38232120282000004,
        0.38433436882000005,
        0.35429470282000003,
        0.38242195282,
        0.36208828582,
        0.37419153582000003,
        0.35530970182000005,
        0.35917624482000005,
        0.40363353582000006,
        0.37967299382
      ],
      "memory_usage_byte": [
        911294464,
        911294464,
        911294464,
        911294464,
        911360000,
        911360000,
        911360000,
        911360000,
        911360000,
        911360000,
        911360000,
        911360000,
        911360000,
        911360000,
        911360000,
        911360000,
        911360000,
        911360000,
        911360000,
        911360000,
        911360000,
        911360000,
        911360000,
        911360000,
        911360000,
        911360000,
        911360000,
        911360000,
        911360000,
        911360000
      ],
      "exit_codes": [
        0,
        0,
        0,
        0,
        0,
        0,
        0,
        0,
        0,
        0,
        0,
        0,
        0,
        0,
        0,
        0,
        0,
        0,
        0,
        0,
        0,
        0,
        0,
        0,
        0,
        0,
        0,
        0,
        0,
        0
      ]
    }
  ]
}
