{
  "results": [
    {
      "command": "C",
      "mean": 0.19925090688666666,
      "stddev": 0.021846331650746616,
      "median": 0.19028738332000003,
      "user": 0.18659728,
      "system": 0.0020329266666666668,
      "min": 0.18674013332000003,
      "max": 0.29458088332,
      "times": [
        0.20550704932000002,
        0.20196800832000003,
        0.19242446632000001,
        0.18911154932000002,
        0.20594317532000003,
        0.18957384132000002,
        0.18972584232000003,
        0.18906205032,
        0.29458088332,
        0.18906363332,
        0.19267392532000002,
        0.22024379932000002,
        0.18699059132,
        0.18674013332000003,
        0.18841709132,
        0.19167659132000003,
        0.22570167432000002,
        0.18828417532000002,
        0.19000321632000003,
        0.19469934132000002,
        0.19086338332000002,
        0.23321030032000004,
        0.18908850832000001,
        0.18746905032000002,
        0.19082238332,
        0.18937409132000002,
        0.21641080032,
        0.18895230032000002,
        0.18837380032000003,
        0.19057155032000003
      ],
      "memory_usage_byte": [
        1884160,
        1884160,
        1884160,
        1884160,
        1884160,
        1884160,
        1884160,
        1884160,
        1884160,
        1884160,
        1884160,
        1884160,
        1884160,
        1884160,
        1884160,
        1884160,
        1884160,
        1884160,
        1884160,
        1884160,
        1884160,
        1884160,
        1884160,
        1884160,
        1884160,
        1884160,
        1884160,
        1884160,
        1884160,
        1884160
      ],
      "exit_codes": [
        0,
        0,
        0,
        0,
        0,
        0,
        0,
        0,
        0,
        0,
        0,
        0,
        0,
        0,
        0,
        0,
        0,
        0,
        0,
        0,
        0,
        0,
        0,
        0,
        0,
        0,
        0,
        0,
        0,
        0
      ]
    },
    {
      "command": "LOGOS (release)",
      "mean": 0.2590543763533332,
      "stddev": 0.011510662087387723,
      "median": 0.25524563282,
      "user": 0.25111148,
      "system": 0.002397126666666666,
      "min": 0.25111159232,
      "max": 0.30264175832,
      "times": [
        0.27316850832,
        0.25393200832,
        0.28245100832,
        0.25399925832,
        0.25123655032,
        0.25471817432,
        0.25587567432,
        0.25894488332,
        0.25505459132,
        0.25916130032,
        0.25672196632,
        0.25474217432,
        0.25544967532,
        0.25248871632,
        0.25724567532,
        0.30264175832,
        0.25111159232,
        0.25429930032,
        0.25455321632,
        0.25121717532,
        0.25372255032,
        0.26351004932,
        0.25686692532,
        0.25241113332,
        0.25543667432,
        0.28309834232,
        0.25556288332,
        0.25246175832,
        0.25296175832,
        0.25658600832
      ],
      "memory_usage_byte": [
        2932736,
        2932736,
        2949120,
        2949120,
        2949120,
        2949120,
        2949120,
        2949120,
        2949120,
        2949120,
        2949120,
        2949120,
        2949120,
        2949120,
        2949120,
        2949120,
        2949120,
        2949120,
        2949120,
        2949120,
        2949120,
        2965504,
        2981888,
        2981888,
        2981888,
        2981888,
        2981888,
        2981888,
        2981888,
        2981888
      ],
      "exit_codes": [
        0,
        0,
        0,
        0,
        0,
        0,
        0,
        0,
        0,
        0,
        0,
        0,
        0,
        0,
        0,
        0,
        0,
        0,
        0,
        0,
        0,
        0,
        0,
        0,
        0,
        0,
        0,
        0,
        0,
        0
      ]
    }
  ]
}
