{
  "results": [
    {
      "command": "C",
      "mean": 2.6783678635799992,
      "stddev": 0.8210073880620299,
      "median": 2.3841467528799996,
      "user": 2.3560038000000003,
      "system": 0.024251819999999997,
      "min": 2.33055889838,
      "max": 5.70782910738,
      "times": [
        2.38595373138,
        2.38915448138,
        2.3709308983799997,
        2.36354681538,
        2.38277219038,
        2.3855213153799997,
        2.3934985643799997,
        2.3549066483799996,
        2.36653377338,
        2.3592064813799998,
        2.43041806438,
        2.45780860738,
        2.34712669038,
        2.36213052338,
        2.40796593938,
        2.39698744038,
        2.3338638983799997,
        2.33594881438,
        2.33055889838,
        2.35220027338,
        2.34817343938,
        2.3468471903799997,
        2.3503780653799997,
        2.64344714838,
        3.22687918938,
        5.70782910738,
        3.0018938983799996,
        2.91243981438,
        5.45232639838,
        2.8537876063799996
      ],
      "memory_usage_byte": [
        1884160,
        1884160,
        1884160,
        1884160,
        1884160,
        1884160,
        1884160,
        1884160,
        1884160,
        1884160,
        1884160,
        1884160,
        1884160,
        1884160,
        1884160,
        1884160,
        1884160,
        1884160,
        1884160,
        1884160,
        1884160,
        1884160,
        1884160,
        1884160,
        1884160,
        1884160,
        1884160,
        1884160,
        1884160,
        1884160
      ],
      "exit_codes": [
        0,
        0,
        0,
        0,
        0,
        0,
        0,
        0,
        0,
        0,
        0,
        0,
        0,
        0,
        0,
        0,
        0,
        0,
        0,
        0,
        0,
        0,
        0,
        0,
        0,
        0,
        0,
        0,
        0,
        0
      ]
    },
    {
      "command": "LOGOS (release)",
      "mean": 8.761088755280001,
      "stddev": 2.0669592956974694,
      "median": 7.43386671088,
      "user": 7.400378299999999,
      "system": 0.06893555333333332,
      "min": 7.050015982380001,
      "max": 13.75353898138,
      "times": [
        11.58683460638,
        10.48671727338,
        10.84939402338,
        11.96094823138,
        12.478874398379999,
        10.85752343938,
        10.696991773379999,
        11.29333077338,
        13.75353898138,
        11.093740731379999,
        8.462177690379999,
        7.39683910738,
        7.18531448238,
        7.349907856380001,
        7.153104148380001,
        7.35628531538,
        7.1306977733800005,
        7.400491815380001,
        7.18571052338,
        7.46724160638,
        7.18874210638,
        7.3928021063800005,
        7.24772877338,
        7.050015982380001,
        7.536303939380001,
        7.120028023380001,
        7.74853723138,
        7.76361694038,
        7.24609906538,
        7.393123939380001
      ],
      "memory_usage_byte": [
        2981888,
        2981888,
        2981888,
        2981888,
        2981888,
        2981888,
        2981888,
        2981888,
        2981888,
        2981888,
        2981888,
        2981888,
        2981888,
        2981888,
        2981888,
        2981888,
        2981888,
        2981888,
        2981888,
        2981888,
        2981888,
        2981888,
        2981888,
        2981888,
        2981888,
        2981888,
        2981888,
        2981888,
        2981888,
        2981888
      ],
      "exit_codes": [
        0,
        0,
        0,
        0,
        0,
        0,
        0,
        0,
        0,
        0,
        0,
        0,
        0,
        0,
        0,
        0,
        0,
        0,
        0,
        0,
        0,
        0,
        0,
        0,
        0,
        0,
        0,
        0,
        0,
        0
      ]
    }
  ]
}
