{
  "results": [
    {
      "command": "C",
      "mean": 3.660072724206668,
      "stddev": 0.20065378971305017,
      "median": 3.60192807404,
      "user": 3.545086693333333,
      "system": 0.022041153333333334,
      "min": 3.49886726104,
      "max": 4.57044122004,
      "times": [
        3.54625901204,
        3.6022088450400003,
        3.60164730304,
        3.5728503860400003,
        3.5906315110400002,
        3.54301572004,
        3.56410222004,
        3.59920680404,
        3.58669222004,
        3.62076672004,
        3.63274155404,
        3.61469530304,
        3.54395817904,
        3.49886726104,
        3.5137476370400003,
        3.62226713704,
        3.5587540530400004,
        3.58912167804,
        3.7053378870400002,
        3.76312855304,
        3.62539876104,
        3.7717864700400003,
        3.6926814290400003,
        3.81256726204,
        3.62955926204,
        3.5659495540400004,
        3.6444558860400003,
        4.01854259504,
        4.57044122004,
        3.60079930304
      ],
      "memory_usage_byte": [
        1769472,
        1769472,
        1769472,
        1769472,
        1769472,
        1769472,
        1769472,
        1769472,
        1769472,
        1769472,
        1769472,
        1769472,
        1769472,
        1769472,
        1769472,
        1769472,
        1769472,
        1769472,
        1769472,
        1769472,
        1769472,
        1769472,
        1769472,
        1769472,
        1769472,
        1769472,
        1769472,
        1769472,
        1769472,
        1769472
      ],
      "exit_codes": [
        0,
        0,
        0,
        0,
        0,
        0,
        0,
        0,
        0,
        0,
        0,
        0,
        0,
        0,
        0,
        0,
        0,
        0,
        0,
        0,
        0,
        0,
        0,
        0,
        0,
        0,
        0,
        0,
        0,
        0
      ]
    },
    {
      "command": "LOGOS (release)",
      "mean": 3.794149433940001,
      "stddev": 1.1144676914937373,
      "median": 3.3754118450400004,
      "user": 3.286625126666667,
      "system": 0.022199186666666662,
      "min": 3.26368209504,
      "max": 7.84770330404,
      "times": [
        6.11904967804,
        7.84770330404,
        6.56791767904,
        5.10850576204,
        3.9679513030400004,
        3.61065847004,
        3.47330797004,
        3.41501642904,
        3.4382350120400003,
        3.28941305304,
        3.29731263704,
        3.27945380304,
        3.38835617804,
        3.4704986780400002,
        3.52143555404,
        3.27013842804,
        3.34374022004,
        3.4406998030400002,
        3.3088195110400003,
        3.28337872004,
        3.32113009504,
        3.33446972004,
        3.27080276104,
        3.33349951204,
        3.27429097004,
        3.34066642804,
        3.26368209504,
        3.3624675120400003,
        3.45926026204,
        3.42262147004
      ],
      "memory_usage_byte": [
        2719744,
        2719744,
        2719744,
        2719744,
        2719744,
        2719744,
        2719744,
        2719744,
        2719744,
        2719744,
        2719744,
        2719744,
        2719744,
        2719744,
        2719744,
        2719744,
        2752512,
        2752512,
        2752512,
        2752512,
        2768896,
        2768896,
        2768896,
        2768896,
        2768896,
        2768896,
        2768896,
        2768896,
        2768896,
        2768896
      ],
      "exit_codes": [
        0,
        0,
        0,
        0,
        0,
        0,
        0,
        0,
        0,
        0,
        0,
        0,
        0,
        0,
        0,
        0,
        0,
        0,
        0,
        0,
        0,
        0,
        0,
        0,
        0,
        0,
        0,
        0,
        0,
        0
      ]
    }
  ]
}
