{
  "results": [
    {
      "command": "C",
      "mean": 1.8076108927133336,
      "stddev": 0.11913792274513016,
      "median": 1.77939132748,
      "user": 1.7474960933333328,
      "system": 0.01109814,
      "min": 1.74514259898,
      "max": 2.4048838479800003,
      "times": [
        1.76530126498,
        1.75448726498,
        1.81467113998,
        1.80100988998,
        1.83960859798,
        1.80104218098,
        2.4048838479800003,
        1.8339708489800002,
        1.8803353899800002,
        1.8122303069799999,
        1.76401113998,
        1.90322405698,
        1.7825503899800001,
        1.75848838998,
        1.76757468198,
        1.74514259898,
        1.76046172298,
        1.80685776498,
        1.7600336809800001,
        1.79344034798,
        1.7489155979800002,
        1.75374888998,
        1.75779484798,
        1.79027343098,
        1.8016864319800001,
        1.75979305698,
        1.77700272298,
        1.78177993198,
        1.75787447298,
        1.75013188998
      ],
      "memory_usage_byte": [
        1851392,
        1851392,
        1851392,
        1851392,
        1851392,
        1851392,
        1851392,
        1851392,
        1851392,
        1851392,
        1851392,
        1851392,
        1851392,
        1851392,
        1851392,
        1851392,
        1851392,
        1851392,
        1851392,
        1851392,
        1851392,
        1851392,
        1851392,
        1851392,
        1851392,
        1851392,
        1851392,
        1851392,
        1851392,
        1851392
      ],
      "exit_codes": [
        0,
        0,
        0,
        0,
        0,
        0,
        0,
        0,
        0,
        0,
        0,
        0,
        0,
        0,
        0,
        0,
        0,
        0,
        0,
        0,
        0,
        0,
        0,
        0,
        0,
        0,
        0,
        0,
        0,
        0
      ]
    },
    {
      "command": "LOGOS (release)",
      "mean": 1.6085090510133335,
      "stddev": 0.02601229265470739,
      "median": 1.5986541604800002,
      "user": 1.5849875266666666,
      "system": 0.009479906666666668,
      "min": 1.5814556819799999,
      "max": 1.70403872298,
      "times": [
        1.59256913998,
        1.60179755598,
        1.61413534798,
        1.58481747298,
        1.58455601498,
        1.59517476498,
        1.58406043098,
        1.5881546399800002,
        1.59686626498,
        1.6006814309800002,
        1.6331853899800002,
        1.63613972298,
        1.6350756819799999,
        1.6330809319800002,
        1.63578851498,
        1.70403872298,
        1.59539051498,
        1.5990635559800002,
        1.59659338998,
        1.5903768899800002,
        1.59824476498,
        1.59786972298,
        1.60447668198,
        1.64293376498,
        1.6277716819799999,
        1.61117968098,
        1.58922013998,
        1.58530755698,
        1.6152654739799999,
        1.5814556819799999
      ],
      "memory_usage_byte": [
        2752512,
        2752512,
        2752512,
        2752512,
        2752512,
        2752512,
        2752512,
        2752512,
        2752512,
        2752512,
        2752512,
        2752512,
        2752512,
        2752512,
        2752512,
        2752512,
        2752512,
        2752512,
        2752512,
        2752512,
        2752512,
        2752512,
        2752512,
        2752512,
        2752512,
        2752512,
        2752512,
        2752512,
        2752512,
        2752512
      ],
      "exit_codes": [
        0,
        0,
        0,
        0,
        0,
        0,
        0,
        0,
        0,
        0,
        0,
        0,
        0,
        0,
        0,
        0,
        0,
        0,
        0,
        0,
        0,
        0,
        0,
        0,
        0,
        0,
        0,
        0,
        0,
        0
      ]
    }
  ]
}
