{
  "results": [
    {
      "command": "C",
      "mean": 0.32028771189333327,
      "stddev": 0.010780972790587193,
      "median": 0.31680733466,
      "user": 0.31310756666666667,
      "system": 0.0018687133333333335,
      "min": 0.31094158416,
      "max": 0.34786458416,
      "times": [
        0.31468983416,
        0.31582350116,
        0.31883966716,
        0.33806954216,
        0.31302212516,
        0.34593116815999997,
        0.31657062616,
        0.31307904216,
        0.32156279216,
        0.32312937516,
        0.31425366715999997,
        0.31846283416,
        0.31638512516,
        0.33599591816,
        0.34563500116,
        0.31941183416,
        0.31293070916,
        0.31704404316,
        0.31278962516,
        0.34786458416,
        0.31825012616,
        0.31416066716,
        0.31214091816,
        0.31791595916,
        0.31765504316,
        0.31094158416,
        0.31383904215999997,
        0.31804662516,
        0.31232350016,
        0.31186687616
      ],
      "memory_usage_byte": [
        1753088,
        1753088,
        1753088,
        1753088,
        1753088,
        1753088,
        1753088,
        1753088,
        1753088,
        1753088,
        1753088,
        1753088,
        1753088,
        1753088,
        1753088,
        1753088,
        1753088,
        1753088,
        1753088,
        1753088,
        1753088,
        1753088,
        1753088,
        1753088,
        1753088,
        1753088,
        1753088,
        1753088,
        1753088,
        1753088
      ],
      "exit_codes": [
        0,
        0,
        0,
        0,
        0,
        0,
        0,
        0,
        0,
        0,
        0,
        0,
        0,
        0,
        0,
        0,
        0,
        0,
        0,
        0,
        0,
        0,
        0,
        0,
        0,
        0,
        0,
        0,
        0,
        0
      ]
    },
    {
      "command": "LOGOS (release)",
      "mean": 0.0025031591599999985,
      "stddev": 0.0005406930575412545,
      "median": 0.002378521659999999,
      "user": 0.0015422000000000003,
      "system": 0.0008092466666666669,
      "min": 0.0016963761599999984,
      "max": 0.0035472511599999985,
      "times": [
        0.0033985001599999985,
        0.0034574591599999985,
        0.003085834159999999,
        0.0035472511599999985,
        0.003169168159999999,
        0.0023452921599999986,
        0.0017403341599999986,
        0.002665959159999999,
        0.0022875001599999985,
        0.003440042159999999,
        0.0023642921599999985,
        0.0020412091599999985,
        0.0018310841599999991,
        0.0022154591599999984,
        0.0028565431599999985,
        0.002507584159999999,
        0.002773501159999999,
        0.002286375159999999,
        0.0018264591599999988,
        0.002101876159999999,
        0.0021887091599999985,
        0.0017493761599999985,
        0.0022754591599999986,
        0.0016963761599999984,
        0.002392751159999999,
        0.0029649591599999986,
        0.002494251159999999,
        0.002561375159999999,
        0.0026265841599999984,
        0.002203209159999999
      ],
      "memory_usage_byte": [
        2654208,
        2654208,
        2654208,
        2654208,
        2654208,
        2654208,
        2654208,
        2654208,
        2654208,
        2654208,
        2654208,
        2654208,
        2654208,
        2654208,
        2654208,
        2654208,
        2654208,
        2654208,
        2654208,
        2654208,
        2654208,
        2654208,
        2654208,
        2654208,
        2654208,
        2654208,
        2654208,
        2719744,
        2719744,
        2719744
      ],
      "exit_codes": [
        0,
        0,
        0,
        0,
        0,
        0,
        0,
        0,
        0,
        0,
        0,
        0,
        0,
        0,
        0,
        0,
        0,
        0,
        0,
        0,
        0,
        0,
        0,
        0,
        0,
        0,
        0,
        0,
        0,
        0
      ]
    }
  ]
}
