{
  "results": [
    {
      "command": "C",
      "mean": 0.21581728514933332,
      "stddev": 0.20789609227412326,
      "median": 0.17388888766,
      "user": 0.34069199333333333,
      "system": 0.009853646666666665,
      "min": 0.0,
      "max": 0.8048620961599999,
      "times": [
        0.0,
        0.016930679160000017,
        0.021666887160000037,
        0.08135267916000005,
        0.02165159616000001,
        0.04686088816,
        0.05262409616000002,
        0.20246659616,
        0.08230722015999997,
        0.14111901216000006,
        0.034011095160000004,
        0.43061530416,
        0.29096163716000006,
        0.46974692916,
        0.39326047116,
        0.21151634516,
        0.0,
        0.17817542916,
        0.31670638716000005,
        0.8048620961599999,
        0.5580036371600001,
        0.10561030416,
        0.35181747016000003,
        0.25327942916000007,
        0.12112172016000006,
        0.16960234615999997,
        0.20833501216,
        0.002877137160000043,
        0.24089042916000009,
        0.6661457201599998
      ],
      "memory_usage_byte": [
        2048000,
        2048000,
        2048000,
        2048000,
        2048000,
        2048000,
        2048000,
        2048000,
        2048000,
        2048000,
        2048000,
        2048000,
        2048000,
        2048000,
        2048000,
        2048000,
        2048000,
        2048000,
        2048000,
        2048000,
        2048000,
        2048000,
        2048000,
        2048000,
        2048000,
        2048000,
        2048000,
        2048000,
        2048000,
        2048000
      ],
      "exit_codes": [
        0,
        0,
        0,
        0,
        0,
        0,
        0,
        0,
        0,
        0,
        0,
        0,
        0,
        0,
        0,
        0,
        0,
        0,
        0,
        0,
        0,
        0,
        0,
        0,
        0,
        0,
        0,
        0,
        0,
        0
      ]
    },
    {
      "command": "LOGOS (release)",
      "mean": 0.0,
      "stddev": 0.0,
      "median": 0.0,
      "user": 0.002316826666666667,
      "system": 0.0021513466666666665,
      "min": 0.0,
      "max": 0.0,
      "times": [
        0.0,
        0.0,
        0.0,
        0.0,
        0.0,
        0.0,
        0.0,
        0.0,
        0.0,
        0.0,
        0.0,
        0.0,
        0.0,
        0.0,
        0.0,
        0.0,
        0.0,
        0.0,
        0.0,
        0.0,
        0.0,
        0.0,
        0.0,
        0.0,
        0.0,
        0.0,
        0.0,
        0.0,
        0.0,
        0.0
      ],
      "memory_usage_byte": [
        2818048,
        2818048,
        2818048,
        2818048,
        2818048,
        2818048,
        2818048,
        2818048,
        2818048,
        2818048,
        2818048,
        2818048,
        2818048,
        2818048,
        2818048,
        2818048,
        2818048,
        2834432,
        2834432,
        2834432,
        2834432,
        2834432,
        2834432,
        2834432,
        2834432,
        2834432,
        2834432,
        2834432,
        2834432,
        2834432
      ],
      "exit_codes": [
        0,
        0,
        0,
        0,
        0,
        0,
        0,
        0,
        0,
        0,
        0,
        0,
        0,
        0,
        0,
        0,
        0,
        0,
        0,
        0,
        0,
        0,
        0,
        0,
        0,
        0,
        0,
        0,
        0,
        0
      ]
    }
  ]
}
