{
  "results": [
    {
      "command": "C",
      "mean": 0.49923295960666675,
      "stddev": 0.293032670566444,
      "median": 0.38481313754,
      "user": 0.28274441999999994,
      "system": 0.008401513333333333,
      "min": 0.30908922004,
      "max": 1.42089322004,
      "times": [
        0.30908922004,
        0.6258184290400001,
        0.47573888704,
        0.37378051304,
        0.45361747104,
        1.42089322004,
        0.9652484700400001,
        0.6471848870400001,
        0.40174097104,
        0.32894280404,
        0.33054355404,
        0.31678709604,
        0.33237926204,
        0.31580705404,
        0.33306034504,
        0.34900822104,
        0.35544584504,
        0.31812959604,
        0.32365542904,
        0.32364422104,
        0.48515247104000003,
        0.34147526204,
        0.5212508880400001,
        0.33238659604,
        0.41031434604,
        0.40357159604,
        0.51938226304,
        0.39584576204,
        1.37623530404,
        0.8908588040400001
      ],
      "memory_usage_byte": [
        1998848,
        1998848,
        1998848,
        1998848,
        1998848,
        1998848,
        1998848,
        1998848,
        1998848,
        1998848,
        1998848,
        1998848,
        1998848,
        1998848,
        1998848,
        1998848,
        1998848,
        1998848,
        1998848,
        1998848,
        1998848,
        1998848,
        1998848,
        1998848,
        1998848,
        1998848,
        1998848,
        1998848,
        1998848,
        1998848
      ],
      "exit_codes": [
        0,
        0,
        0,
        0,
        0,
        0,
        0,
        0,
        0,
        0,
        0,
        0,
        0,
        0,
        0,
        0,
        0,
        0,
        0,
        0,
        0,
        0,
        0,
        0,
        0,
        0,
        0,
        0,
        0,
        0
      ]
    },
    {
      "command": "LOGOS (release)",
      "mean": 0.2973039831733334,
      "stddev": 0.02542648754510284,
      "median": 0.29477919954,
      "user": 0.26754972,
      "system": 0.006372679999999998,
      "min": 0.26046813704,
      "max": 0.38455647104,
      "times": [
        0.27478755404,
        0.26046813704,
        0.28204617904,
        0.32709534504,
        0.26303680404,
        0.26261459504,
        0.26980872104,
        0.29811855404,
        0.31174072004,
        0.29489792904,
        0.29466047004,
        0.29355313804,
        0.30459509504,
        0.30063801304,
        0.28662788804,
        0.35627838704,
        0.38455647104,
        0.28710705404,
        0.29657997104,
        0.29741122104,
        0.32268909504,
        0.29801297104,
        0.30384559604,
        0.29780934504,
        0.28691117904,
        0.29113984604,
        0.29167213704,
        0.30176322104,
        0.28727763704,
        0.29137622104
      ],
      "memory_usage_byte": [
        2719744,
        2736128,
        2736128,
        2736128,
        2736128,
        2736128,
        2736128,
        2736128,
        2736128,
        2801664,
        2801664,
        2834432,
        2834432,
        2867200,
        2867200,
        2867200,
        2867200,
        2867200,
        2867200,
        2867200,
        2867200,
        2867200,
        2867200,
        2916352,
        2916352,
        2916352,
        2916352,
        2916352,
        2916352,
        2916352
      ],
      "exit_codes": [
        0,
        0,
        0,
        0,
        0,
        0,
        0,
        0,
        0,
        0,
        0,
        0,
        0,
        0,
        0,
        0,
        0,
        0,
        0,
        0,
        0,
        0,
        0,
        0,
        0,
        0,
        0,
        0,
        0,
        0
      ]
    }
  ]
}
