{
  "results": [
    {
      "command": "C",
      "mean": 0.2703644273733333,
      "stddev": 0.007955633729569143,
      "median": 0.26880096944,
      "user": 0.26577049333333336,
      "system": 0.0019109866666666663,
      "min": 0.26406307294,
      "max": 0.30128578093999997,
      "times": [
        0.26539419794,
        0.26924961494,
        0.28719003194,
        0.26406307294,
        0.26978965694,
        0.27280178194,
        0.26495953194,
        0.26631478094,
        0.26952982393999997,
        0.26905603093999997,
        0.26530807294,
        0.30128578093999997,
        0.26964561494,
        0.26551115694,
        0.27651936494,
        0.28429623994,
        0.26728282294,
        0.26417919794,
        0.26851286494,
        0.27542778094,
        0.26885128194,
        0.26509948994,
        0.26936286494,
        0.26958932294,
        0.26517832294,
        0.26875065694,
        0.26937823994,
        0.26704128194,
        0.26501873993999997,
        0.26634519794
      ],
      "memory_usage_byte": [
        1753088,
        1753088,
        1753088,
        1753088,
        1753088,
        1753088,
        1753088,
        1753088,
        1753088,
        1753088,
        1753088,
        1753088,
        1753088,
        1753088,
        1753088,
        1753088,
        1753088,
        1753088,
        1753088,
        1753088,
        1753088,
        1753088,
        1753088,
        1753088,
        1753088,
        1753088,
        1753088,
        1753088,
        1753088,
        1753088
      ],
      "exit_codes": [
        0,
        0,
        0,
        0,
        0,
        0,
        0,
        0,
        0,
        0,
        0,
        0,
        0,
        0,
        0,
        0,
        0,
        0,
        0,
        0,
        0,
        0,
        0,
        0,
        0,
        0,
        0,
        0,
        0,
        0
      ]
    },
    {
      "command": "LOGOS (release)",
      "mean": 0.2755061093733333,
      "stddev": 0.012333038913095192,
      "median": 0.27235936494,
      "user": 0.27015169333333333,
      "system": 0.0021895533333333326,
      "min": 0.26893107394,
      "max": 0.32136061494,
      "times": [
        0.27003682394,
        0.27051098994,
        0.27345865594,
        0.27397694794,
        0.26966765694,
        0.27236248994,
        0.27545340594,
        0.27157865694,
        0.26893107394,
        0.27295198994,
        0.27486244794,
        0.26977857294,
        0.26966811494,
        0.27452082294,
        0.27225207294,
        0.26921419894,
        0.27235623993999997,
        0.27409986494,
        0.32136061494,
        0.27367228094,
        0.27231586494,
        0.27877923994,
        0.26944694794,
        0.27121561494,
        0.27442003194,
        0.27141123994,
        0.27337803194,
        0.27301811494,
        0.31891086494,
        0.27157340694
      ],
      "memory_usage_byte": [
        2785280,
        2785280,
        2785280,
        2785280,
        2785280,
        2785280,
        2785280,
        2785280,
        2785280,
        2785280,
        2785280,
        2785280,
        2785280,
        2785280,
        2785280,
        2785280,
        2785280,
        2785280,
        2785280,
        2785280,
        2785280,
        2785280,
        2785280,
        2785280,
        2785280,
        2801664,
        2801664,
        2801664,
        2801664,
        2801664
      ],
      "exit_codes": [
        0,
        0,
        0,
        0,
        0,
        0,
        0,
        0,
        0,
        0,
        0,
        0,
        0,
        0,
        0,
        0,
        0,
        0,
        0,
        0,
        0,
        0,
        0,
        0,
        0,
        0,
        0,
        0,
        0,
        0
      ]
    }
  ]
}
