{
  "results": [
    {
      "command": "C",
      "mean": 0.15180252387333332,
      "stddev": 0.009357308034308825,
      "median": 0.14867916044,
      "user": 0.12924358666666666,
      "system": 0.017349446666666667,
      "min": 0.14367295194,
      "max": 0.18286874294,
      "times": [
        0.14845236794,
        0.14544240994,
        0.14620065994,
        0.14367295194,
        0.18286874294,
        0.14615836794,
        0.14826274294,
        0.14894078494,
        0.14989711794,
        0.17423207694,
        0.14665528494,
        0.15038724394,
        0.14505632694,
        0.15053732694,
        0.14811445194,
        0.14526340994,
        0.14942890994,
        0.14634195194,
        0.14858999394,
        0.15190311794,
        0.15428282694,
        0.14795611894,
        0.17454732594,
        0.14994553494,
        0.16204536794,
        0.14744678494,
        0.15241828494,
        0.15201674294,
        0.14876832694,
        0.14824215994
      ],
      "memory_usage_byte": [
        181157888,
        181157888,
        181157888,
        181157888,
        181157888,
        181157888,
        181157888,
        181157888,
        181174272,
        181174272,
        181174272,
        181174272,
        181174272,
        181174272,
        181174272,
        181174272,
        181174272,
        181207040,
        181207040,
        181207040,
        181207040,
        181207040,
        181207040,
        181207040,
        181207040,
        181207040,
        181207040,
        181207040,
        181207040,
        181207040
      ],
      "exit_codes": [
        0,
        0,
        0,
        0,
        0,
        0,
        0,
        0,
        0,
        0,
        0,
        0,
        0,
        0,
        0,
        0,
        0,
        0,
        0,
        0,
        0,
        0,
        0,
        0,
        0,
        0,
        0,
        0,
        0,
        0
      ]
    },
    {
      "command": "LOGOS (release)",
      "mean": 0.33663583624000004,
      "stddev": 0.009110953255510803,
      "median": 0.33355811794,
      "user": 0.3005851533333334,
      "system": 0.03129411333333334,
      "min": 0.32815374294000005,
      "max": 0.36960953494000004,
      "times": [
        0.36960953494000004,
        0.33418320194000006,
        0.33429990994000003,
        0.34941720194000003,
        0.33034807694,
        0.34438690994000004,
        0.33300995194000005,
        0.32815374294000005,
        0.33390070094,
        0.33111136894000004,
        0.33321553494000006,
        0.35663870094000005,
        0.33199795194000004,
        0.33186107594,
        0.33521211794000005,
        0.33664295094,
        0.33775353494000004,
        0.32945349294000004,
        0.33239986794000004,
        0.33203045194,
        0.33074365994000005,
        0.33254770194000005,
        0.33176761794000004,
        0.33106507694000004,
        0.33739457594000005,
        0.33630915994000005,
        0.33093686794000005,
        0.33703436794,
        0.35166336794,
        0.33398640994000006
      ],
      "memory_usage_byte": [
        233668608,
        233668608,
        233668608,
        233668608,
        233668608,
        233668608,
        233668608,
        233668608,
        233668608,
        233668608,
        233668608,
        233668608,
        233668608,
        233668608,
        233668608,
        233668608,
        233668608,
        233668608,
        233668608,
        233668608,
        233668608,
        233668608,
        233668608,
        233668608,
        233668608,
        233668608,
        233668608,
        233668608,
        233668608,
        233668608
      ],
      "exit_codes": [
        0,
        0,
        0,
        0,
        0,
        0,
        0,
        0,
        0,
        0,
        0,
        0,
        0,
        0,
        0,
        0,
        0,
        0,
        0,
        0,
        0,
        0,
        0,
        0,
        0,
        0,
        0,
        0,
        0,
        0
      ]
    }
  ]
}
