{
  "results": [
    {
      "command": "C",
      "mean": 0.006822603113333338,
      "stddev": 0.00888351570518543,
      "median": 0.004016768480000004,
      "user": 0.0028144466666666667,
      "system": 0.0014879866666666671,
      "min": 0.001432559980000003,
      "max": 0.04722985198000001,
      "times": [
        0.002943976980000004,
        0.002182934980000004,
        0.001432559980000003,
        0.0016605189800000045,
        0.001975643980000004,
        0.0030854349800000045,
        0.003202809980000004,
        0.0035235179800000033,
        0.0064581849800000035,
        0.002860268980000004,
        0.0046029759800000035,
        0.0018221429800000036,
        0.004154559980000003,
        0.0038111009800000043,
        0.004583684980000004,
        0.003876392980000004,
        0.006623393980000005,
        0.0043256849800000045,
        0.04722985198000001,
        0.021205559980000004,
        0.005958893980000005,
        0.004581934980000004,
        0.0038700179800000047,
        0.009027059980000003,
        0.003161434980000004,
        0.003878976980000004,
        0.009382018980000005,
        0.019263392980000002,
        0.009292309980000005,
        0.004700851980000004
      ],
      "memory_usage_byte": [
        7225344,
        7225344,
        7225344,
        7225344,
        7225344,
        7225344,
        7225344,
        7225344,
        7225344,
        7225344,
        7225344,
        7225344,
        7225344,
        7225344,
        7258112,
        7258112,
        7258112,
        7258112,
        7258112,
        7258112,
        7258112,
        7258112,
        7258112,
        7258112,
        7258112,
        7258112,
        7258112,
        7258112,
        7258112,
        7258112
      ],
      "exit_codes": [
        0,
        0,
        0,
        0,
        0,
        0,
        0,
        0,
        0,
        0,
        0,
        0,
        0,
        0,
        0,
        0,
        0,
        0,
        0,
        0,
        0,
        0,
        0,
        0,
        0,
        0,
        0,
        0,
        0,
        0
      ]
    },
    {
      "command": "LOGOS (release)",
      "mean": 0.012480387680000003,
      "stddev": 0.011336827956858983,
      "median": 0.008381101480000003,
      "user": 0.006187946666666668,
      "system": 0.002712053333333334,
      "min": 0.005509184980000003,
      "max": 0.057967226980000015,
      "times": [
        0.009289184980000005,
        0.016356392980000002,
        0.008906350980000003,
        0.006782184980000005,
        0.010116059980000003,
        0.007846809980000004,
        0.008518600980000004,
        0.0073566849800000035,
        0.005793851980000004,
        0.005913601980000004,
        0.006555684980000004,
        0.005509184980000003,
        0.006905601980000004,
        0.02056322698,
        0.031010434980000008,
        0.03247180998000001,
        0.027962434980000006,
        0.008471184980000004,
        0.006006100980000003,
        0.006939350980000003,
        0.009291767980000006,
        0.008291017980000004,
        0.057967226980000015,
        0.012785601980000004,
        0.006845101980000004,
        0.005671892980000004,
        0.011440017980000003,
        0.0070530599800000034,
        0.008537392980000004,
        0.007253809980000005
      ],
      "memory_usage_byte": [
        15204352,
        15204352,
        15204352,
        15204352,
        15204352,
        15204352,
        15204352,
        15204352,
        15204352,
        15204352,
        15204352,
        15204352,
        15204352,
        15204352,
        15204352,
        15204352,
        15204352,
        15204352,
        15204352,
        15204352,
        15204352,
        15204352,
        15204352,
        15204352,
        15204352,
        15204352,
        15204352,
        15204352,
        15204352,
        15204352
      ],
      "exit_codes": [
        0,
        0,
        0,
        0,
        0,
        0,
        0,
        0,
        0,
        0,
        0,
        0,
        0,
        0,
        0,
        0,
        0,
        0,
        0,
        0,
        0,
        0,
        0,
        0,
        0,
        0,
        0,
        0,
        0,
        0
      ]
    }
  ]
}
