{
  "results": [
    {
      "command": "C",
      "mean": 0.008176514986666668,
      "stddev": 0.00035286799200336734,
      "median": 0.008237885319999999,
      "user": 0.007157933333333333,
      "system": 0.0005775400000000001,
      "min": 0.0073515108200000005,
      "max": 0.00889359382,
      "times": [
        0.00821438582,
        0.00826871982,
        0.00790251082,
        0.00803492782,
        0.00869413582,
        0.0074750938200000006,
        0.00832705282,
        0.007580177819999999,
        0.00804801082,
        0.0073515108200000005,
        0.00806967782,
        0.008300635819999999,
        0.00831151082,
        0.00852626082,
        0.007899760819999999,
        0.00825576082,
        0.00889359382,
        0.00866401082,
        0.008439385819999999,
        0.00791617782,
        0.007895093819999999,
        0.00824805182,
        0.007882968819999999,
        0.00822771882,
        0.00836913582,
        0.00828126082,
        0.008030010819999999,
        0.00859271882,
        0.00808976082,
        0.00850542782
      ],
      "memory_usage_byte": [
        2015232,
        2015232,
        2015232,
        2015232,
        2015232,
        2015232,
        2015232,
        2015232,
        2015232,
        2015232,
        2015232,
        2015232,
        2015232,
        2015232,
        2015232,
        2015232,
        2015232,
        2015232,
        2015232,
        2015232,
        2015232,
        2015232,
        2015232,
        2015232,
        2015232,
        2015232,
        2015232,
        2015232,
        2015232,
        2015232
      ],
      "exit_codes": [
        0,
        0,
        0,
        0,
        0,
        0,
        0,
        0,
        0,
        0,
        0,
        0,
        0,
        0,
        0,
        0,
        0,
        0,
        0,
        0,
        0,
        0,
        0,
        0,
        0,
        0,
        0,
        0,
        0,
        0
      ]
    },
    {
      "command": "LOGOS (release)",
      "mean": 3.3019539109533342,
      "stddev": 0.9852453277370865,
      "median": 3.06005930282,
      "user": 2.8085438666666662,
      "system": 0.05769747333333334,
      "min": 2.55631263582,
      "max": 6.8695718028199995,
      "times": [
        2.6586637188199997,
        2.68104701082,
        2.7897933448199996,
        3.0583562608199997,
        3.54631021882,
        3.7204913028199997,
        3.0845077608199998,
        3.06728238582,
        2.90432330282,
        3.02024717682,
        3.02554109482,
        3.57376146982,
        3.17732688582,
        3.02209001082,
        2.59838034482,
        3.09525288582,
        3.06176234482,
        2.76273384382,
        2.77578976082,
        2.68954726082,
        2.81735151082,
        3.0836745948199997,
        3.43498688582,
        2.55631263582,
        2.70714305282,
        3.20345130282,
        3.41948246882,
        6.8695718028199995,
        4.20602371882,
        6.44741096982
      ],
      "memory_usage_byte": [
        20168704,
        20168704,
        20168704,
        20168704,
        20185088,
        20185088,
        20283392,
        20283392,
        20283392,
        20283392,
        20283392,
        20283392,
        20283392,
        20283392,
        20316160,
        20316160,
        20316160,
        20316160,
        20316160,
        20316160,
        20316160,
        20316160,
        20316160,
        20316160,
        20316160,
        20316160,
        20316160,
        20316160,
        20316160,
        20316160
      ],
      "exit_codes": [
        0,
        0,
        0,
        0,
        0,
        0,
        0,
        0,
        0,
        0,
        0,
        0,
        0,
        0,
        0,
        0,
        0,
        0,
        0,
        0,
        0,
        0,
        0,
        0,
        0,
        0,
        0,
        0,
        0,
        0
      ]
    }
  ]
}
