{
  "results": [
    {
      "command": "C",
      "mean": 0.3418611767266667,
      "stddev": 0.031766807032462235,
      "median": 0.33471548466,
      "user": 0.3297234266666667,
      "system": 0.004628933333333332,
      "min": 0.29265152666000005,
      "max": 0.43815177666000005,
      "times": [
        0.29265152666000005,
        0.33264594366000005,
        0.30884348566000003,
        0.33146573566000004,
        0.34846636066000003,
        0.33565952666000004,
        0.29621585966,
        0.32436940166000006,
        0.35808052666000006,
        0.35112194266,
        0.40795452666000004,
        0.43815177666000005,
        0.36677094366,
        0.36442444366000004,
        0.32583315166000004,
        0.31440031766000004,
        0.36554486066,
        0.37208985966,
        0.31416448566000005,
        0.32590740166000004,
        0.33803273466000006,
        0.33377144266000003,
        0.37301577666,
        0.34778623566000005,
        0.32074731866000006,
        0.31413731766,
        0.30527515166,
        0.33327931866000005,
        0.36891790166000005,
        0.34611002666
      ],
      "memory_usage_byte": [
        21135360,
        21135360,
        21135360,
        21135360,
        21135360,
        21135360,
        21135360,
        21135360,
        21135360,
        21135360,
        21135360,
        21135360,
        21135360,
        21135360,
        21135360,
        21135360,
        21135360,
        21200896,
        21200896,
        21200896,
        21200896,
        21200896,
        21200896,
        21200896,
        21200896,
        21200896,
        21200896,
        21200896,
        21200896,
        21200896
      ],
      "exit_codes": [
        0,
        0,
        0,
        0,
        0,
        0,
        0,
        0,
        0,
        0,
        0,
        0,
        0,
        0,
        0,
        0,
        0,
        0,
        0,
        0,
        0,
        0,
        0,
        0,
        0,
        0,
        0,
        0,
        0,
        0
      ]
    },
    {
      "command": "LOGOS (release)",
      "mean": 0.5281239516933334,
      "stddev": 0.06811511345415774,
      "median": 0.49986469365999997,
      "user": 0.5131609933333333,
      "system": 0.0058025333333333335,
      "min": 0.42157636066000004,
      "max": 0.67122777666,
      "times": [
        0.42157636066000004,
        0.48256406866000007,
        0.46414031866000005,
        0.46858094366,
        0.45111544366000006,
        0.46356206866000005,
        0.49282102666000005,
        0.45618731866000006,
        0.50130056866,
        0.52327906866,
        0.56172831766,
        0.54392802666,
        0.51063419266,
        0.57768636066,
        0.67122777666,
        0.60893715166,
        0.49842881866000005,
        0.61569890166,
        0.49173698466000004,
        0.65650702666,
        0.62279935966,
        0.58262806766,
        0.66019535966,
        0.52093777666,
        0.48545069366000004,
        0.4864789016600001,
        0.49016035966000004,
        0.48412873466000006,
        0.4905376516600001,
        0.55876090166
      ],
      "memory_usage_byte": [
        22708224,
        22708224,
        22708224,
        22708224,
        22708224,
        22708224,
        22708224,
        22708224,
        22740992,
        22740992,
        22740992,
        22740992,
        22740992,
        22740992,
        22740992,
        22740992,
        22740992,
        22740992,
        22740992,
        22740992,
        22740992,
        22740992,
        22822912,
        22822912,
        22822912,
        22822912,
        22822912,
        22822912,
        22822912,
        22822912
      ],
      "exit_codes": [
        0,
        0,
        0,
        0,
        0,
        0,
        0,
        0,
        0,
        0,
        0,
        0,
        0,
        0,
        0,
        0,
        0,
        0,
        0,
        0,
        0,
        0,
        0,
        0,
        0,
        0,
        0,
        0,
        0,
        0
      ]
    }
  ]
}
