{
  "results": [
    {
      "command": "C",
      "mean": 0.017233057446666665,
      "stddev": 0.0007345536178612265,
      "median": 0.017238998980000003,
      "user": 0.01546326,
      "system": 0.00077424,
      "min": 0.015654561980000002,
      "max": 0.019245936980000003,
      "times": [
        0.016640852980000002,
        0.015654561980000002,
        0.01672372798,
        0.017265602980000003,
        0.01644014498,
        0.01739743598,
        0.01646072798,
        0.016954144980000002,
        0.01810860298,
        0.016869311980000003,
        0.01778435398,
        0.019245936980000003,
        0.016577477979999998,
        0.01748431198,
        0.016882811980000002,
        0.01741251998,
        0.01674135398,
        0.01686060298,
        0.018056602980000003,
        0.017657144980000004,
        0.017355061980000003,
        0.018373977980000004,
        0.017412352980000004,
        0.017754894979999998,
        0.016390852980000002,
        0.017212394980000004,
        0.01685976998,
        0.018252185980000002,
        0.017590311980000002,
        0.01657168698
      ],
      "memory_usage_byte": [
        1867776,
        1867776,
        1867776,
        1867776,
        1867776,
        1867776,
        1867776,
        1867776,
        1867776,
        1867776,
        1867776,
        1867776,
        1867776,
        1867776,
        1867776,
        1867776,
        1867776,
        1867776,
        1867776,
        1867776,
        1867776,
        1867776,
        1867776,
        1867776,
        1867776,
        1867776,
        1867776,
        1867776,
        1867776,
        1867776
      ],
      "exit_codes": [
        0,
        0,
        0,
        0,
        0,
        0,
        0,
        0,
        0,
        0,
        0,
        0,
        0,
        0,
        0,
        0,
        0,
        0,
        0,
        0,
        0,
        0,
        0,
        0,
        0,
        0,
        0,
        0,
        0,
        0
      ]
    },
    {
      "command": "LOGOS (release)",
      "mean": 0.021030094846666663,
      "stddev": 0.01065924969069773,
      "median": 0.01826529048,
      "user": 0.016273959999999997,
      "system": 0.00107004,
      "min": 0.01704081098,
      "max": 0.06084076998,
      "times": [
        0.01883422798,
        0.018253394980000004,
        0.019059394979999998,
        0.01953468698,
        0.01970406098,
        0.017807852980000004,
        0.017579061980000005,
        0.059486561980000005,
        0.017972519980000004,
        0.01850639498,
        0.01725631098,
        0.018516352980000005,
        0.01801289498,
        0.018613311979999998,
        0.01952689498,
        0.01851031098,
        0.01788268698,
        0.01754118598,
        0.01785751998,
        0.017623435980000005,
        0.018420144980000004,
        0.017980603980000003,
        0.017520227980000004,
        0.01862797898,
        0.06084076998,
        0.017694477980000005,
        0.01850976998,
        0.017911810979999998,
        0.01827718598,
        0.01704081098
      ],
      "memory_usage_byte": [
        2801664,
        2818048,
        2818048,
        2818048,
        2818048,
        2834432,
        2834432,
        2834432,
        2834432,
        2834432,
        2834432,
        2834432,
        2834432,
        2834432,
        2834432,
        2834432,
        2834432,
        2834432,
        2834432,
        2834432,
        2899968,
        2899968,
        2899968,
        2899968,
        2899968,
        2899968,
        2899968,
        2899968,
        2899968,
        2899968
      ],
      "exit_codes": [
        0,
        0,
        0,
        0,
        0,
        0,
        0,
        0,
        0,
        0,
        0,
        0,
        0,
        0,
        0,
        0,
        0,
        0,
        0,
        0,
        0,
        0,
        0,
        0,
        0,
        0,
        0,
        0,
        0,
        0
      ]
    }
  ]
}
