{
  "results": [
    {
      "command": "C",
      "mean": 0.15843988644666668,
      "stddev": 0.015033669199053459,
      "median": 0.15234753118,
      "user": 0.14994128666666665,
      "system": 0.0016892333333333336,
      "min": 0.14969269818,
      "max": 0.20838119718,
      "times": [
        0.15237607318,
        0.15190073918,
        0.15280507218,
        0.15318057318,
        0.17733228118,
        0.14969269818,
        0.15066398918,
        0.15119578118,
        0.15359090518000001,
        0.15290907218,
        0.15220286418,
        0.20838119718,
        0.15084361418,
        0.15076873918,
        0.15272315518000001,
        0.15225640518,
        0.15158203118,
        0.18471448918,
        0.15006523918,
        0.15020453118,
        0.15231898918,
        0.15188507318,
        0.15334607218000001,
        0.15171469718,
        0.15001348918000001,
        0.15923928118,
        0.15935615618,
        0.16098444718,
        0.16206398918,
        0.20288494818
      ],
      "memory_usage_byte": [
        1802240,
        1802240,
        1802240,
        1802240,
        1802240,
        1802240,
        1802240,
        1802240,
        1802240,
        1802240,
        1802240,
        1802240,
        1802240,
        1802240,
        1802240,
        1802240,
        1802240,
        1802240,
        1802240,
        1802240,
        1802240,
        1802240,
        1802240,
        1802240,
        1802240,
        1802240,
        1802240,
        1802240,
        1802240,
        1802240
      ],
      "exit_codes": [
        0,
        0,
        0,
        0,
        0,
        0,
        0,
        0,
        0,
        0,
        0,
        0,
        0,
        0,
        0,
        0,
        0,
        0,
        0,
        0,
        0,
        0,
        0,
        0,
        0,
        0,
        0,
        0,
        0,
        0
      ]
    },
    {
      "command": "LOGOS (release)",
      "mean": 0.15876868641333328,
      "stddev": 0.013541229370613308,
      "median": 0.15291980168,
      "user": 0.14893061999999996,
      "system": 0.0021675333333333333,
      "min": 0.14822765518,
      "max": 0.20522661418000002,
      "times": [
        0.18372082318,
        0.15052686418,
        0.15235928018,
        0.15744669818,
        0.15868657218,
        0.15233648918,
        0.18615394718,
        0.15039728118,
        0.15276094818,
        0.15285303018,
        0.18006682218,
        0.16848090618,
        0.15772836418,
        0.15405923918,
        0.15390453118,
        0.15391794818,
        0.15204653018,
        0.15274423918,
        0.15354761418,
        0.15062373918,
        0.14822765518,
        0.14886361418,
        0.14978665618,
        0.20522661418000002,
        0.16180332218000001,
        0.17101961418,
        0.15041744718,
        0.15043815618,
        0.14992907218,
        0.15298657318
      ],
      "memory_usage_byte": [
        2654208,
        2654208,
        2654208,
        2768896,
        2834432,
        2834432,
        2834432,
        2834432,
        2834432,
        2834432,
        2834432,
        2834432,
        2834432,
        2834432,
        2834432,
        2834432,
        2834432,
        2834432,
        2834432,
        2834432,
        2834432,
        2834432,
        2834432,
        2834432,
        2834432,
        2834432,
        2834432,
        2834432,
        2834432,
        2834432
      ],
      "exit_codes": [
        0,
        0,
        0,
        0,
        0,
        0,
        0,
        0,
        0,
        0,
        0,
        0,
        0,
        0,
        0,
        0,
        0,
        0,
        0,
        0,
        0,
        0,
        0,
        0,
        0,
        0,
        0,
        0,
        0,
        0
      ]
    }
  ]
}
