{
  "results": [
    {
      "command": "C",
      "mean": 0.27916598390666664,
      "stddev": 0.010359277194580935,
      "median": 0.27585433234,
      "user": 0.27076859999999997,
      "system": 0.0027970066666666666,
      "min": 0.26992529084,
      "max": 0.32160033184000003,
      "times": [
        0.27595612384,
        0.28083004084,
        0.27514237484000004,
        0.27742537384000004,
        0.27335887484000004,
        0.27217141584000004,
        0.27201599984,
        0.27229899884000003,
        0.27671845784000004,
        0.29767133184,
        0.27610408284000004,
        0.29101520784,
        0.27989770784,
        0.27455933184000003,
        0.28657349884,
        0.28654408284000005,
        0.28436104084,
        0.27257279084,
        0.27756274884000004,
        0.27094866584000005,
        0.27290929084000004,
        0.26992529084,
        0.27637379084,
        0.28797729084,
        0.27575254084,
        0.27356837384000005,
        0.32160033184000003,
        0.27225833284,
        0.27549895784,
        0.27538716584
      ],
      "memory_usage_byte": [
        2031616,
        2031616,
        2031616,
        2031616,
        2031616,
        2031616,
        2031616,
        2031616,
        2031616,
        2031616,
        2031616,
        2080768,
        2080768,
        2080768,
        2080768,
        2080768,
        2080768,
        2080768,
        2080768,
        2080768,
        2080768,
        2080768,
        2080768,
        2080768,
        2080768,
        2080768,
        2080768,
        2080768,
        2080768,
        2080768
      ],
      "exit_codes": [
        0,
        0,
        0,
        0,
        0,
        0,
        0,
        0,
        0,
        0,
        0,
        0,
        0,
        0,
        0,
        0,
        0,
        0,
        0,
        0,
        0,
        0,
        0,
        0,
        0,
        0,
        0,
        0,
        0,
        0
      ]
    },
    {
      "command": "LOGOS (release)",
      "mean": 0.4091902826066666,
      "stddev": 0.017840016853215516,
      "median": 0.40057645784,
      "user": 0.3927955,
      "system": 0.003903173333333333,
      "min": 0.39061999884000004,
      "max": 0.45264299884000003,
      "times": [
        0.39988783284,
        0.42570024884,
        0.39480304084,
        0.39327287484,
        0.40030466584,
        0.39792204084000005,
        0.40575462384000005,
        0.39550658284,
        0.39398691584,
        0.39767916584,
        0.39061999884000004,
        0.39518779084000005,
        0.39332474984000004,
        0.45264299884000003,
        0.43352504084000004,
        0.39270337484,
        0.41659716584,
        0.44647233284000004,
        0.41537566584,
        0.42884787384,
        0.41987058284,
        0.41262545784000004,
        0.43062695784000005,
        0.40084824984,
        0.43070049884000006,
        0.39406774884,
        0.39447199984000003,
        0.39257345784000003,
        0.40219720684000004,
        0.42761133284
      ],
      "memory_usage_byte": [
        3702784,
        3702784,
        3702784,
        3702784,
        3702784,
        3702784,
        3702784,
        3702784,
        3702784,
        3702784,
        3702784,
        3702784,
        3702784,
        3702784,
        3702784,
        3702784,
        3702784,
        3702784,
        3702784,
        3702784,
        3801088,
        3801088,
        3801088,
        3801088,
        3801088,
        3801088,
        3801088,
        3801088,
        3801088,
        3801088
      ],
      "exit_codes": [
        0,
        0,
        0,
        0,
        0,
        0,
        0,
        0,
        0,
        0,
        0,
        0,
        0,
        0,
        0,
        0,
        0,
        0,
        0,
        0,
        0,
        0,
        0,
        0,
        0,
        0,
        0,
        0,
        0,
        0
      ]
    }
  ]
}
