{
  "results": [
    {
      "command": "C",
      "mean": 0.08900838071333332,
      "stddev": 0.006777230860282625,
      "median": 0.08673298518,
      "user": 0.08470113999999997,
      "system": 0.0010089,
      "min": 0.08533104718,
      "max": 0.11535079718,
      "times": [
        0.08667254718,
        0.08752838018,
        0.08671538118,
        0.08597950618,
        0.08715496418,
        0.08953279718,
        0.08860538018,
        0.08981142218,
        0.11535079718,
        0.08586267218,
        0.08575117218,
        0.08536538118,
        0.08654779818,
        0.08627204718,
        0.08533104718,
        0.09334875517999999,
        0.08830517218,
        0.08756171418,
        0.09074738118,
        0.11061683918,
        0.08535479718,
        0.08659842218,
        0.08675058918,
        0.08650996418,
        0.08580758918,
        0.08659658918,
        0.08676108918,
        0.08853321418,
        0.08760583917999999,
        0.08667217217999999
      ],
      "memory_usage_byte": [
        1851392,
        1851392,
        1851392,
        1851392,
        1851392,
        1851392,
        1851392,
        1851392,
        1851392,
        1851392,
        1851392,
        1851392,
        1851392,
        1851392,
        1851392,
        1851392,
        1851392,
        1851392,
        1851392,
        1851392,
        1851392,
        1851392,
        1851392,
        1851392,
        1851392,
        1851392,
        1851392,
        1851392,
        1851392,
        1851392
      ],
      "exit_codes": [
        0,
        0,
        0,
        0,
        0,
        0,
        0,
        0,
        0,
        0,
        0,
        0,
        0,
        0,
        0,
        0,
        0,
        0,
        0,
        0,
        0,
        0,
        0,
        0,
        0,
        0,
        0,
        0,
        0,
        0
      ]
    },
    {
      "command": "LOGOS (release)",
      "mean": 0.21891272808000004,
      "stddev": 0.009615595003525233,
      "median": 0.21661175568000002,
      "user": 0.20799004,
      "system": 0.0025552666666666664,
      "min": 0.20982788118,
      "max": 0.24957579718,
      "times": [
        0.20982788118,
        0.21174892218000002,
        0.21221904818,
        0.21723796418000002,
        0.24957579718,
        0.21683113118000003,
        0.21489438118,
        0.22557313118000002,
        0.21399508918000001,
        0.21520392218,
        0.21550121418,
        0.21079821418000003,
        0.21902929818000003,
        0.24502663018,
        0.21816933918000003,
        0.21150588018000002,
        0.22277179818,
        0.21170638118000001,
        0.21772333918000003,
        0.21593738118000003,
        0.21833642218000002,
        0.22131442218000003,
        0.24003771418000003,
        0.21639238018,
        0.21506888118000003,
        0.22095013018,
        0.21343963118000003,
        0.21705163018,
        0.21786504818000002,
        0.21164883918000002
      ],
      "memory_usage_byte": [
        10764288,
        10764288,
        10764288,
        10764288,
        10764288,
        10764288,
        10764288,
        10764288,
        10764288,
        10764288,
        10764288,
        10764288,
        10764288,
        10764288,
        10764288,
        10764288,
        10764288,
        10764288,
        10764288,
        10764288,
        10764288,
        10764288,
        10764288,
        10764288,
        10764288,
        10764288,
        10764288,
        10764288,
        10764288,
        10764288
      ],
      "exit_codes": [
        0,
        0,
        0,
        0,
        0,
        0,
        0,
        0,
        0,
        0,
        0,
        0,
        0,
        0,
        0,
        0,
        0,
        0,
        0,
        0,
        0,
        0,
        0,
        0,
        0,
        0,
        0,
        0,
        0,
        0
      ]
    }
  ]
}
