{
  "results": [
    {
      "command": "C",
      "mean": 4.850915376426666,
      "stddev": 1.0167987697228063,
      "median": 4.44671581256,
      "user": 3.6260709333333323,
      "system": 0.07019577333333332,
      "min": 3.5612389580599997,
      "max": 7.24774412506,
      "times": [
        4.42685833406,
        6.05518887506,
        4.68099679106,
        7.24774412506,
        4.02067375006,
        4.20460687506,
        6.62167204206,
        4.05978970806,
        5.3881348750599996,
        4.46657329106,
        4.12036904206,
        5.79857108306,
        3.98759312506,
        5.61350154206,
        4.30440562506,
        4.86208154106,
        5.21575108406,
        4.22036708306,
        7.1288065840599995,
        4.37848891606,
        5.65715775006,
        4.5721416250599995,
        4.24910441606,
        5.84694537506,
        3.82563925006,
        4.3108879590599996,
        5.39783587506,
        3.73179354206,
        3.5725422500599997,
        3.5612389580599997
      ],
      "memory_usage_byte": [
        1835008,
        1835008,
        1835008,
        1835008,
        1835008,
        1835008,
        1835008,
        1835008,
        1835008,
        1835008,
        1835008,
        1835008,
        1835008,
        1835008,
        1835008,
        1835008,
        1835008,
        1835008,
        1835008,
        1835008,
        1835008,
        1835008,
        1835008,
        1835008,
        1835008,
        1835008,
        1835008,
        1835008,
        1835008,
        1835008
      ],
      "exit_codes": [
        0,
        0,
        0,
        0,
        0,
        0,
        0,
        0,
        0,
        0,
        0,
        0,
        0,
        0,
        0,
        0,
        0,
        0,
        0,
        0,
        0,
        0,
        0,
        0,
        0,
        0,
        0,
        0,
        0,
        0
      ]
    },
    {
      "command": "LOGOS (release)",
      "mean": 3.6034609209266675,
      "stddev": 0.04649865159732578,
      "median": 3.58871056256,
      "user": 3.5434181666666666,
      "system": 0.013866639999999996,
      "min": 3.53934458306,
      "max": 3.7216326670599997,
      "times": [
        3.54405150006,
        3.59635329206,
        3.64469583306,
        3.60619729206,
        3.6122865420599997,
        3.6037767920599997,
        3.58060075006,
        3.67197345806,
        3.68842479206,
        3.58529433406,
        3.58081650006,
        3.58844958306,
        3.5710274580599997,
        3.61851816706,
        3.62935645806,
        3.5594500830599998,
        3.58345687506,
        3.58897154206,
        3.56677458306,
        3.56374558406,
        3.70604025006,
        3.5776876670599997,
        3.7216326670599997,
        3.64417066606,
        3.61201275006,
        3.55037708306,
        3.62570175006,
        3.53934458306,
        3.57587025006,
        3.56676854206
      ],
      "memory_usage_byte": [
        2654208,
        2654208,
        2654208,
        2719744,
        2736128,
        2736128,
        2736128,
        2736128,
        2736128,
        2736128,
        2736128,
        2736128,
        2736128,
        2736128,
        2736128,
        2736128,
        2736128,
        2736128,
        2736128,
        2736128,
        2736128,
        2736128,
        2736128,
        2736128,
        2736128,
        2736128,
        2736128,
        2736128,
        2736128,
        2736128
      ],
      "exit_codes": [
        0,
        0,
        0,
        0,
        0,
        0,
        0,
        0,
        0,
        0,
        0,
        0,
        0,
        0,
        0,
        0,
        0,
        0,
        0,
        0,
        0,
        0,
        0,
        0,
        0,
        0,
        0,
        0,
        0,
        0
      ]
    }
  ]
}
