{
  "results": [
    {
      "command": "C",
      "mean": 1.7754467879399998,
      "stddev": 0.028473836148899156,
      "median": 1.76736175764,
      "user": 1.7421916933333326,
      "system": 0.009844466666666666,
      "min": 1.74636217414,
      "max": 1.8693350071400001,
      "times": [
        1.78749696614,
        1.79582392414,
        1.76337538214,
        1.81417813214,
        1.8693350071400001,
        1.7556970491400001,
        1.82527700714,
        1.7490346321399999,
        1.83009259014,
        1.77197488314,
        1.74636217414,
        1.76840704914,
        1.7553260911400002,
        1.7734095491400002,
        1.76557113314,
        1.77672854914,
        1.76671317414,
        1.75192009014,
        1.75591679914,
        1.77018700814,
        1.75416509114,
        1.7520387991400002,
        1.76875388214,
        1.77750196514,
        1.76298034014,
        1.7551422571400002,
        1.75778650714,
        1.76801034114,
        1.81182775714,
        1.7623695071399998
      ],
      "memory_usage_byte": [
        1785856,
        1785856,
        1785856,
        1785856,
        1785856,
        1785856,
        1785856,
        1785856,
        1785856,
        1785856,
        1785856,
        1785856,
        1785856,
        1785856,
        1785856,
        1785856,
        1785856,
        1785856,
        1785856,
        1785856,
        1785856,
        1785856,
        1785856,
        1785856,
        1785856,
        1785856,
        1785856,
        1785856,
        1785856,
        1785856
      ],
      "exit_codes": [
        0,
        0,
        0,
        0,
        0,
        0,
        0,
        0,
        0,
        0,
        0,
        0,
        0,
        0,
        0,
        0,
        0,
        0,
        0,
        0,
        0,
        0,
        0,
        0,
        0,
        0,
        0,
        0,
        0,
        0
      ]
    },
    {
      "command": "LOGOS (release)",
      "mean": 1.7893883921400004,
      "stddev": 0.035263042587607166,
      "median": 1.78160282014,
      "user": 1.75081086,
      "system": 0.010602199999999999,
      "min": 1.75060517414,
      "max": 1.86652929914,
      "times": [
        1.75563104914,
        1.7576172161399999,
        1.76785859014,
        1.80115742414,
        1.75060517414,
        1.7708821321400001,
        1.76201629914,
        1.75368192414,
        1.80236304914,
        1.76278929914,
        1.75198300714,
        1.75404013314,
        1.75559400714,
        1.78171113314,
        1.82362038214,
        1.80210617414,
        1.79783371614,
        1.7805456741399999,
        1.75142654914,
        1.7924935901399999,
        1.7814945071400001,
        1.84088596614,
        1.81082300714,
        1.8032701741400001,
        1.78398413214,
        1.76714059014,
        1.82934517414,
        1.86628842414,
        1.86652929914,
        1.85593396614
      ],
      "memory_usage_byte": [
        2719744,
        2719744,
        2719744,
        2719744,
        2719744,
        2719744,
        2719744,
        2719744,
        2719744,
        2719744,
        2719744,
        2719744,
        2719744,
        2883584,
        2883584,
        2883584,
        2883584,
        2883584,
        2883584,
        2883584,
        2883584,
        2883584,
        2883584,
        2883584,
        2883584,
        2883584,
        2883584,
        2883584,
        2883584,
        2883584
      ],
      "exit_codes": [
        0,
        0,
        0,
        0,
        0,
        0,
        0,
        0,
        0,
        0,
        0,
        0,
        0,
        0,
        0,
        0,
        0,
        0,
        0,
        0,
        0,
        0,
        0,
        0,
        0,
        0,
        0,
        0,
        0,
        0
      ]
    }
  ]
}
