{
  "results": [
    {
      "command": "C",
      "mean": 0.2586085867066666,
      "stddev": 0.060889351704376614,
      "median": 0.24128799484,
      "user": 0.23139848666666668,
      "system": 0.0037056533333333333,
      "min": 0.21903868284,
      "max": 0.5214097238400001,
      "times": [
        0.24960368284,
        0.25538601584,
        0.25274668284,
        0.27921626584000003,
        0.22480709884,
        0.24918572383999998,
        0.22217109884,
        0.22793018184,
        0.22904055684,
        0.22763643284,
        0.23075080784000002,
        0.23003714084000002,
        0.22681039084000001,
        0.22209284884,
        0.22187280784,
        0.22812343284,
        0.22524789084,
        0.21903868284,
        0.22303851584,
        0.23339026584,
        0.25786593284,
        0.5214097238400001,
        0.38265764084000004,
        0.33648839084,
        0.25420222484,
        0.26996805784,
        0.26446001584,
        0.26274905684,
        0.26927193284,
        0.26105809984
      ],
      "memory_usage_byte": [
        1916928,
        1916928,
        1916928,
        1916928,
        1916928,
        1916928,
        1916928,
        1916928,
        1916928,
        1916928,
        1916928,
        1916928,
        1916928,
        1916928,
        1916928,
        1916928,
        1916928,
        1916928,
        1916928,
        1916928,
        1916928,
        1916928,
        1916928,
        1916928,
        1916928,
        1916928,
        1916928,
        1916928,
        1916928,
        1916928
      ],
      "exit_codes": [
        0,
        0,
        0,
        0,
        0,
        0,
        0,
        0,
        0,
        0,
        0,
        0,
        0,
        0,
        0,
        0,
        0,
        0,
        0,
        0,
        0,
        0,
        0,
        0,
        0,
        0,
        0,
        0,
        0,
        0
      ]
    },
    {
      "command": "LOGOS (release)",
      "mean": 0.46144894364,
      "stddev": 0.20171969914869847,
      "median": 0.37129493284000004,
      "user": 0.27838695333333335,
      "system": 0.007248253333333332,
      "min": 0.29028922384,
      "max": 0.9584841408400001,
      "times": [
        0.49005593284,
        0.31254514084,
        0.36327909984,
        0.8233645158400001,
        0.9403033078400002,
        0.66373651584,
        0.59020468284,
        0.7183355578400001,
        0.45498555784,
        0.37931076584,
        0.39456893284,
        0.30792284884,
        0.33688014084,
        0.29575089084,
        0.30576822484,
        0.29938734884,
        0.29838326584,
        0.30272897384,
        0.29028922384,
        0.30990289084,
        0.33896668184,
        0.29863730784000003,
        0.42949147384,
        0.32262664084000003,
        0.32906068184000004,
        0.9584841408400001,
        0.76944343284,
        0.5520647658400001,
        0.46268293184000003,
        0.5043064328400001
      ],
      "memory_usage_byte": [
        2883584,
        2899968,
        2899968,
        2899968,
        2899968,
        2899968,
        2899968,
        2899968,
        2899968,
        2899968,
        2899968,
        2899968,
        2899968,
        2899968,
        2899968,
        2899968,
        2949120,
        2949120,
        2949120,
        2949120,
        2949120,
        2949120,
        2949120,
        2949120,
        2949120,
        2949120,
        2949120,
        2949120,
        2949120,
        2949120
      ],
      "exit_codes": [
        0,
        0,
        0,
        0,
        0,
        0,
        0,
        0,
        0,
        0,
        0,
        0,
        0,
        0,
        0,
        0,
        0,
        0,
        0,
        0,
        0,
        0,
        0,
        0,
        0,
        0,
        0,
        0,
        0,
        0
      ]
    }
  ]
}
