{
  "results": [
    {
      "command": "C",
      "mean": 0.23054414742000004,
      "stddev": 0.005392141894072789,
      "median": 0.22980201012,
      "user": 0.22626891333333335,
      "system": 0.0017434933333333338,
      "min": 0.22601334362000003,
      "max": 0.25190021862,
      "times": [
        0.23121930162,
        0.22745675962000003,
        0.22601334362000003,
        0.22633580162000003,
        0.23097367662,
        0.22946192662,
        0.22732121762000002,
        0.22612884362000002,
        0.23124688462,
        0.23054596862,
        0.22783817662000003,
        0.22949871762000001,
        0.22983388462,
        0.23193580162000002,
        0.23170325962000002,
        0.22706900962,
        0.25190021862,
        0.23083230162,
        0.23005950962000002,
        0.22676680162,
        0.22675855162000003,
        0.23123300962,
        0.22977013562,
        0.22801663562000002,
        0.22874850962,
        0.23052180162000002,
        0.23119942662,
        0.24605001062,
        0.22902717662000002,
        0.23085775962000002
      ],
      "memory_usage_byte": [
        1785856,
        1785856,
        1785856,
        1785856,
        1785856,
        1785856,
        1785856,
        1785856,
        1785856,
        1785856,
        1785856,
        1785856,
        1785856,
        1785856,
        1785856,
        1785856,
        1785856,
        1785856,
        1785856,
        1785856,
        1785856,
        1785856,
        1785856,
        1785856,
        1785856,
        1785856,
        1785856,
        1785856,
        1785856,
        1785856
      ],
      "exit_codes": [
        0,
        0,
        0,
        0,
        0,
        0,
        0,
        0,
        0,
        0,
        0,
        0,
        0,
        0,
        0,
        0,
        0,
        0,
        0,
        0,
        0,
        0,
        0,
        0,
        0,
        0,
        0,
        0,
        0,
        0
      ]
    },
    {
      "command": "LOGOS (release)",
      "mean": 0.26566283372000005,
      "stddev": 0.006298140763780872,
      "median": 0.26427246812000005,
      "user": 0.2599817133333333,
      "system": 0.0021635933333333333,
      "min": 0.25980484362,
      "max": 0.28608338562,
      "times": [
        0.26546213562000004,
        0.26087188562,
        0.26697059362000003,
        0.26572863462,
        0.26170717662000004,
        0.26041875962,
        0.26499180162,
        0.26416825962,
        0.26211709362,
        0.26292009362,
        0.26575642662000004,
        0.28581167662,
        0.26285555162,
        0.26428405162,
        0.26426088462,
        0.26116634362,
        0.26702238562,
        0.26517142662000004,
        0.28608338562,
        0.26123401062,
        0.26230451062000004,
        0.26629209362,
        0.26247280162000003,
        0.25980484362,
        0.26303780162,
        0.26651796762,
        0.27472396862000004,
        0.26089934362,
        0.26537471862,
        0.26945438462000004
      ],
      "memory_usage_byte": [
        2703360,
        2703360,
        2703360,
        2834432,
        2834432,
        2834432,
        2834432,
        2834432,
        2834432,
        2834432,
        2834432,
        2834432,
        2834432,
        2834432,
        2834432,
        2834432,
        2834432,
        2834432,
        2834432,
        2834432,
        2834432,
        2834432,
        2834432,
        2834432,
        2834432,
        2834432,
        2834432,
        2834432,
        2834432,
        2834432
      ],
      "exit_codes": [
        0,
        0,
        0,
        0,
        0,
        0,
        0,
        0,
        0,
        0,
        0,
        0,
        0,
        0,
        0,
        0,
        0,
        0,
        0,
        0,
        0,
        0,
        0,
        0,
        0,
        0,
        0,
        0,
        0,
        0
      ]
    }
  ]
}
