{
  "results": [
    {
      "command": "C",
      "mean": 0.09289602104000005,
      "stddev": 0.010829056009370557,
      "median": 0.08932654714000002,
      "user": 0.08616905999999999,
      "system": 0.001433793333333333,
      "min": 0.08688781864000002,
      "max": 0.13375552664,
      "times": [
        0.08843965164,
        0.08724315164000002,
        0.10081360964000001,
        0.09358235964000002,
        0.08853215164000001,
        0.08935844264000001,
        0.08998894364000001,
        0.08929465164000001,
        0.09250261064000001,
        0.08749027664000002,
        0.08688781864000002,
        0.09068890164000001,
        0.08842727664000001,
        0.08713444264000002,
        0.08937010964000001,
        0.13375552664,
        0.09072527664,
        0.09136994264000001,
        0.08822877664,
        0.10162506864000001,
        0.09129890164000001,
        0.08845940164,
        0.08869702664000001,
        0.09041594364000001,
        0.08820965164000001,
        0.08878327664,
        0.09064665164,
        0.08863231764000001,
        0.08878044364000001,
        0.12749802664
      ],
      "memory_usage_byte": [
        7208960,
        7208960,
        7208960,
        7208960,
        7208960,
        7208960,
        7208960,
        7208960,
        7208960,
        7208960,
        7208960,
        7208960,
        7208960,
        7208960,
        7208960,
        7208960,
        7208960,
        7208960,
        7208960,
        7208960,
        7208960,
        7274496,
        7274496,
        7274496,
        7274496,
        7274496,
        7274496,
        7274496,
        7274496,
        7274496
      ],
      "exit_codes": [
        0,
        0,
        0,
        0,
        0,
        0,
        0,
        0,
        0,
        0,
        0,
        0,
        0,
        0,
        0,
        0,
        0,
        0,
        0,
        0,
        0,
        0,
        0,
        0,
        0,
        0,
        0,
        0,
        0,
        0
      ]
    },
    {
      "command": "LOGOS (release)",
      "mean": 0.12270424044000001,
      "stddev": 0.012510511057682206,
      "median": 0.11966056864000002,
      "user": 0.11610822666666666,
      "system": 0.0019609933333333334,
      "min": 0.11658652664000001,
      "max": 0.17670423464,
      "times": [
        0.12066402664000002,
        0.12124856864000003,
        0.17670423464,
        0.12020256864000001,
        0.11774110964000001,
        0.11742473464000001,
        0.11898694264000001,
        0.11878123464000001,
        0.12159631864,
        0.15784248464,
        0.12449060964,
        0.11736110964000002,
        0.11759635964000001,
        0.11741956764000001,
        0.11930031764000001,
        0.12215781764,
        0.12178935964000001,
        0.11984606864000001,
        0.11995523464000002,
        0.11764260964,
        0.11787231864000002,
        0.11852831864000002,
        0.11947506864000002,
        0.12015848464000001,
        0.12273056864000001,
        0.12033856864000002,
        0.12126519364000002,
        0.11739015164000001,
        0.11658652664000001,
        0.11803073564000001
      ],
      "memory_usage_byte": [
        11141120,
        11141120,
        11141120,
        11141120,
        11141120,
        11141120,
        11141120,
        11141120,
        11141120,
        11337728,
        11337728,
        11337728,
        11337728,
        11337728,
        11337728,
        11337728,
        11337728,
        11337728,
        11337728,
        11337728,
        11337728,
        11337728,
        11337728,
        11337728,
        11337728,
        11337728,
        11337728,
        13123584,
        13123584,
        13123584
      ],
      "exit_codes": [
        0,
        0,
        0,
        0,
        0,
        0,
        0,
        0,
        0,
        0,
        0,
        0,
        0,
        0,
        0,
        0,
        0,
        0,
        0,
        0,
        0,
        0,
        0,
        0,
        0,
        0,
        0,
        0,
        0,
        0
      ]
    }
  ]
}
