{
  "results": [
    {
      "command": "C",
      "mean": 0.2524856990866667,
      "stddev": 0.020891667134185905,
      "median": 0.24252274102000002,
      "user": 0.23626177999999998,
      "system": 0.003936813333333334,
      "min": 0.23555294902,
      "max": 0.31914807402000006,
      "times": [
        0.24108261502,
        0.28463965702000005,
        0.23652769902,
        0.24226549102,
        0.27210932402000004,
        0.27578490802000005,
        0.23683682402,
        0.24243949102,
        0.31914807402000006,
        0.23966515702000002,
        0.23684240802,
        0.24020811602,
        0.25737986502000004,
        0.27891832402000005,
        0.23560140702000001,
        0.29366636602000007,
        0.24213932402000002,
        0.23555294902,
        0.23695915802,
        0.24206299102,
        0.24726186602000003,
        0.23654257402,
        0.23993553202,
        0.25049574102000005,
        0.24608782402,
        0.24410428302,
        0.25430061502000006,
        0.27880507402000004,
        0.24260599102000002,
        0.24460132402
      ],
      "memory_usage_byte": [
        12943360,
        12943360,
        12943360,
        12943360,
        12943360,
        12943360,
        12943360,
        12943360,
        12943360,
        12943360,
        12943360,
        12976128,
        12976128,
        12976128,
        12976128,
        12976128,
        12976128,
        12976128,
        12976128,
        12976128,
        12976128,
        12976128,
        12976128,
        12976128,
        12976128,
        12976128,
        12976128,
        12992512,
        12992512,
        12992512
      ],
      "exit_codes": [
        0,
        0,
        0,
        0,
        0,
        0,
        0,
        0,
        0,
        0,
        0,
        0,
        0,
        0,
        0,
        0,
        0,
        0,
        0,
        0,
        0,
        0,
        0,
        0,
        0,
        0,
        0,
        0,
        0,
        0
      ]
    },
    {
      "command": "LOGOS (release)",
      "mean": 0.32964416572000005,
      "stddev": 0.01268154895307868,
      "median": 0.32750417852,
      "user": 0.3173299800000001,
      "system": 0.0048871800000000005,
      "min": 0.31655749102,
      "max": 0.36689724102000004,
      "times": [
        0.32543328302,
        0.32761632402000007,
        0.35544144902,
        0.31951819902000006,
        0.33067990702000005,
        0.35779336602000006,
        0.32620482402000006,
        0.32001628302000007,
        0.34164436502000006,
        0.32923003202000006,
        0.32794286502000003,
        0.32742349102000007,
        0.31709419902,
        0.32083544902000005,
        0.32313011602,
        0.32312290702000007,
        0.31869728202000003,
        0.32307274102000005,
        0.31655749102,
        0.31931624102000006,
        0.33191594902000005,
        0.32826557402000006,
        0.33108894902,
        0.32309486602000004,
        0.32758486602000003,
        0.35246878202000004,
        0.32821136602000006,
        0.31986407402000006,
        0.32916249002000003,
        0.36689724102000004
      ],
      "memory_usage_byte": [
        21004288,
        21004288,
        21004288,
        21004288,
        21004288,
        23134208,
        23134208,
        23134208,
        23134208,
        23134208,
        23134208,
        23134208,
        23134208,
        23134208,
        23134208,
        23134208,
        23134208,
        23134208,
        23134208,
        23134208,
        23134208,
        23134208,
        23134208,
        23134208,
        23134208,
        23134208,
        23134208,
        23134208,
        23134208,
        23134208
      ],
      "exit_codes": [
        0,
        0,
        0,
        0,
        0,
        0,
        0,
        0,
        0,
        0,
        0,
        0,
        0,
        0,
        0,
        0,
        0,
        0,
        0,
        0,
        0,
        0,
        0,
        0,
        0,
        0,
        0,
        0,
        0,
        0
      ]
    }
  ]
}
