{
  "results": [
    {
      "command": "C",
      "mean": 0.007439588613333334,
      "stddev": 0.0014515112060426453,
      "median": 0.006845919180000001,
      "user": 0.005533106666666666,
      "system": 0.0008019333333333336,
      "min": 0.005565773680000001,
      "max": 0.01025798168,
      "times": [
        0.006459231680000001,
        0.00864773168,
        0.00780306468,
        0.005908648680000001,
        0.005565773680000001,
        0.007667190680000001,
        0.00965668968,
        0.00608743968,
        0.00610435668,
        0.00599593968,
        0.01025798168,
        0.006152564680000001,
        0.006720147680000001,
        0.007491106680000001,
        0.009875106680000002,
        0.00632673168,
        0.006969689680000001,
        0.00682414868,
        0.00969919068,
        0.0066193156800000005,
        0.006674689680000001,
        0.006867689680000001,
        0.008262773680000002,
        0.006248397680000001,
        0.010007273680000001,
        0.006674564680000001,
        0.00744981568,
        0.009833606680000002,
        0.006097106680000001,
        0.008239689680000002
      ],
      "memory_usage_byte": [
        2752512,
        2752512,
        2752512,
        2752512,
        2752512,
        2752512,
        2752512,
        2752512,
        2752512,
        2752512,
        2752512,
        2752512,
        2752512,
        2752512,
        2752512,
        2752512,
        2752512,
        2752512,
        2752512,
        2752512,
        2752512,
        2752512,
        2752512,
        2752512,
        2752512,
        2752512,
        2752512,
        2752512,
        2752512,
        2752512
      ],
      "exit_codes": [
        0,
        0,
        0,
        0,
        0,
        0,
        0,
        0,
        0,
        0,
        0,
        0,
        0,
        0,
        0,
        0,
        0,
        0,
        0,
        0,
        0,
        0,
        0,
        0,
        0,
        0,
        0,
        0,
        0,
        0
      ]
    },
    {
      "command": "LOGOS (release)",
      "mean": 0.03989470394666667,
      "stddev": 0.005125457808888571,
      "median": 0.03886871068,
      "user": 0.034959040000000004,
      "system": 0.001652433333333333,
      "min": 0.03721894068000001,
      "max": 0.06605481568,
      "times": [
        0.037291106680000005,
        0.037669523680000004,
        0.041824981680000005,
        0.038865606680000005,
        0.03772852368000001,
        0.03931523168000001,
        0.03844010668,
        0.03798339868,
        0.038871814680000005,
        0.03721894068000001,
        0.038267856680000004,
        0.039290648680000005,
        0.04057948168000001,
        0.040275606680000006,
        0.03802543968,
        0.041003565680000006,
        0.04123714868,
        0.042374064680000004,
        0.06605481568,
        0.03922956568000001,
        0.03782727268,
        0.039402231680000004,
        0.03972523168000001,
        0.037552814680000005,
        0.03867023168000001,
        0.03933389768000001,
        0.038957397680000005,
        0.037276898680000004,
        0.03872048168,
        0.037827231680000004
      ],
      "memory_usage_byte": [
        10584064,
        10584064,
        10682368,
        10682368,
        10682368,
        10682368,
        11485184,
        11485184,
        11485184,
        11485184,
        11485184,
        11485184,
        11485184,
        11485184,
        11485184,
        11485184,
        11485184,
        11485184,
        11485184,
        11485184,
        11485184,
        11485184,
        11485184,
        11485184,
        11485184,
        11485184,
        11485184,
        11485184,
        11485184,
        11485184
      ],
      "exit_codes": [
        0,
        0,
        0,
        0,
        0,
        0,
        0,
        0,
        0,
        0,
        0,
        0,
        0,
        0,
        0,
        0,
        0,
        0,
        0,
        0,
        0,
        0,
        0,
        0,
        0,
        0,
        0,
        0,
        0,
        0
      ]
    }
  ]
}
