{
  "results": [
    {
      "command": "C",
      "mean": 0.4648701356266667,
      "stddev": 0.018519007836203076,
      "median": 0.45776128836,
      "user": 0.4380940266666666,
      "system": 0.019475499999999996,
      "min": 0.44023868386000004,
      "max": 0.50978276686,
      "times": [
        0.5025221428600001,
        0.50437322586,
        0.50978276686,
        0.48545951786,
        0.48898318486000003,
        0.46815864186,
        0.46087868386,
        0.47366851786,
        0.47894476786,
        0.45522139286,
        0.45184226686,
        0.45637622586000004,
        0.49094272586000004,
        0.45636418386,
        0.45557055886000003,
        0.44590768386,
        0.45644264286,
        0.46291772586,
        0.45887510086,
        0.44215364286000003,
        0.45781897586000003,
        0.46141143486,
        0.45424314286,
        0.44023868386000004,
        0.45197064286,
        0.45571768486,
        0.45417493386,
        0.45770360086,
        0.44942676786,
        0.45801260086
      ],
      "memory_usage_byte": [
        126353408,
        128073728,
        130514944,
        130514944,
        136380416,
        136380416,
        137101312,
        137101312,
        137101312,
        137101312,
        137101312,
        137101312,
        137101312,
        137101312,
        137101312,
        137101312,
        137101312,
        137101312,
        137101312,
        137101312,
        137101312,
        137101312,
        137101312,
        137101312,
        137101312,
        137101312,
        137101312,
        137101312,
        137101312,
        137101312
      ],
      "exit_codes": [
        0,
        0,
        0,
        0,
        0,
        0,
        0,
        0,
        0,
        0,
        0,
        0,
        0,
        0,
        0,
        0,
        0,
        0,
        0,
        0,
        0,
        0,
        0,
        0,
        0,
        0,
        0,
        0,
        0,
        0
      ]
    },
    {
      "command": "LOGOS (release)",
      "mean": 0.8485978814599999,
      "stddev": 0.05545368696278602,
      "median": 0.83769660036,
      "user": 0.7885487933333332,
      "system": 0.0371788,
      "min": 0.77952339286,
      "max": 1.00858868386,
      "times": [
        0.8016749348600001,
        0.77952339286,
        0.80871101786,
        0.80695072586,
        0.8024017678600001,
        0.7998668508600001,
        0.7890716428600001,
        0.8248792258600001,
        0.82488080986,
        0.89429205986,
        0.79922730986,
        0.9627119338600001,
        0.86624326786,
        0.83481455886,
        0.81701405886,
        0.83885076686,
        0.8083888088600001,
        0.84544293386,
        1.00858868386,
        0.84445880986,
        0.84912430886,
        0.8853441418600001,
        0.9868384758600001,
        0.88823497586,
        0.8745658928600001,
        0.85522101786,
        0.82859697586,
        0.83654243386,
        0.84433960086,
        0.8511350588600001
      ],
      "memory_usage_byte": [
        194330624,
        194330624,
        194330624,
        194330624,
        194330624,
        194330624,
        194330624,
        194330624,
        194330624,
        199688192,
        199688192,
        205012992,
        205012992,
        205012992,
        205012992,
        205012992,
        205012992,
        206782464,
        211140608,
        211140608,
        211140608,
        211140608,
        211140608,
        211140608,
        211140608,
        211140608,
        211140608,
        211140608,
        211140608,
        211140608
      ],
      "exit_codes": [
        0,
        0,
        0,
        0,
        0,
        0,
        0,
        0,
        0,
        0,
        0,
        0,
        0,
        0,
        0,
        0,
        0,
        0,
        0,
        0,
        0,
        0,
        0,
        0,
        0,
        0,
        0,
        0,
        0,
        0
      ]
    }
  ]
}
