{
  "results": [
    {
      "command": "C",
      "mean": 0.009463747733333335,
      "stddev": 0.002835770233501905,
      "median": 0.009105424500000002,
      "user": 0.005837439999999998,
      "system": 0.0013288399999999993,
      "min": 0.005112362000000001,
      "max": 0.016345987000000003,
      "times": [
        0.006980070000000002,
        0.009946029000000002,
        0.0061663620000000025,
        0.005408028000000001,
        0.006269236000000002,
        0.007742945000000002,
        0.006523237000000002,
        0.010086862000000002,
        0.00841507,
        0.011185820000000003,
        0.016345987000000003,
        0.015610445000000004,
        0.012886111000000002,
        0.007351820000000001,
        0.005112362000000001,
        0.008303653000000001,
        0.014584278000000003,
        0.010832904000000004,
        0.012881737000000004,
        0.009882486000000003,
        0.010833486000000003,
        0.007741653000000002,
        0.008767611000000002,
        0.008939612000000003,
        0.009343778000000004,
        0.009951487000000002,
        0.007321237000000002,
        0.008858861000000003,
        0.009271237000000002,
        0.010368028000000001
      ],
      "memory_usage_byte": [
        2408448,
        2408448,
        2408448,
        2408448,
        2408448,
        2408448,
        2408448,
        2408448,
        2408448,
        2408448,
        2408448,
        2408448,
        2408448,
        2408448,
        2408448,
        2408448,
        2408448,
        2408448,
        2408448,
        2408448,
        2408448,
        2408448,
        2408448,
        2408448,
        2408448,
        2408448,
        2408448,
        2408448,
        2408448,
        2408448
      ],
      "exit_codes": [
        0,
        0,
        0,
        0,
        0,
        0,
        0,
        0,
        0,
        0,
        0,
        0,
        0,
        0,
        0,
        0,
        0,
        0,
        0,
        0,
        0,
        0,
        0,
        0,
        0,
        0,
        0,
        0,
        0,
        0
      ]
    },
    {
      "command": "LOGOS (release)",
      "mean": 0.02052662276666667,
      "stddev": 0.012630771632536298,
      "median": 0.014504861500000004,
      "user": 0.008102873333333335,
      "system": 0.0017269399999999995,
      "min": 0.008568361000000004,
      "max": 0.051567904000000005,
      "times": [
        0.013343611000000002,
        0.008568361000000004,
        0.011381904000000002,
        0.010973945000000002,
        0.012042404000000003,
        0.010555362000000002,
        0.013690570000000003,
        0.017674570000000004,
        0.040145904,
        0.051567904000000005,
        0.014679403000000004,
        0.012060570000000003,
        0.014114778000000001,
        0.010834778000000003,
        0.008707778000000003,
        0.012173737000000004,
        0.014330320000000004,
        0.010177862000000003,
        0.03142661200000001,
        0.04650852800000001,
        0.012288362000000004,
        0.019538070000000005,
        0.021878945000000004,
        0.015065986000000003,
        0.036871945,
        0.03869161200000001,
        0.04217532,
        0.030525528000000003,
        0.016735278000000003,
        0.017068736000000004
      ],
      "memory_usage_byte": [
        2899968,
        2899968,
        2899968,
        2899968,
        2899968,
        2899968,
        2899968,
        2899968,
        2899968,
        2899968,
        2899968,
        2916352,
        2916352,
        2916352,
        2916352,
        2916352,
        2916352,
        2916352,
        2916352,
        2916352,
        2916352,
        2916352,
        2916352,
        2916352,
        2916352,
        2916352,
        2916352,
        2916352,
        2916352,
        2916352
      ],
      "exit_codes": [
        0,
        0,
        0,
        0,
        0,
        0,
        0,
        0,
        0,
        0,
        0,
        0,
        0,
        0,
        0,
        0,
        0,
        0,
        0,
        0,
        0,
        0,
        0,
        0,
        0,
        0,
        0,
        0,
        0,
        0
      ]
    }
  ]
}
