{
  "results": [
    {
      "command": "C",
      "mean": 0.20317807832000004,
      "stddev": 0.013237067156395084,
      "median": 0.19894951172000003,
      "user": 0.1977078666666667,
      "system": 0.0015934266666666663,
      "min": 0.19375678322,
      "max": 0.25243549122000003,
      "times": [
        0.19375678322,
        0.19383132422000002,
        0.19820169922,
        0.19870390722,
        0.19793274122,
        0.19453811622,
        0.19649424122,
        0.19670715822,
        0.20022678222,
        0.22662407422,
        0.25243549122000003,
        0.20275411522,
        0.20097890722,
        0.19933940722000001,
        0.22996136622000002,
        0.19851044922,
        0.19913344922,
        0.19925661522000002,
        0.19924007422,
        0.19606415722,
        0.22632619922,
        0.19581961522,
        0.20019340722,
        0.19876557422000002,
        0.19406969922,
        0.19473665822,
        0.20855824022,
        0.20089744922,
        0.20295778222,
        0.19832686522
      ],
      "memory_usage_byte": [
        1802240,
        1802240,
        1802240,
        1802240,
        1802240,
        1802240,
        1802240,
        1802240,
        1802240,
        1802240,
        1802240,
        1802240,
        1802240,
        1802240,
        1802240,
        1802240,
        1802240,
        1802240,
        1802240,
        1802240,
        1802240,
        1802240,
        1802240,
        1802240,
        1802240,
        1802240,
        1802240,
        1802240,
        1802240,
        1802240
      ],
      "exit_codes": [
        0,
        0,
        0,
        0,
        0,
        0,
        0,
        0,
        0,
        0,
        0,
        0,
        0,
        0,
        0,
        0,
        0,
        0,
        0,
        0,
        0,
        0,
        0,
        0,
        0,
        0,
        0,
        0,
        0,
        0
      ]
    },
    {
      "command": "LOGOS (release)",
      "mean": 0.21844960751999995,
      "stddev": 0.015175868114291648,
      "median": 0.21288617872,
      "user": 0.2115231333333333,
      "system": 0.001823093333333333,
      "min": 0.20770128222,
      "max": 0.26596449122,
      "times": [
        0.21978561522,
        0.26596449122,
        0.21346282422,
        0.21085394922,
        0.21255507422,
        0.21446515722,
        0.21206103222,
        0.21182290822,
        0.26199644922,
        0.21504953222,
        0.21014794922000002,
        0.20770128222,
        0.20940961622,
        0.21289336622000002,
        0.21190590722,
        0.20908469922,
        0.20993386622000001,
        0.22771449022,
        0.21319636522000002,
        0.21294457422000002,
        0.21101469922000002,
        0.21217457422,
        0.25544099122,
        0.22200632422,
        0.20927832422,
        0.21287899122,
        0.22115394922,
        0.21930761522,
        0.21518253322,
        0.21210107422000002
      ],
      "memory_usage_byte": [
        2752512,
        2752512,
        2752512,
        2752512,
        2752512,
        2752512,
        2752512,
        2752512,
        2752512,
        2768896,
        2768896,
        2768896,
        2768896,
        2768896,
        2768896,
        2768896,
        2768896,
        2768896,
        2768896,
        2768896,
        2768896,
        2768896,
        2768896,
        2768896,
        2768896,
        2768896,
        2768896,
        2768896,
        2768896,
        2768896
      ],
      "exit_codes": [
        0,
        0,
        0,
        0,
        0,
        0,
        0,
        0,
        0,
        0,
        0,
        0,
        0,
        0,
        0,
        0,
        0,
        0,
        0,
        0,
        0,
        0,
        0,
        0,
        0,
        0,
        0,
        0,
        0,
        0
      ]
    }
  ]
}
