{
  "results": [
    {
      "command": "C",
      "mean": 0.028985235199999994,
      "stddev": 0.004840373104162315,
      "median": 0.0282494239,
      "user": 0.028165793333333335,
      "system": 0.0006714999999999999,
      "min": 0.025354840900000005,
      "max": 0.0536290069,
      "times": [
        0.028987298900000003,
        0.0297890069,
        0.028392673900000002,
        0.0536290069,
        0.0284971749,
        0.026787465900000005,
        0.0289705909,
        0.0264392989,
        0.027882215900000003,
        0.0262819659,
        0.030900923900000005,
        0.027976631900000003,
        0.027859882900000004,
        0.0297906319,
        0.028990632900000004,
        0.0279455909,
        0.028811965900000003,
        0.025519548900000005,
        0.0281497159,
        0.0297109659,
        0.027460840900000002,
        0.026800465900000004,
        0.0279280079,
        0.028810173900000003,
        0.027254090900000003,
        0.029342090900000003,
        0.025354840900000005,
        0.0299936739,
        0.0269505489,
        0.0283491319
      ],
      "memory_usage_byte": [
        1818624,
        1818624,
        1818624,
        1818624,
        1818624,
        1818624,
        1818624,
        1818624,
        1818624,
        1818624,
        1818624,
        1818624,
        1818624,
        1818624,
        1818624,
        1818624,
        1818624,
        1818624,
        1818624,
        1818624,
        1818624,
        1818624,
        1818624,
        1818624,
        1818624,
        1818624,
        1818624,
        1818624,
        1818624,
        1818624
      ],
      "exit_codes": [
        0,
        0,
        0,
        0,
        0,
        0,
        0,
        0,
        0,
        0,
        0,
        0,
        0,
        0,
        0,
        0,
        0,
        0,
        0,
        0,
        0,
        0,
        0,
        0,
        0,
        0,
        0,
        0,
        0,
        0
      ]
    },
    {
      "command": "LOGOS (release)",
      "mean": 0.9514374825666668,
      "stddev": 0.012123501433042118,
      "median": 0.9497181119000001,
      "user": 0.9395373266666667,
      "system": 0.005485533333333334,
      "min": 0.9318241319000001,
      "max": 0.9913430069000001,
      "times": [
        0.9519952579000001,
        0.9478506739000001,
        0.9459726739000001,
        0.9569554659000001,
        0.9453274249000001,
        0.9442552579000001,
        0.9489685909000001,
        0.9436167989000002,
        0.9512931749000001,
        0.9491701329000001,
        0.9684866329000001,
        0.9529436329000001,
        0.9577455909000001,
        0.9913430069000001,
        0.9497867159000001,
        0.9501934239000002,
        0.9722350489000001,
        0.9496495079000001,
        0.9661361739000001,
        0.9544621739000001,
        0.9605589239000001,
        0.9432896329000001,
        0.9560024659000002,
        0.9582185489000001,
        0.9416963829000001,
        0.9434798409000001,
        0.9354663829000001,
        0.9395183819000001,
        0.9346824249000001,
        0.9318241319000001
      ],
      "memory_usage_byte": [
        2965504,
        2965504,
        2965504,
        2965504,
        2965504,
        2965504,
        2965504,
        2965504,
        2965504,
        2965504,
        2965504,
        2965504,
        2965504,
        2965504,
        2965504,
        2965504,
        2965504,
        2965504,
        2965504,
        2965504,
        2965504,
        2965504,
        2965504,
        2965504,
        2965504,
        2965504,
        2965504,
        2965504,
        2965504,
        2965504
      ],
      "exit_codes": [
        0,
        0,
        0,
        0,
        0,
        0,
        0,
        0,
        0,
        0,
        0,
        0,
        0,
        0,
        0,
        0,
        0,
        0,
        0,
        0,
        0,
        0,
        0,
        0,
        0,
        0,
        0,
        0,
        0,
        0
      ]
    }
  ]
}
