{
  "results": [
    {
      "command": "C",
      "mean": 0.16424947207999996,
      "stddev": 0.009734495055171447,
      "median": 0.16199910378,
      "user": 0.15786429999999993,
      "system": 0.0028032999999999995,
      "min": 0.15769831278,
      "max": 0.21129664578000001,
      "times": [
        0.16124964578,
        0.16102602078,
        0.16031264578,
        0.15870514578,
        0.17428106278,
        0.15769831278,
        0.16206293678,
        0.16575910478,
        0.16211068678,
        0.21129664578000001,
        0.16249227078,
        0.16121252078,
        0.16427822878,
        0.16265318678,
        0.16193527078,
        0.16064331178,
        0.16091664578,
        0.17765418678,
        0.16451510378,
        0.16208989578,
        0.16221293778,
        0.16018514578,
        0.16038485378,
        0.16047510478,
        0.16217460378,
        0.16242452078,
        0.16250206278,
        0.16182131278,
        0.16141643678,
        0.16099435378
      ],
      "memory_usage_byte": [
        1818624,
        1818624,
        1818624,
        1818624,
        1818624,
        1818624,
        1818624,
        1818624,
        1818624,
        1818624,
        1818624,
        1818624,
        1818624,
        1818624,
        1818624,
        1818624,
        1818624,
        1818624,
        1818624,
        1818624,
        1818624,
        1818624,
        1818624,
        1818624,
        1818624,
        1818624,
        1818624,
        1818624,
        1818624,
        1818624
      ],
      "exit_codes": [
        0,
        0,
        0,
        0,
        0,
        0,
        0,
        0,
        0,
        0,
        0,
        0,
        0,
        0,
        0,
        0,
        0,
        0,
        0,
        0,
        0,
        0,
        0,
        0,
        0,
        0,
        0,
        0,
        0,
        0
      ]
    },
    {
      "command": "LOGOS (release)",
      "mean": 0.1762590859466667,
      "stddev": 0.01962803655627691,
      "median": 0.16908974978,
      "user": 0.1661584333333333,
      "system": 0.0021340333333333336,
      "min": 0.16415547878,
      "max": 0.25583677078000006,
      "times": [
        0.16724022878,
        0.17322097878,
        0.17510518778,
        0.17147622878,
        0.16899456278,
        0.16891489578,
        0.17012997878,
        0.25583677078000006,
        0.18585672878,
        0.22809002078,
        0.18210006178,
        0.16692802078,
        0.16960710378,
        0.16987097878,
        0.16715264578,
        0.19342472878,
        0.16463531178,
        0.16696118778,
        0.16886964578,
        0.16846918678,
        0.16491210478,
        0.16482002078,
        0.16415547878,
        0.16829472877999999,
        0.16918493678,
        0.17652489578,
        0.16843793778,
        0.16715614578,
        0.17125393778,
        0.19014793778
      ],
      "memory_usage_byte": [
        2703360,
        2703360,
        2768896,
        2768896,
        2768896,
        2768896,
        2768896,
        2768896,
        2768896,
        2768896,
        2768896,
        2768896,
        2768896,
        2768896,
        2768896,
        2768896,
        2768896,
        2768896,
        2768896,
        2768896,
        2768896,
        2768896,
        2768896,
        2768896,
        2768896,
        2768896,
        2768896,
        2768896,
        2768896,
        2768896
      ],
      "exit_codes": [
        0,
        0,
        0,
        0,
        0,
        0,
        0,
        0,
        0,
        0,
        0,
        0,
        0,
        0,
        0,
        0,
        0,
        0,
        0,
        0,
        0,
        0,
        0,
        0,
        0,
        0,
        0,
        0,
        0,
        0
      ]
    }
  ]
}
