{
  "results": [
    {
      "command": "C",
      "mean": 0.2299001448533334,
      "stddev": 0.1654373986657441,
      "median": 0.15777172652000002,
      "user": 0.10226284666666664,
      "system": 0.0037755333333333333,
      "min": 0.11526935102000002,
      "max": 0.6768146020200001,
      "times": [
        0.12113393502000003,
        0.14196185202000003,
        0.12786785202,
        0.13439535202000003,
        0.12520564402,
        0.12512060102000003,
        0.16939776802,
        0.14614568502000003,
        0.11626264402,
        0.11526935102000002,
        0.11652972702,
        0.11568210102000001,
        0.19354064402,
        0.19670997702,
        0.12753118502000002,
        0.12114981002000003,
        0.19248172702000002,
        0.18949301802000001,
        0.24430931002000003,
        0.13515472702,
        0.13529201802000002,
        0.17318326902000003,
        0.18148710202,
        0.6768146020200001,
        0.6624486430200001,
        0.53804347702,
        0.44054197602000006,
        0.32833568502000005,
        0.29553289402000005,
        0.50998176902
      ],
      "memory_usage_byte": [
        1949696,
        1949696,
        1949696,
        1949696,
        1949696,
        1949696,
        1949696,
        1949696,
        1949696,
        1949696,
        1949696,
        1949696,
        1949696,
        1949696,
        1949696,
        1949696,
        1949696,
        1949696,
        1949696,
        1949696,
        1949696,
        1949696,
        1949696,
        1949696,
        1949696,
        1949696,
        1949696,
        1949696,
        1949696,
        1949696
      ],
      "exit_codes": [
        0,
        0,
        0,
        0,
        0,
        0,
        0,
        0,
        0,
        0,
        0,
        0,
        0,
        0,
        0,
        0,
        0,
        0,
        0,
        0,
        0,
        0,
        0,
        0,
        0,
        0,
        0,
        0,
        0,
        0
      ]
    },
    {
      "command": "LOGOS (release)",
      "mean": 0.1273992571533334,
      "stddev": 0.021998754272329387,
      "median": 0.12014076852000001,
      "user": 0.10115484666666667,
      "system": 0.0046939,
      "min": 0.10639806002000002,
      "max": 0.20373031002000003,
      "times": [
        0.17735426802,
        0.11949772702,
        0.12135868502000002,
        0.12400868502000001,
        0.12212160202000003,
        0.12078381002000002,
        0.12767189302,
        0.17070668502000003,
        0.11752010202000002,
        0.11932847602000002,
        0.20373031002000003,
        0.12215868502000002,
        0.12861139302000002,
        0.12572464302000003,
        0.13828926902000002,
        0.16194326802000003,
        0.10639806002000002,
        0.11285243502,
        0.11781810202000001,
        0.11813714302,
        0.11706814302000002,
        0.12435589302000002,
        0.12114176802000001,
        0.11539285202000002,
        0.11177810202000002,
        0.11035626802000001,
        0.11470489302,
        0.11588422602000001,
        0.11730543502000002,
        0.11797489302
      ],
      "memory_usage_byte": [
        2818048,
        2932736,
        2932736,
        2932736,
        2932736,
        2932736,
        2932736,
        2932736,
        2932736,
        2932736,
        2932736,
        2932736,
        2932736,
        2932736,
        2932736,
        2932736,
        2932736,
        2932736,
        2932736,
        2932736,
        2932736,
        2932736,
        2932736,
        2932736,
        2932736,
        2932736,
        2932736,
        2932736,
        2932736,
        2932736
      ],
      "exit_codes": [
        0,
        0,
        0,
        0,
        0,
        0,
        0,
        0,
        0,
        0,
        0,
        0,
        0,
        0,
        0,
        0,
        0,
        0,
        0,
        0,
        0,
        0,
        0,
        0,
        0,
        0,
        0,
        0,
        0,
        0
      ]
    }
  ]
}
