{
  "results": [
    {
      "command": "C",
      "mean": 0.21250350683333338,
      "stddev": 0.033006442988399914,
      "median": 0.20067783300000003,
      "user": 0.1952222933333333,
      "system": 0.00278126,
      "min": 0.1953101875,
      "max": 0.3616746045,
      "times": [
        0.2735532285,
        0.2000976465,
        0.1996556875,
        0.19929035350000002,
        0.2057103955,
        0.2028881045,
        0.20469902050000002,
        0.2058029795,
        0.23313485350000002,
        0.20066389550000002,
        0.2050034785,
        0.19820997850000002,
        0.2022486045,
        0.20084852050000002,
        0.19906422850000002,
        0.20077627150000002,
        0.3616746045,
        0.2474823545,
        0.1953101875,
        0.1990246045,
        0.2006917705,
        0.1998296455,
        0.2004435205,
        0.1990507715,
        0.1966876875,
        0.1990593545,
        0.20017377050000001,
        0.19912218750000002,
        0.2123692285,
        0.2325382705
      ],
      "memory_usage_byte": [
        1769472,
        1769472,
        1769472,
        1769472,
        1769472,
        1769472,
        1769472,
        1769472,
        1769472,
        1769472,
        1769472,
        1769472,
        1769472,
        1769472,
        1769472,
        1769472,
        1769472,
        1769472,
        1769472,
        1769472,
        1769472,
        1769472,
        1769472,
        1769472,
        1769472,
        1769472,
        1769472,
        1769472,
        1769472,
        1769472
      ],
      "exit_codes": [
        0,
        0,
        0,
        0,
        0,
        0,
        0,
        0,
        0,
        0,
        0,
        0,
        0,
        0,
        0,
        0,
        0,
        0,
        0,
        0,
        0,
        0,
        0,
        0,
        0,
        0,
        0,
        0,
        0,
        0
      ]
    },
    {
      "command": "LOGOS (release)",
      "mean": 0.2019081167666667,
      "stddev": 0.011631521976451885,
      "median": 0.19749958350000002,
      "user": 0.19338902666666674,
      "system": 0.002243593333333334,
      "min": 0.19321393750000002,
      "max": 0.2377322705,
      "times": [
        0.19983985350000003,
        0.2012122705,
        0.20546689650000002,
        0.19742443750000002,
        0.20214064550000002,
        0.20003835450000002,
        0.2369630205,
        0.2006937295,
        0.1989882715,
        0.19597485350000002,
        0.19924752050000002,
        0.1936940625,
        0.1943373965,
        0.22506368750000003,
        0.19635077150000002,
        0.19757472950000002,
        0.1964264795,
        0.2377322705,
        0.1968367715,
        0.1981649375,
        0.1971024795,
        0.19359743750000002,
        0.19706835450000001,
        0.19459597950000002,
        0.19594664550000002,
        0.20809810450000002,
        0.19321393750000002,
        0.19366852050000002,
        0.2130548965,
        0.1967261875
      ],
      "memory_usage_byte": [
        2752512,
        2752512,
        2752512,
        2752512,
        2752512,
        2752512,
        2768896,
        2768896,
        2768896,
        2768896,
        2768896,
        2768896,
        2768896,
        2801664,
        2801664,
        2801664,
        2801664,
        2801664,
        2801664,
        2801664,
        2801664,
        2801664,
        2801664,
        2801664,
        2801664,
        2801664,
        2801664,
        2801664,
        2801664,
        2801664
      ],
      "exit_codes": [
        0,
        0,
        0,
        0,
        0,
        0,
        0,
        0,
        0,
        0,
        0,
        0,
        0,
        0,
        0,
        0,
        0,
        0,
        0,
        0,
        0,
        0,
        0,
        0,
        0,
        0,
        0,
        0,
        0,
        0
      ]
    }
  ]
}
