{
  "results": [
    {
      "command": "C",
      "mean": 0.05947936620000001,
      "stddev": 0.0017544297915376723,
      "median": 0.0590800965,
      "user": 0.050789539999999994,
      "system": 0.006593839999999999,
      "min": 0.056932222000000005,
      "max": 0.06651618,
      "times": [
        0.057919472,
        0.059628597000000005,
        0.058136805,
        0.059032638,
        0.059388972,
        0.058844097,
        0.057793972,
        0.05783851300000001,
        0.060982347000000006,
        0.05905868,
        0.060344639000000005,
        0.060406097000000006,
        0.061015763,
        0.061841262999999994,
        0.061103346,
        0.060813222,
        0.059323555,
        0.058572097000000004,
        0.059170721999999995,
        0.059291889,
        0.058938887999999995,
        0.058456847000000006,
        0.058416513,
        0.056932222000000005,
        0.059101512999999994,
        0.059004512999999995,
        0.059731847000000005,
        0.06651618,
        0.058074097000000005,
        0.058701680000000006
      ],
      "memory_usage_byte": [
        81166336,
        81166336,
        81166336,
        81166336,
        81166336,
        81166336,
        81166336,
        81166336,
        81166336,
        81166336,
        81166336,
        81166336,
        81166336,
        81166336,
        81166336,
        81166336,
        81166336,
        81166336,
        81166336,
        81166336,
        81166336,
        81166336,
        81166336,
        81166336,
        81166336,
        81166336,
        81166336,
        81166336,
        81166336,
        81166336
      ],
      "exit_codes": [
        0,
        0,
        0,
        0,
        0,
        0,
        0,
        0,
        0,
        0,
        0,
        0,
        0,
        0,
        0,
        0,
        0,
        0,
        0,
        0,
        0,
        0,
        0,
        0,
        0,
        0,
        0,
        0,
        0,
        0
      ]
    },
    {
      "command": "LOGOS (release)",
      "mean": 0.09389115079999999,
      "stddev": 0.006509970520790855,
      "median": 0.0972925965,
      "user": 0.07314790666666665,
      "system": 0.018215373333333333,
      "min": 0.082143971,
      "max": 0.10073538900000001,
      "times": [
        0.097384972,
        0.096873596,
        0.10073538900000001,
        0.084125763,
        0.097581847,
        0.084873764,
        0.082143971,
        0.08295418,
        0.09775863800000001,
        0.083581847,
        0.083911138,
        0.08361555500000001,
        0.098372763,
        0.087377513,
        0.097324972,
        0.097740097,
        0.09661647200000001,
        0.09726022100000001,
        0.096530139,
        0.100184596,
        0.09791568,
        0.090753346,
        0.09956709700000001,
        0.10018822200000001,
        0.098712013,
        0.100352972,
        0.095665888,
        0.08932609700000001,
        0.098738305,
        0.098567471
      ],
      "memory_usage_byte": [
        149848064,
        149848064,
        149848064,
        149848064,
        149848064,
        149848064,
        149848064,
        149848064,
        149848064,
        149848064,
        149848064,
        149848064,
        149848064,
        149848064,
        149848064,
        149848064,
        149848064,
        149848064,
        149848064,
        149848064,
        149913600,
        149913600,
        149913600,
        149913600,
        149913600,
        149913600,
        149913600,
        149913600,
        149913600,
        149913600
      ],
      "exit_codes": [
        0,
        0,
        0,
        0,
        0,
        0,
        0,
        0,
        0,
        0,
        0,
        0,
        0,
        0,
        0,
        0,
        0,
        0,
        0,
        0,
        0,
        0,
        0,
        0,
        0,
        0,
        0,
        0,
        0,
        0
      ]
    }
  ]
}
