{
  "results": [
    {
      "command": "C",
      "mean": 0.30865068219333336,
      "stddev": 0.016006998575082653,
      "median": 0.30283678066,
      "user": 0.25588826666666675,
      "system": 0.04217674666666667,
      "min": 0.29452557216,
      "max": 0.35957332216000004,
      "times": [
        0.31125919816000003,
        0.30416811416,
        0.30093848916000004,
        0.30652598916,
        0.29772694716000003,
        0.30308886416,
        0.35957332216000004,
        0.29452557216,
        0.29935361416,
        0.34873782216000004,
        0.30094582216000004,
        0.29635594716,
        0.30105628116000005,
        0.32088969716000004,
        0.33766465616,
        0.30720303016,
        0.30156628116,
        0.29616565616,
        0.30121211416000004,
        0.31774386416,
        0.29998665616000003,
        0.30765028016,
        0.30258469716,
        0.29724219816,
        0.29617086416000005,
        0.30162961416,
        0.33321211416,
        0.30477007316000004,
        0.30405607216,
        0.30551661416000003
      ],
      "memory_usage_byte": [
        401145856,
        401145856,
        401211392,
        401211392,
        401211392,
        401211392,
        401211392,
        401211392,
        401211392,
        401211392,
        401211392,
        401211392,
        401211392,
        401211392,
        401211392,
        401211392,
        401211392,
        401211392,
        401211392,
        401211392,
        401211392,
        401211392,
        401211392,
        401211392,
        401211392,
        401211392,
        401211392,
        401211392,
        401211392,
        401211392
      ],
      "exit_codes": [
        0,
        0,
        0,
        0,
        0,
        0,
        0,
        0,
        0,
        0,
        0,
        0,
        0,
        0,
        0,
        0,
        0,
        0,
        0,
        0,
        0,
        0,
        0,
        0,
        0,
        0,
        0,
        0,
        0,
        0
      ]
    },
    {
      "command": "LOGOS (release)",
      "mean": 0.41063805312666674,
      "stddev": 0.011028810054307116,
      "median": 0.40663125966,
      "user": 0.3620392666666667,
      "system": 0.04161978,
      "min": 0.40102836416000004,
      "max": 0.44680282216000006,
      "times": [
        0.44680282216000006,
        0.41417623916,
        0.40209382216000006,
        0.40589819816000006,
        0.43556723916,
        0.40407465616000005,
        0.40737594816000006,
        0.40629073916,
        0.40909807216000005,
        0.40624865616000005,
        0.40527844716000005,
        0.40802669716,
        0.40116519816,
        0.40847044816000005,
        0.40470644816,
        0.40539448916000004,
        0.40102836416000004,
        0.40376403016,
        0.40406419816000005,
        0.40869678116,
        0.42165669716000004,
        0.40669569716000004,
        0.40440240616000006,
        0.41107182316,
        0.40656682216,
        0.40822415516000005,
        0.42080286416,
        0.40962815616000003,
        0.43677415616000004,
        0.40509732216000005
      ],
      "memory_usage_byte": [
        402751488,
        402751488,
        402751488,
        402751488,
        402751488,
        402751488,
        402751488,
        402751488,
        402751488,
        402751488,
        402751488,
        402767872,
        402767872,
        402767872,
        402767872,
        402767872,
        402767872,
        402767872,
        402767872,
        402767872,
        402767872,
        402767872,
        402767872,
        402767872,
        402767872,
        402767872,
        402767872,
        402767872,
        402784256,
        402784256
      ],
      "exit_codes": [
        0,
        0,
        0,
        0,
        0,
        0,
        0,
        0,
        0,
        0,
        0,
        0,
        0,
        0,
        0,
        0,
        0,
        0,
        0,
        0,
        0,
        0,
        0,
        0,
        0,
        0,
        0,
        0,
        0,
        0
      ]
    }
  ]
}
