{
  "results": [
    {
      "command": "C",
      "mean": 0.06793709852,
      "stddev": 0.00907208150354139,
      "median": 0.06582713752,
      "user": 0.06343012666666666,
      "system": 0.0009610066666666665,
      "min": 0.06355432502,
      "max": 0.10753199202000001,
      "times": [
        0.06608890802,
        0.06745153302,
        0.10753199202000001,
        0.06393424102,
        0.06423332502,
        0.06495611602,
        0.06355432502,
        0.06749024202000001,
        0.06546361702,
        0.06464261602,
        0.06487511702,
        0.06590261602,
        0.06589111602,
        0.06708495002,
        0.06643061602,
        0.06672136702,
        0.09305303302000001,
        0.06640390802,
        0.06468215902,
        0.06422049202,
        0.06470282502000001,
        0.06444661602,
        0.06484082502,
        0.06667820002000001,
        0.06464607502,
        0.06581890902,
        0.06574932502,
        0.06830965802,
        0.06583536602000001,
        0.06647286702
      ],
      "memory_usage_byte": [
        1753088,
        1753088,
        1753088,
        1753088,
        1753088,
        1753088,
        1753088,
        1753088,
        1753088,
        1753088,
        1753088,
        1753088,
        1753088,
        1753088,
        1753088,
        1753088,
        1753088,
        1753088,
        1753088,
        1753088,
        1753088,
        1753088,
        1753088,
        1753088,
        1753088,
        1753088,
        1753088,
        1753088,
        1753088,
        1753088
      ],
      "exit_codes": [
        0,
        0,
        0,
        0,
        0,
        0,
        0,
        0,
        0,
        0,
        0,
        0,
        0,
        0,
        0,
        0,
        0,
        0,
        0,
        0,
        0,
        0,
        0,
        0,
        0,
        0,
        0,
        0,
        0,
        0
      ]
    },
    {
      "command": "LOGOS (release)",
      "mean": 0.3153667971866667,
      "stddev": 0.0035286307552883857,
      "median": 0.31493349152000005,
      "user": 0.31087876000000014,
      "system": 0.0016326400000000003,
      "min": 0.31126670002000006,
      "max": 0.32728736602,
      "times": [
        0.31684003302,
        0.31315615802,
        0.31155203402000003,
        0.31519940802000007,
        0.31427061602000006,
        0.31141507502000004,
        0.31811336602000007,
        0.31739953302000007,
        0.31220661702,
        0.31503578302000007,
        0.31850299202000004,
        0.31126670002000006,
        0.31326236702000004,
        0.31718657502000003,
        0.31303907502000006,
        0.31545682502000005,
        0.31831936702,
        0.32728736602,
        0.31130615902000003,
        0.31964224202,
        0.3124389080200001,
        0.31380740802000007,
        0.32146270002000005,
        0.31305545002000007,
        0.31183257502000006,
        0.31554253302000007,
        0.31746170002000007,
        0.31354607502000004,
        0.31656707502000003,
        0.31483120002000003
      ],
      "memory_usage_byte": [
        2703360,
        2703360,
        2703360,
        2703360,
        2703360,
        2703360,
        2703360,
        2703360,
        2703360,
        2703360,
        2703360,
        2703360,
        2703360,
        2703360,
        2703360,
        2703360,
        2703360,
        2768896,
        2768896,
        2768896,
        2768896,
        2768896,
        2768896,
        2768896,
        2768896,
        2768896,
        2768896,
        2768896,
        2768896,
        2768896
      ],
      "exit_codes": [
        0,
        0,
        0,
        0,
        0,
        0,
        0,
        0,
        0,
        0,
        0,
        0,
        0,
        0,
        0,
        0,
        0,
        0,
        0,
        0,
        0,
        0,
        0,
        0,
        0,
        0,
        0,
        0,
        0,
        0
      ]
    }
  ]
}
