{
  "results": [
    {
      "command": "C",
      "mean": 0.2996076125466668,
      "stddev": 0.01682619986975689,
      "median": 0.29375034618000007,
      "user": 0.29132172000000006,
      "system": 0.002309973333333333,
      "min": 0.28967686668000003,
      "max": 0.36893365768,
      "times": [
        0.31460032568,
        0.30694461668,
        0.29414470068000004,
        0.29595886668000004,
        0.29335599168000004,
        0.29183711668,
        0.29297774168,
        0.29604565868000005,
        0.29028836668,
        0.36893365768,
        0.29468307468000005,
        0.30731953368000003,
        0.28967686668000003,
        0.29659899168000003,
        0.29297882468,
        0.29020999168,
        0.29325632568000004,
        0.29955907468000004,
        0.28986524168000005,
        0.29015899168000003,
        0.29590915868,
        0.32059919968,
        0.29097928268,
        0.33731811668,
        0.29534007468,
        0.29156086668000003,
        0.29468853368000003,
        0.29137111668000004,
        0.28983186668000005,
        0.29123620068
      ],
      "memory_usage_byte": [
        1851392,
        1851392,
        1851392,
        1851392,
        1851392,
        1851392,
        1851392,
        1851392,
        1851392,
        1851392,
        1851392,
        1851392,
        1851392,
        1851392,
        1851392,
        1851392,
        1851392,
        1851392,
        1851392,
        1851392,
        1851392,
        1851392,
        1851392,
        1851392,
        1851392,
        1851392,
        1851392,
        1851392,
        1851392,
        1851392
      ],
      "exit_codes": [
        0,
        0,
        0,
        0,
        0,
        0,
        0,
        0,
        0,
        0,
        0,
        0,
        0,
        0,
        0,
        0,
        0,
        0,
        0,
        0,
        0,
        0,
        0,
        0,
        0,
        0,
        0,
        0,
        0,
        0
      ]
    },
    {
      "command": "LOGOS (release)",
      "mean": 0.32912704307999996,
      "stddev": 0.009213062156896974,
      "median": 0.32666538718000004,
      "user": 0.31950178666666673,
      "system": 0.0029452066666666673,
      "min": 0.31892528268000003,
      "max": 0.35322245068,
      "times": [
        0.32072832468,
        0.32374765868000005,
        0.32250778268,
        0.32147957568,
        0.33104665768,
        0.33618170068000003,
        0.32454049168000004,
        0.32553703368000003,
        0.32800644968000003,
        0.31892528268000003,
        0.32718103368,
        0.34297882568000004,
        0.32073003368,
        0.32722620068,
        0.35322245068,
        0.32059865768,
        0.32980665868000003,
        0.33632724168,
        0.32243632468000005,
        0.32662486668,
        0.34498845068,
        0.32200961668,
        0.32670590768,
        0.34761574168000003,
        0.32360115768000003,
        0.34580319968,
        0.32518119968000003,
        0.32112911668000005,
        0.32938153368,
        0.32756211668
      ],
      "memory_usage_byte": [
        2703360,
        2703360,
        2703360,
        2703360,
        2703360,
        2719744,
        2719744,
        2719744,
        2719744,
        2719744,
        2719744,
        2719744,
        2719744,
        2719744,
        2818048,
        2818048,
        2818048,
        2818048,
        2818048,
        2818048,
        2818048,
        2818048,
        2818048,
        2818048,
        2818048,
        2818048,
        2818048,
        2818048,
        2818048,
        2818048
      ],
      "exit_codes": [
        0,
        0,
        0,
        0,
        0,
        0,
        0,
        0,
        0,
        0,
        0,
        0,
        0,
        0,
        0,
        0,
        0,
        0,
        0,
        0,
        0,
        0,
        0,
        0,
        0,
        0,
        0,
        0,
        0,
        0
      ]
    }
  ]
}
