{
  "results": [
    {
      "command": "C",
      "mean": 0.00971425584,
      "stddev": 0.00894872175465516,
      "median": 0.00720009364,
      "user": 0.005892973333333333,
      "system": 0.0007301866666666668,
      "min": 0.005583072140000001,
      "max": 0.05384582314,
      "times": [
        0.01089140614,
        0.005733822140000001,
        0.00647040514,
        0.006323697140000001,
        0.008013114140000001,
        0.00721040614,
        0.00872873914,
        0.00840728114,
        0.00796819814,
        0.007453197140000001,
        0.008420947140000001,
        0.00700961414,
        0.00718978114,
        0.05384582314,
        0.00925878114,
        0.00615178114,
        0.005747406140000001,
        0.00810144814,
        0.00688353014,
        0.006792323140000001,
        0.006886864140000001,
        0.006848280140000001,
        0.00888615614,
        0.00625798914,
        0.021959280140000002,
        0.01584019714,
        0.006288031140000001,
        0.005583072140000001,
        0.007081364140000001,
        0.00919473914
      ],
      "memory_usage_byte": [
        1949696,
        1949696,
        1949696,
        1949696,
        1949696,
        1949696,
        1949696,
        1949696,
        1949696,
        1949696,
        1949696,
        1949696,
        1949696,
        1949696,
        1949696,
        1949696,
        1949696,
        1949696,
        1949696,
        1949696,
        1949696,
        1949696,
        1949696,
        1949696,
        1949696,
        1949696,
        1949696,
        1949696,
        1949696,
        1949696
      ],
      "exit_codes": [
        0,
        0,
        0,
        0,
        0,
        0,
        0,
        0,
        0,
        0,
        0,
        0,
        0,
        0,
        0,
        0,
        0,
        0,
        0,
        0,
        0,
        0,
        0,
        0,
        0,
        0,
        0,
        0,
        0,
        0
      ]
    },
    {
      "command": "LOGOS (release)",
      "mean": 8.19676251564,
      "stddev": 0.5695660118217252,
      "median": 8.08992967664,
      "user": 3.4182379399999987,
      "system": 4.63945132,
      "min": 7.84535632314,
      "max": 10.50756753114,
      "times": [
        8.16204157214,
        7.88374869714,
        7.91256928114,
        8.10963440614,
        8.27710836414,
        7.88619815614,
        8.18073461414,
        8.08689498914,
        8.20248507214,
        7.84535632314,
        7.99119236414,
        7.87590865614,
        7.91088661414,
        7.92063744714,
        7.87015557314,
        7.90539757214,
        7.97248336414,
        8.09296436414,
        8.14016194814,
        7.90972340614,
        7.89676278114,
        8.02712411414,
        8.09688736414,
        8.35162615614,
        8.10461736414,
        8.13124069814,
        10.50756753114,
        9.79322532214,
        8.72740523914,
        8.13013611414
      ],
      "memory_usage_byte": [
        190070784,
        190070784,
        190873600,
        190873600,
        190873600,
        190873600,
        190873600,
        190873600,
        190873600,
        190873600,
        190873600,
        190873600,
        190873600,
        190873600,
        190873600,
        190873600,
        190873600,
        190873600,
        194887680,
        194887680,
        194887680,
        194887680,
        194887680,
        194887680,
        194887680,
        194887680,
        194887680,
        194887680,
        194887680,
        194887680
      ],
      "exit_codes": [
        0,
        0,
        0,
        0,
        0,
        0,
        0,
        0,
        0,
        0,
        0,
        0,
        0,
        0,
        0,
        0,
        0,
        0,
        0,
        0,
        0,
        0,
        0,
        0,
        0,
        0,
        0,
        0,
        0,
        0
      ]
    }
  ]
}
