{
  "results": [
    {
      "command": "C",
      "mean": 0.2479601417533333,
      "stddev": 0.015710007572687753,
      "median": 0.24145997522,
      "user": 0.23679182000000004,
      "system": 0.0034570666666666667,
      "min": 0.23578724622000002,
      "max": 0.29815066222000003,
      "times": [
        0.26909803722000003,
        0.24127316322,
        0.24130612122,
        0.25414387022,
        0.27714357922,
        0.23969849522,
        0.24190099622000003,
        0.24315057922000002,
        0.24054437022000003,
        0.24161382922000002,
        0.24119432922,
        0.24322587122000003,
        0.23992437122000002,
        0.23853341322000002,
        0.23955924622000002,
        0.24219245422000002,
        0.28265116322,
        0.23729799522,
        0.24043749622000002,
        0.29815066222000003,
        0.23930345422000002,
        0.23578724622000002,
        0.24114970422,
        0.24463374622,
        0.24436570422,
        0.23698432922,
        0.24037037022000002,
        0.24237812122000002,
        0.27585445422,
        0.24493707922000002
      ],
      "memory_usage_byte": [
        25133056,
        25133056,
        25133056,
        25133056,
        25133056,
        25133056,
        25133056,
        25133056,
        25133056,
        25133056,
        25133056,
        25133056,
        25133056,
        25133056,
        25133056,
        25133056,
        25133056,
        25133056,
        25133056,
        25133056,
        25133056,
        25133056,
        25133056,
        25133056,
        25133056,
        25133056,
        25133056,
        25133056,
        25133056,
        25133056
      ],
      "exit_codes": [
        0,
        0,
        0,
        0,
        0,
        0,
        0,
        0,
        0,
        0,
        0,
        0,
        0,
        0,
        0,
        0,
        0,
        0,
        0,
        0,
        0,
        0,
        0,
        0,
        0,
        0,
        0,
        0,
        0,
        0
      ]
    },
    {
      "command": "LOGOS (release)",
      "mean": 0.26927695002000007,
      "stddev": 0.009183682703868162,
      "median": 0.26704103722000005,
      "user": 0.2611671533333333,
      "system": 0.003907433333333333,
      "min": 0.26181741322,
      "max": 0.30118245422,
      "times": [
        0.26671516222,
        0.26577487022,
        0.26505453722,
        0.27033770422000003,
        0.26770491322,
        0.26310353722,
        0.26537528822,
        0.26737224522,
        0.26421491322,
        0.26357899522,
        0.26853632922000004,
        0.26775716322000004,
        0.26430182922,
        0.26508778722000004,
        0.26871987122,
        0.26998049522,
        0.26396257922,
        0.26672374522000003,
        0.26902724522,
        0.27045995422,
        0.26480299622000003,
        0.26805616322000003,
        0.28840057922,
        0.30118245422,
        0.26390707922,
        0.26790020422,
        0.26539616222,
        0.26181741322,
        0.26735832922,
        0.29569795422
      ],
      "memory_usage_byte": [
        26673152,
        26673152,
        26673152,
        26722304,
        26771456,
        26771456,
        26771456,
        26771456,
        26771456,
        26771456,
        26771456,
        26771456,
        26771456,
        26771456,
        26771456,
        26771456,
        26771456,
        26771456,
        26771456,
        26771456,
        26771456,
        26771456,
        26771456,
        26771456,
        26771456,
        26771456,
        26771456,
        26771456,
        26771456,
        26771456
      ],
      "exit_codes": [
        0,
        0,
        0,
        0,
        0,
        0,
        0,
        0,
        0,
        0,
        0,
        0,
        0,
        0,
        0,
        0,
        0,
        0,
        0,
        0,
        0,
        0,
        0,
        0,
        0,
        0,
        0,
        0,
        0,
        0
      ]
    }
  ]
}
