{
  "results": [
    {
      "command": "C",
      "mean": 0.4325631427333333,
      "stddev": 0.013671341168598852,
      "median": 0.42959981049999996,
      "user": 0.4088970533333333,
      "system": 0.014453966666666663,
      "min": 0.412829999,
      "max": 0.45870354,
      "times": [
        0.430633373,
        0.444210415,
        0.428566248,
        0.420734457,
        0.424426332,
        0.448473748,
        0.42220762300000003,
        0.425350624,
        0.430843374,
        0.453938248,
        0.414747081,
        0.434944915,
        0.445658457,
        0.433442373,
        0.453857873,
        0.41799579000000003,
        0.45758274800000004,
        0.424195248,
        0.422152957,
        0.434772998,
        0.417731124,
        0.42620287300000004,
        0.412829999,
        0.435736415,
        0.456350374,
        0.432401706,
        0.420134873,
        0.45870354,
        0.425933081,
        0.422135415
      ],
      "memory_usage_byte": [
        101138432,
        101138432,
        101138432,
        101138432,
        101138432,
        101138432,
        101138432,
        101171200,
        101187584,
        101187584,
        101187584,
        101187584,
        101187584,
        101187584,
        101187584,
        101187584,
        101236736,
        101236736,
        101236736,
        101236736,
        101236736,
        101236736,
        101236736,
        101236736,
        101236736,
        101236736,
        101236736,
        101236736,
        101236736,
        101236736
      ],
      "exit_codes": [
        0,
        0,
        0,
        0,
        0,
        0,
        0,
        0,
        0,
        0,
        0,
        0,
        0,
        0,
        0,
        0,
        0,
        0,
        0,
        0,
        0,
        0,
        0,
        0,
        0,
        0,
        0,
        0,
        0,
        0
      ]
    },
    {
      "command": "LOGOS (release)",
      "mean": 0.3898284481666667,
      "stddev": 0.015380745783801024,
      "median": 0.388476186,
      "user": 0.36601498666666665,
      "system": 0.015006266666666669,
      "min": 0.36757174800000003,
      "max": 0.422787123,
      "times": [
        0.404284623,
        0.414201373,
        0.38823354,
        0.381963665,
        0.37334195600000003,
        0.388718832,
        0.41666658100000004,
        0.374734207,
        0.42109304000000003,
        0.369566623,
        0.389145832,
        0.374137123,
        0.372449207,
        0.422787123,
        0.38504354,
        0.400501415,
        0.39274604,
        0.371761082,
        0.401511956,
        0.38598829,
        0.403747081,
        0.385425374,
        0.394768081,
        0.394609873,
        0.380112748,
        0.38640362300000003,
        0.373612331,
        0.36757174800000003,
        0.389143373,
        0.390583165
      ],
      "memory_usage_byte": [
        102694912,
        102694912,
        102744064,
        102744064,
        102744064,
        102744064,
        102744064,
        102744064,
        102825984,
        102825984,
        102825984,
        102825984,
        102825984,
        102825984,
        102825984,
        102825984,
        102825984,
        102825984,
        102825984,
        102825984,
        102825984,
        102825984,
        102825984,
        102825984,
        102825984,
        102825984,
        102825984,
        102825984,
        102825984,
        102825984
      ],
      "exit_codes": [
        0,
        0,
        0,
        0,
        0,
        0,
        0,
        0,
        0,
        0,
        0,
        0,
        0,
        0,
        0,
        0,
        0,
        0,
        0,
        0,
        0,
        0,
        0,
        0,
        0,
        0,
        0,
        0,
        0,
        0
      ]
    }
  ]
}
