{
  "results": [
    {
      "command": "C",
      "mean": 0.028667798713333324,
      "stddev": 0.006742295293772823,
      "median": 0.02676400978,
      "user": 0.02391508,
      "system": 0.0014340533333333336,
      "min": 0.02490300928,
      "max": 0.05533238528000001,
      "times": [
        0.02621975928,
        0.025787010279999998,
        0.026902968279999998,
        0.02549471828,
        0.02682726028,
        0.02607871828,
        0.027849634279999997,
        0.02681538528,
        0.050582593280000004,
        0.026712634279999998,
        0.02771413428,
        0.02797838528,
        0.02661917628,
        0.02854538428,
        0.02643942628,
        0.028283260279999996,
        0.02798017728,
        0.05533238528000001,
        0.02620117628,
        0.025949384279999998,
        0.02667000928,
        0.02617009328,
        0.02635755128,
        0.031218468279999998,
        0.02490300928,
        0.02851759328,
        0.02599634328,
        0.02713209328,
        0.02581230228,
        0.026942926279999998
      ],
      "memory_usage_byte": [
        11141120,
        11141120,
        11141120,
        11141120,
        11141120,
        11141120,
        11141120,
        11141120,
        11141120,
        11141120,
        11141120,
        11141120,
        11141120,
        11141120,
        11141120,
        11141120,
        11141120,
        11141120,
        11141120,
        11141120,
        11141120,
        11141120,
        11141120,
        11141120,
        11141120,
        11141120,
        11141120,
        11141120,
        11141120,
        11141120
      ],
      "exit_codes": [
        0,
        0,
        0,
        0,
        0,
        0,
        0,
        0,
        0,
        0,
        0,
        0,
        0,
        0,
        0,
        0,
        0,
        0,
        0,
        0,
        0,
        0,
        0,
        0,
        0,
        0,
        0,
        0,
        0,
        0
      ]
    },
    {
      "command": "LOGOS (release)",
      "mean": 0.02628125714666666,
      "stddev": 0.007744280494938456,
      "median": 0.02473730178,
      "user": 0.021410846666666664,
      "system": 0.0017112533333333328,
      "min": 0.02322634328,
      "max": 0.06694467728,
      "times": [
        0.02624038528,
        0.02431371828,
        0.02445484328,
        0.02519334328,
        0.02589188428,
        0.02530859328,
        0.02437901028,
        0.02539317628,
        0.02476101028,
        0.02666401028,
        0.024713593279999998,
        0.02729921828,
        0.02489467728,
        0.06694467728,
        0.02414921828,
        0.02458713428,
        0.024071968279999998,
        0.02322634328,
        0.02490817628,
        0.02373088528,
        0.02714580128,
        0.024837301279999998,
        0.02557959328,
        0.02463667628,
        0.02387250928,
        0.025254968279999998,
        0.02378925928,
        0.02429401028,
        0.02382180128,
        0.02407992728
      ],
      "memory_usage_byte": [
        12779520,
        12779520,
        12779520,
        12779520,
        12779520,
        12779520,
        12779520,
        12779520,
        12779520,
        12779520,
        12779520,
        12779520,
        12779520,
        12779520,
        12779520,
        12779520,
        12779520,
        12779520,
        12779520,
        12779520,
        12779520,
        12779520,
        12779520,
        12779520,
        12779520,
        12779520,
        12779520,
        12779520,
        12779520,
        12812288
      ],
      "exit_codes": [
        0,
        0,
        0,
        0,
        0,
        0,
        0,
        0,
        0,
        0,
        0,
        0,
        0,
        0,
        0,
        0,
        0,
        0,
        0,
        0,
        0,
        0,
        0,
        0,
        0,
        0,
        0,
        0,
        0,
        0
      ]
    }
  ]
}
