{
  "results": [
    {
      "command": "C",
      "mean": 1.5642725513599998,
      "stddev": 0.7461807867040484,
      "median": 1.21921663756,
      "user": 1.0240076066666666,
      "system": 0.026464533333333325,
      "min": 1.08935363806,
      "max": 3.69124080406,
      "times": [
        1.7086899710599999,
        3.0900773040600003,
        1.29803055406,
        1.11458726306,
        1.13740384506,
        1.19931505406,
        1.11650355406,
        1.10096813706,
        1.29619442906,
        3.2693563460600004,
        1.36345672006,
        1.3041730540599998,
        1.2404159290599999,
        1.21389013806,
        1.53405680406,
        3.69124080406,
        1.22454313706,
        1.08977630406,
        1.1012036380599999,
        1.1340886370599998,
        1.13659430406,
        1.12210630406,
        1.08935363806,
        1.92418747106,
        3.19774280406,
        1.70543776306,
        1.11259009606,
        1.12225492906,
        1.20888188706,
        2.0810557210600003
      ],
      "memory_usage_byte": [
        1933312,
        1933312,
        1933312,
        1933312,
        1933312,
        1933312,
        1933312,
        1933312,
        1933312,
        1933312,
        1933312,
        1933312,
        1933312,
        1933312,
        1933312,
        1933312,
        1933312,
        1933312,
        1933312,
        1933312,
        1933312,
        1933312,
        1933312,
        1933312,
        1933312,
        1933312,
        1933312,
        1933312,
        1933312,
        1933312
      ],
      "exit_codes": [
        0,
        0,
        0,
        0,
        0,
        0,
        0,
        0,
        0,
        0,
        0,
        0,
        0,
        0,
        0,
        0,
        0,
        0,
        0,
        0,
        0,
        0,
        0,
        0,
        0,
        0,
        0,
        0,
        0,
        0
      ]
    },
    {
      "command": "LOGOS (release)",
      "mean": 1.40969383466,
      "stddev": 0.6419549733860898,
      "median": 1.1716083670600002,
      "user": 0.9984885066666666,
      "system": 0.02342006666666667,
      "min": 0.9761664710600001,
      "max": 3.47885297006,
      "times": [
        1.23133522106,
        1.37186034506,
        1.18378738806,
        3.14095042906,
        1.21320751306,
        1.03890588806,
        0.9764155540600001,
        0.9761664710600001,
        0.9948884290600001,
        0.9814518460600001,
        1.05407488806,
        1.45428813706,
        1.11922126206,
        1.15942934606,
        1.1254961370599998,
        1.12351047006,
        1.1263502210599998,
        1.18752692906,
        2.55754180406,
        2.4246888870600003,
        1.18634442906,
        1.30970534506,
        1.18538467906,
        1.15312080406,
        1.0589226380599999,
        1.14984488706,
        3.47885297006,
        1.95503555406,
        1.21394297106,
        1.15856359606
      ],
      "memory_usage_byte": [
        4784128,
        4784128,
        4784128,
        4784128,
        4784128,
        4784128,
        4784128,
        4784128,
        4784128,
        4784128,
        4784128,
        4784128,
        4784128,
        4784128,
        4784128,
        4784128,
        4784128,
        4784128,
        4784128,
        4784128,
        4784128,
        4784128,
        4784128,
        4784128,
        4784128,
        4784128,
        4784128,
        4784128,
        4784128,
        4784128
      ],
      "exit_codes": [
        0,
        0,
        0,
        0,
        0,
        0,
        0,
        0,
        0,
        0,
        0,
        0,
        0,
        0,
        0,
        0,
        0,
        0,
        0,
        0,
        0,
        0,
        0,
        0,
        0,
        0,
        0,
        0,
        0,
        0
      ]
    }
  ]
}
