{
  "results": [
    {
      "command": "C",
      "mean": 0.9947871855933335,
      "stddev": 0.014496041593666192,
      "median": 0.99238592636,
      "user": 0.9733641066666666,
      "system": 0.004669686666666667,
      "min": 0.9768583428600001,
      "max": 1.02197517586,
      "times": [
        0.97868346786,
        0.98092934286,
        1.01344167586,
        0.98377380086,
        0.97998742586,
        0.98058442586,
        0.98109967586,
        0.97709275886,
        0.9768583428600001,
        0.98618692586,
        1.01635288386,
        0.98093609286,
        1.0151451338600002,
        1.02197517586,
        1.00239463386,
        0.97968705086,
        0.9955173418600001,
        1.00275005086,
        0.9867560508600001,
        1.00828517586,
        0.99904905086,
        1.0046762178600002,
        1.00687292586,
        1.02087767586,
        1.0024109678600002,
        0.99061096786,
        0.98786050886,
        0.99416088486,
        1.0081586338600002,
        0.9805003008600001
      ],
      "memory_usage_byte": [
        1802240,
        1802240,
        1802240,
        1802240,
        1802240,
        1802240,
        1802240,
        1802240,
        1802240,
        1802240,
        1802240,
        1802240,
        1802240,
        1802240,
        1802240,
        1802240,
        1802240,
        1802240,
        1802240,
        1802240,
        1802240,
        1802240,
        1802240,
        1802240,
        1802240,
        1802240,
        1802240,
        1802240,
        1802240,
        1802240
      ],
      "exit_codes": [
        0,
        0,
        0,
        0,
        0,
        0,
        0,
        0,
        0,
        0,
        0,
        0,
        0,
        0,
        0,
        0,
        0,
        0,
        0,
        0,
        0,
        0,
        0,
        0,
        0,
        0,
        0,
        0,
        0,
        0
      ]
    },
    {
      "command": "LOGOS (release)",
      "mean": 0.9792678537266666,
      "stddev": 0.020915047183321774,
      "median": 0.9722762383600001,
      "user": 0.9602133066666667,
      "system": 0.005797319999999999,
      "min": 0.95681442586,
      "max": 1.02803621786,
      "times": [
        0.96755005086,
        0.96742455086,
        0.99165292586,
        0.9629345098600001,
        0.95909913386,
        0.96025371786,
        0.96843021786,
        1.0190413418600002,
        1.0258533838600001,
        0.98020559286,
        0.98653075886,
        0.96819375986,
        1.02803621786,
        0.97913980086,
        0.97897113386,
        0.96728367586,
        0.9991814258599999,
        0.9609440098600001,
        0.95869425986,
        0.95681442586,
        0.95813596786,
        1.01838267586,
        0.96723038386,
        0.98547263486,
        0.9744874678600001,
        0.96589325886,
        0.9709318838600001,
        0.97566305086,
        1.00198280086,
        0.97362059286
      ],
      "memory_usage_byte": [
        4079616,
        4079616,
        4161536,
        4161536,
        4161536,
        4161536,
        4161536,
        4161536,
        4161536,
        4161536,
        4161536,
        4259840,
        4259840,
        4259840,
        4259840,
        4259840,
        4259840,
        4259840,
        4259840,
        4259840,
        4259840,
        4259840,
        4259840,
        4259840,
        4259840,
        4259840,
        4259840,
        4259840,
        4259840,
        4259840
      ],
      "exit_codes": [
        0,
        0,
        0,
        0,
        0,
        0,
        0,
        0,
        0,
        0,
        0,
        0,
        0,
        0,
        0,
        0,
        0,
        0,
        0,
        0,
        0,
        0,
        0,
        0,
        0,
        0,
        0,
        0,
        0,
        0
      ]
    }
  ]
}
