{
  "results": [
    {
      "command": "C",
      "mean": 0.006570320593333333,
      "stddev": 0.0068643192927756,
      "median": 0.00407816086,
      "user": 0.002573233333333334,
      "system": 0.0009339733333333331,
      "min": 0.00150132686,
      "max": 0.03136653586,
      "times": [
        0.00287003586,
        0.00895970186,
        0.02002695186,
        0.00509245186,
        0.0062511198599999995,
        0.014049619860000001,
        0.0033339528599999994,
        0.00408961886,
        0.00406670286,
        0.00499249486,
        0.0034293688600000004,
        0.0035434948599999995,
        0.003730494859999999,
        0.0046149938599999996,
        0.0029256188599999997,
        0.00298720186,
        0.0027713688599999998,
        0.004016952859999999,
        0.00541266086,
        0.004470701860000001,
        0.00357732786,
        0.0022417448600000004,
        0.02406995286,
        0.03136653586,
        0.00572457786,
        0.0038413688599999996,
        0.0036000358599999997,
        0.00537149386,
        0.004179744859999999,
        0.00150132686
      ],
      "memory_usage_byte": [
        2162688,
        2162688,
        2228224,
        2228224,
        2228224,
        2228224,
        2228224,
        2228224,
        2228224,
        2228224,
        2228224,
        2228224,
        2228224,
        2228224,
        2228224,
        2228224,
        2228224,
        2228224,
        2228224,
        2228224,
        2228224,
        2228224,
        2228224,
        2228224,
        2228224,
        2228224,
        2228224,
        2228224,
        2228224,
        2228224
      ],
      "exit_codes": [
        0,
        0,
        0,
        0,
        0,
        0,
        0,
        0,
        0,
        0,
        0,
        0,
        0,
        0,
        0,
        0,
        0,
        0,
        0,
        0,
        0,
        0,
        0,
        0,
        0,
        0,
        0,
        0,
        0,
        0
      ]
    },
    {
      "command": "LOGOS (release)",
      "mean": 0.06301749142666666,
      "stddev": 0.007800989418188536,
      "median": 0.05973407736,
      "user": 0.0582072,
      "system": 0.0016336066666666664,
      "min": 0.055883077860000005,
      "max": 0.08815986886000002,
      "times": [
        0.05719341086000001,
        0.06233653586000001,
        0.059840910860000006,
        0.07703453586,
        0.06504374386,
        0.07577478586,
        0.06861836886,
        0.06365532786,
        0.08815986886000002,
        0.06354666085999999,
        0.06347928586000001,
        0.06871328586,
        0.06041416086,
        0.05718403586,
        0.056615494860000004,
        0.058432452860000005,
        0.05973641086,
        0.05965645186000001,
        0.07768553586000002,
        0.05847378586000001,
        0.05965807686,
        0.05973174386,
        0.05809561986000001,
        0.06912403586000002,
        0.057280452860000004,
        0.058030660860000007,
        0.056825327860000004,
        0.05721666086,
        0.055883077860000005,
        0.05708403586
      ],
      "memory_usage_byte": [
        3964928,
        4046848,
        4046848,
        4046848,
        4046848,
        4046848,
        4046848,
        4063232,
        4063232,
        4063232,
        4063232,
        4063232,
        4063232,
        4063232,
        4063232,
        4063232,
        4063232,
        4063232,
        4063232,
        4063232,
        4063232,
        4063232,
        4063232,
        4063232,
        4063232,
        4063232,
        4063232,
        4063232,
        4063232,
        4063232
      ],
      "exit_codes": [
        0,
        0,
        0,
        0,
        0,
        0,
        0,
        0,
        0,
        0,
        0,
        0,
        0,
        0,
        0,
        0,
        0,
        0,
        0,
        0,
        0,
        0,
        0,
        0,
        0,
        0,
        0,
        0,
        0,
        0
      ]
    }
  ]
}
