{
  "results": [
    {
      "command": "C",
      "mean": 0.2513812638066667,
      "stddev": 0.018036417201064216,
      "median": 0.24654598344,
      "user": 0.23609036666666672,
      "system": 0.008517286666666667,
      "min": 0.23767864994000001,
      "max": 0.32980010794000003,
      "times": [
        0.24948877494,
        0.24158210794,
        0.23767864994000001,
        0.24906352494,
        0.25240685794,
        0.25928669194,
        0.24605427493999998,
        0.24770210794000003,
        0.25039435794,
        0.25528756694,
        0.24411760894,
        0.24837169194000003,
        0.24817823294000002,
        0.24418564994,
        0.24129669194,
        0.23866198294000002,
        0.24553385794,
        0.24221035794,
        0.24490327494000003,
        0.28640944194,
        0.24334131594,
        0.24703769194000003,
        0.24521973394000002,
        0.23985481594,
        0.27289631694,
        0.32980010794000003,
        0.23891431694,
        0.24198277494,
        0.26224973294,
        0.24732739994000003
      ],
      "memory_usage_byte": [
        73662464,
        73662464,
        73662464,
        73662464,
        73662464,
        73662464,
        73662464,
        73662464,
        73662464,
        73662464,
        73662464,
        73662464,
        73662464,
        73662464,
        73662464,
        73662464,
        73662464,
        73662464,
        73662464,
        73662464,
        73662464,
        73662464,
        73662464,
        73662464,
        73662464,
        73662464,
        73662464,
        73662464,
        73662464,
        73662464
      ],
      "exit_codes": [
        0,
        0,
        0,
        0,
        0,
        0,
        0,
        0,
        0,
        0,
        0,
        0,
        0,
        0,
        0,
        0,
        0,
        0,
        0,
        0,
        0,
        0,
        0,
        0,
        0,
        0,
        0,
        0,
        0,
        0
      ]
    },
    {
      "command": "LOGOS (release)",
      "mean": 0.11824695693999998,
      "stddev": 0.012738611547760206,
      "median": 0.11170654644,
      "user": 0.10509489999999998,
      "system": 0.00693202,
      "min": 0.10878523394,
      "max": 0.15560348394,
      "times": [
        0.11163335794000001,
        0.15560348394,
        0.13382452494,
        0.11073277494000001,
        0.10950673294,
        0.10878523394,
        0.11135360894000002,
        0.11281789994000001,
        0.11050098294,
        0.14326148394,
        0.10982423294000002,
        0.10947835794,
        0.14259814994,
        0.11176248394,
        0.11165060894,
        0.11759644194,
        0.11908323294,
        0.13974789994,
        0.10920906594000002,
        0.11973994194,
        0.10899752494,
        0.11009127494000001,
        0.11103031594000001,
        0.11339402494,
        0.11035314994,
        0.13564944194,
        0.11516185794000001,
        0.11600956694000002,
        0.11730923294000001,
        0.11070181694
      ],
      "memory_usage_byte": [
        73662464,
        73662464,
        73662464,
        73662464,
        73662464,
        73662464,
        73662464,
        73662464,
        73662464,
        73662464,
        73662464,
        73662464,
        73662464,
        73662464,
        73662464,
        73662464,
        73662464,
        73662464,
        73662464,
        73662464,
        73662464,
        73662464,
        73662464,
        73662464,
        73662464,
        73662464,
        73662464,
        73662464,
        73662464,
        73662464
      ],
      "exit_codes": [
        0,
        0,
        0,
        0,
        0,
        0,
        0,
        0,
        0,
        0,
        0,
        0,
        0,
        0,
        0,
        0,
        0,
        0,
        0,
        0,
        0,
        0,
        0,
        0,
        0,
        0,
        0,
        0,
        0,
        0
      ]
    }
  ]
}
