{
  "results": [
    {
      "command": "C",
      "mean": 0.10487728554666668,
      "stddev": 0.009175816981782136,
      "median": 0.10285724668000001,
      "user": 0.09544284000000001,
      "system": 0.005957193333333333,
      "min": 0.10080964318,
      "max": 0.14108739218000002,
      "times": [
        0.10206601818,
        0.10350689218,
        0.10139164218,
        0.10080964318,
        0.10129535118,
        0.10081051718,
        0.10155493418,
        0.10227222618000001,
        0.10291439318000001,
        0.10331051718,
        0.10216176718,
        0.13540097618000002,
        0.10140830918,
        0.10096822618,
        0.10331705918,
        0.10280010018,
        0.10593193418,
        0.10368164218,
        0.10323630918,
        0.10312672618,
        0.10312085018,
        0.10084801718,
        0.10249518418,
        0.10391826718,
        0.10156872618,
        0.10125230918,
        0.10324772518,
        0.10316905918000001,
        0.14108739218000002,
        0.10364585118
      ],
      "memory_usage_byte": [
        51167232,
        51167232,
        51167232,
        51167232,
        51167232,
        51167232,
        51167232,
        51167232,
        51167232,
        51167232,
        51167232,
        51167232,
        51167232,
        51167232,
        51167232,
        51167232,
        51167232,
        51167232,
        51167232,
        51167232,
        51167232,
        51167232,
        51167232,
        51167232,
        51167232,
        51167232,
        51167232,
        51167232,
        51167232,
        51167232
      ],
      "exit_codes": [
        0,
        0,
        0,
        0,
        0,
        0,
        0,
        0,
        0,
        0,
        0,
        0,
        0,
        0,
        0,
        0,
        0,
        0,
        0,
        0,
        0,
        0,
        0,
        0,
        0,
        0,
        0,
        0,
        0,
        0
      ]
    },
    {
      "command": "LOGOS (release)",
      "mean": 0.14513876474666668,
      "stddev": 0.011589972716364383,
      "median": 0.14001937168,
      "user": 0.12944003999999998,
      "system": 0.009117026666666667,
      "min": 0.13581076718,
      "max": 0.18313230918,
      "times": [
        0.13867747618,
        0.14178197518000002,
        0.15089851718000002,
        0.14882205918000002,
        0.15507526718000003,
        0.15175164318,
        0.15259085018000001,
        0.13969164218000002,
        0.13853789318,
        0.13581076718,
        0.13598072618,
        0.14662964318000002,
        0.13776714218000002,
        0.14088772618,
        0.13985860118000001,
        0.18313230918,
        0.13741564318000002,
        0.13847985118000003,
        0.13767230918,
        0.13962480918000003,
        0.14066610018000003,
        0.14019997618000002,
        0.15347555918000003,
        0.13602676718,
        0.13674910118000003,
        0.13704268418,
        0.13945105918000003,
        0.17330322618000002,
        0.14018014218000002,
        0.16598147518000003
      ],
      "memory_usage_byte": [
        86392832,
        86392832,
        86392832,
        86392832,
        86392832,
        86458368,
        86458368,
        86458368,
        86458368,
        86458368,
        86458368,
        86458368,
        86458368,
        86458368,
        86458368,
        86458368,
        86458368,
        86458368,
        86458368,
        86458368,
        86458368,
        86458368,
        86458368,
        86458368,
        86458368,
        86458368,
        86458368,
        86458368,
        86458368,
        86458368
      ],
      "exit_codes": [
        0,
        0,
        0,
        0,
        0,
        0,
        0,
        0,
        0,
        0,
        0,
        0,
        0,
        0,
        0,
        0,
        0,
        0,
        0,
        0,
        0,
        0,
        0,
        0,
        0,
        0,
        0,
        0,
        0,
        0
      ]
    }
  ]
}
