{
  "results": [
    {
      "command": "C",
      "mean": 0.027427724380000008,
      "stddev": 0.004795211541617575,
      "median": 0.026500817280000002,
      "user": 0.024620513333333333,
      "system": 0.0011505066666666665,
      "min": 0.025651816780000003,
      "max": 0.05251140078000001,
      "times": [
        0.025928859780000004,
        0.05251140078000001,
        0.02598265078,
        0.026640650780000004,
        0.026705900780000003,
        0.026787109780000002,
        0.026984150780000004,
        0.027112441780000003,
        0.026438316780000002,
        0.02919231778,
        0.025651816780000003,
        0.02589540078,
        0.02669040078,
        0.026067108780000004,
        0.026582316780000004,
        0.025687983780000003,
        0.02641227578,
        0.026090067780000004,
        0.02620102578,
        0.026176358780000002,
        0.026179567780000003,
        0.025979692780000004,
        0.026363317780000003,
        0.026322067780000003,
        0.02677819278,
        0.02660873378,
        0.02656331778,
        0.026658400780000004,
        0.02708398378,
        0.02855590078
      ],
      "memory_usage_byte": [
        4653056,
        4653056,
        4653056,
        4653056,
        4653056,
        4653056,
        4653056,
        4653056,
        4653056,
        4653056,
        4653056,
        4653056,
        4653056,
        4653056,
        4653056,
        4653056,
        4653056,
        4653056,
        4653056,
        4653056,
        4653056,
        4653056,
        4653056,
        4653056,
        4653056,
        4653056,
        4653056,
        4653056,
        4653056,
        4653056
      ],
      "exit_codes": [
        0,
        0,
        0,
        0,
        0,
        0,
        0,
        0,
        0,
        0,
        0,
        0,
        0,
        0,
        0,
        0,
        0,
        0,
        0,
        0,
        0,
        0,
        0,
        0,
        0,
        0,
        0,
        0,
        0,
        0
      ]
    },
    {
      "command": "LOGOS (release)",
      "mean": 0.014572382780000004,
      "stddev": 0.007477197043916548,
      "median": 0.013209338280000002,
      "user": 0.011182146666666667,
      "system": 0.0013389733333333334,
      "min": 0.012620983780000001,
      "max": 0.05412798378000001,
      "times": [
        0.013192900780000003,
        0.05412798378000001,
        0.01351690078,
        0.013906650780000002,
        0.012744609780000003,
        0.012620983780000001,
        0.013220817780000001,
        0.01290523378,
        0.013482609780000002,
        0.01317715078,
        0.01347656778,
        0.012810775780000002,
        0.01269644278,
        0.013338650780000003,
        0.013378066780000003,
        0.013214983780000002,
        0.013162775780000004,
        0.013315609780000001,
        0.013132525780000001,
        0.013252650780000003,
        0.013043900780000003,
        0.01306227578,
        0.013225817780000003,
        0.013126234780000003,
        0.012757984780000002,
        0.013586108780000002,
        0.013579608780000002,
        0.013203692780000002,
        0.013783691780000003,
        0.013127275780000003
      ],
      "memory_usage_byte": [
        6193152,
        6193152,
        6193152,
        6193152,
        6193152,
        6193152,
        6193152,
        6193152,
        6193152,
        6193152,
        6193152,
        6193152,
        6193152,
        6193152,
        6193152,
        6193152,
        6193152,
        6193152,
        6193152,
        6193152,
        6193152,
        6193152,
        6193152,
        6193152,
        6193152,
        6193152,
        6193152,
        6193152,
        6193152,
        6193152
      ],
      "exit_codes": [
        0,
        0,
        0,
        0,
        0,
        0,
        0,
        0,
        0,
        0,
        0,
        0,
        0,
        0,
        0,
        0,
        0,
        0,
        0,
        0,
        0,
        0,
        0,
        0,
        0,
        0,
        0,
        0,
        0,
        0
      ]
    }
  ]
}
