{
  "results": [
    {
      "command": "C",
      "mean": 0.6465243239199999,
      "stddev": 0.019713317765423555,
      "median": 0.64196111812,
      "user": 0.5185973666666666,
      "system": 0.11872168666666667,
      "min": 0.6289728061200001,
      "max": 0.7083899301200001,
      "times": [
        0.63700063912,
        0.6449990981200001,
        0.6334105561200001,
        0.6476376801200001,
        0.63405459712,
        0.66049072212,
        0.66587955612,
        0.6497683481200001,
        0.6547072221200001,
        0.62968205612,
        0.62981797212,
        0.63083830612,
        0.65072447312,
        0.65929513912,
        0.63078593112,
        0.6528371391200001,
        0.70715738912,
        0.63928880612,
        0.63732834812,
        0.62907547312,
        0.64478688912,
        0.6413628891200001,
        0.63006888912,
        0.6388700141200001,
        0.6438440551200001,
        0.6425593471200001,
        0.6289728061200001,
        0.63404176412,
        0.7083899301200001,
        0.6580536811200001
      ],
      "memory_usage_byte": [
        960282624,
        960282624,
        960282624,
        960282624,
        960282624,
        960282624,
        960282624,
        960282624,
        960282624,
        960282624,
        960282624,
        960282624,
        960282624,
        960282624,
        960282624,
        960282624,
        960282624,
        960282624,
        960282624,
        960282624,
        960331776,
        960331776,
        960331776,
        960331776,
        960331776,
        960331776,
        960331776,
        960331776,
        960331776,
        960331776
      ],
      "exit_codes": [
        0,
        0,
        0,
        0,
        0,
        0,
        0,
        0,
        0,
        0,
        0,
        0,
        0,
        0,
        0,
        0,
        0,
        0,
        0,
        0,
        0,
        0,
        0,
        0,
        0,
        0,
        0,
        0,
        0,
        0
      ]
    },
    {
      "command": "LOGOS (release)",
      "mean": 1.09927665862,
      "stddev": 0.10541480840849272,
      "median": 1.0717205351199999,
      "user": 0.9198737666666664,
      "system": 0.14974435333333333,
      "min": 1.00515763912,
      "max": 1.56999259712,
      "times": [
        1.02849568112,
        1.04979384712,
        1.02151255512,
        1.0872773891199998,
        1.09371318012,
        1.0435995141199998,
        1.0488544311199999,
        1.03290972312,
        1.0276397231199998,
        1.0648515971199999,
        1.05854447212,
        1.07444888912,
        1.10698413912,
        1.56999259712,
        1.00515763912,
        1.0472075561199998,
        1.0599048061199998,
        1.07512226412,
        1.04474234812,
        1.0689921811199998,
        1.17696630612,
        1.1360080561199999,
        1.2503742221199998,
        1.18538493112,
        1.18192684812,
        1.1501113891199999,
        1.07689784712,
        1.0818078061199998,
        1.07944368012,
        1.04963413912
      ],
      "memory_usage_byte": [
        1153875968,
        1153892352,
        1153892352,
        1153892352,
        1153892352,
        1153892352,
        1153892352,
        1153892352,
        1153892352,
        1153892352,
        1153892352,
        1153892352,
        1153892352,
        1153892352,
        1153892352,
        1153892352,
        1153892352,
        1153892352,
        1153892352,
        1153892352,
        1153892352,
        1153892352,
        1153892352,
        1153892352,
        1153892352,
        1153892352,
        1153892352,
        1153892352,
        1153892352,
        1153892352
      ],
      "exit_codes": [
        0,
        0,
        0,
        0,
        0,
        0,
        0,
        0,
        0,
        0,
        0,
        0,
        0,
        0,
        0,
        0,
        0,
        0,
        0,
        0,
        0,
        0,
        0,
        0,
        0,
        0,
        0,
        0,
        0,
        0
      ]
    }
  ]
}
