{
  "results": [
    {
      "command": "C",
      "mean": 0.001512079173333333,
      "stddev": 0.0003769186419898847,
      "median": 0.00151166264,
      "user": 0.0011276999999999997,
      "system": 0.0007850199999999998,
      "min": 0.0006568086400000001,
      "max": 0.0023470166400000004,
      "times": [
        0.0016352246400000003,
        0.00177718364,
        0.0023470166400000004,
        0.0015376836399999998,
        0.0015563506399999998,
        0.0012804326399999998,
        0.00207893364,
        0.0012704746399999998,
        0.00131855864,
        0.00227464164,
        0.00139776664,
        0.00145230764,
        0.00155955864,
        0.0016352666399999998,
        0.0010873496399999997,
        0.0017496836400000002,
        0.00117926664,
        0.0018900166400000005,
        0.00184405864,
        0.0017432666400000003,
        0.00130743264,
        0.0006568086400000001,
        0.0017475166400000002,
        0.0014856416400000003,
        0.0013583506400000004,
        0.0013589326400000002,
        0.0009635586399999998,
        0.00170489164,
        0.0011524336400000005,
        0.00101176664
      ],
      "memory_usage_byte": [
        6324224,
        6324224,
        6324224,
        6324224,
        6324224,
        6324224,
        6324224,
        6324224,
        6324224,
        6324224,
        6324224,
        6324224,
        6324224,
        6324224,
        6324224,
        6324224,
        6324224,
        6324224,
        6324224,
        6324224,
        6324224,
        6324224,
        6324224,
        6324224,
        6324224,
        6324224,
        6324224,
        6324224,
        6324224,
        6324224
      ],
      "exit_codes": [
        0,
        0,
        0,
        0,
        0,
        0,
        0,
        0,
        0,
        0,
        0,
        0,
        0,
        0,
        0,
        0,
        0,
        0,
        0,
        0,
        0,
        0,
        0,
        0,
        0,
        0,
        0,
        0,
        0,
        0
      ]
    },
    {
      "command": "LOGOS (release)",
      "mean": 0.003613133373333333,
      "stddev": 0.0012005227008000893,
      "median": 0.00342949614,
      "user": 0.002755933333333333,
      "system": 0.000975186666666666,
      "min": 0.00240009964,
      "max": 0.009485058640000002,
      "times": [
        0.0026891836400000004,
        0.0031477246399999994,
        0.0024492666400000003,
        0.003862682640000001,
        0.009485058640000002,
        0.003674974640000001,
        0.00337164164,
        0.0031469746400000003,
        0.00375597564,
        0.0033924336400000003,
        0.003818974640000001,
        0.00240009964,
        0.00321226664,
        0.00310930864,
        0.003802891640000001,
        0.00349839164,
        0.00342835064,
        0.0028261836400000004,
        0.0032631416400000007,
        0.0031785166399999993,
        0.00343064164,
        0.004280725640000001,
        0.00412510064,
        0.0038043916400000008,
        0.004142516640000001,
        0.0031997666399999998,
        0.00351226664,
        0.0034566836400000004,
        0.0038036836400000005,
        0.0031241826399999997
      ],
      "memory_usage_byte": [
        6324224,
        6324224,
        6324224,
        6324224,
        6324224,
        6324224,
        6324224,
        6324224,
        6324224,
        6324224,
        6324224,
        6324224,
        6324224,
        6324224,
        6324224,
        6324224,
        6324224,
        6324224,
        6324224,
        6324224,
        6324224,
        6324224,
        6324224,
        6324224,
        6324224,
        6324224,
        6324224,
        6324224,
        6324224,
        6324224
      ],
      "exit_codes": [
        0,
        0,
        0,
        0,
        0,
        0,
        0,
        0,
        0,
        0,
        0,
        0,
        0,
        0,
        0,
        0,
        0,
        0,
        0,
        0,
        0,
        0,
        0,
        0,
        0,
        0,
        0,
        0,
        0,
        0
      ]
    }
  ]
}
